Subject	Phase	Freq_1.0Hz	Freq_1.5Hz	Freq_2.0Hz	Freq_2.5Hz	Freq_3.0Hz	Freq_3.5Hz	Freq_4.0Hz	Freq_4.5Hz	Freq_5.0Hz	Freq_5.5Hz	Freq_6.0Hz	Freq_6.5Hz	Freq_7.0Hz	Freq_7.5Hz	Freq_8.0Hz	Freq_8.5Hz	Freq_9.0Hz	Freq_9.5Hz	Freq_10.0Hz	Freq_10.5Hz	Freq_11.0Hz	Freq_11.5Hz	Freq_12.0Hz	Freq_12.5Hz	Freq_13.0Hz	Freq_13.5Hz	Freq_14.0Hz	Freq_14.5Hz	Freq_15.0Hz	Freq_15.5Hz	Freq_16.0Hz	Freq_16.5Hz	Freq_17.0Hz	Freq_17.5Hz	Freq_18.0Hz	Freq_18.5Hz	Freq_19.0Hz	Freq_19.5Hz	Freq_20.0Hz	Freq_20.5Hz	Freq_21.0Hz	Freq_21.5Hz	Freq_22.0Hz	Freq_22.5Hz	Freq_23.0Hz	Freq_23.5Hz	Freq_24.0Hz	Freq_24.5Hz	Freq_25.0Hz	Freq_25.5Hz	Freq_26.0Hz	Freq_26.5Hz	Freq_27.0Hz	Freq_27.5Hz	Freq_28.0Hz	Freq_28.5Hz	Freq_29.0Hz	Freq_29.5Hz	Freq_30.0Hz	Freq_30.5Hz	Freq_31.0Hz	Freq_31.5Hz	Freq_32.0Hz	Freq_32.5Hz	Freq_33.0Hz	Freq_33.5Hz	Freq_34.0Hz	Freq_34.5Hz	Freq_35.0Hz	Freq_35.5Hz	Freq_36.0Hz	Freq_36.5Hz	Freq_37.0Hz	Freq_37.5Hz	Freq_38.0Hz	Freq_38.5Hz	Freq_39.0Hz	Freq_39.5Hz	Freq_40.0Hz
CC120049	p2	0.045717403618056124	0.043113090843743984	0.03580853970751788	0.031073353256380717	0.026480617029435664	0.021841912447632394	0.01913433394160494	0.01889464531602115	0.020341750652807092	0.023435273977838473	0.028762204848261887	0.03644819333827454	0.04444808984071386	0.050402942046959234	0.05596772804690036	0.07534785539766671	0.1517072023281261	0.27753210354548347	0.3096446724223767	0.19862639750314665	0.08881351911977332	0.04690032255697893	0.03074098751235613	0.020863150680619648	0.01619739467068493	0.013748208536757827	0.012167852026118345	0.01120521740569494	0.010642380143999075	0.010482751155193577	0.01056732502626179	0.010738914139616048	0.010783856349790363	0.01055594222789635	0.010537389542184711	0.011892322931086963	0.015384858095174234	0.018679779025323487	0.017714014375163026	0.013154350752412731	0.009313289821526695	0.007871050198188585	0.007450362840804738	0.00670140810728451	0.006054123431296998	0.005492167157193088	0.005000633708905885	0.004461269559918243	0.004105095039501371	0.0038734324454203295	0.0037223604750476684	0.0035986724208038594	0.003437861792867008	0.0032316373104220824	0.0030653501879865774	0.0030418021185231923	0.003140418436643521	0.003123926296797875	0.002772128981238683	0.0022274383012983612	0.0017875295631940159	0.0015481831701094986	0.001429356938543432	0.0013565567571397694	0.0013003211600406597	0.0012555676982392064	0.0012230557519528876	0.0012050569097226567	0.0012017437984392749	0.001205987187529762	0.0012082248062864293	0.0012183640676378606	0.0012422211811903984	0.0012766725267168869	0.001322378714977844	0.0013774206693842731	0.0014201704170203242	0.0014183976768213631	0.001356435600756247
CC120049	p5	0.039224544764096925	0.02780261114144667	0.021747168689571824	0.01927207737460433	0.01811069902035518	0.01486526599831994	0.013425583796191009	0.014171001805314934	0.016050289763605848	0.018305716985377363	0.022759185676816878	0.028889283887244835	0.0365354554228934	0.03831843223421164	0.044283041102528786	0.05683639032259776	0.10691202217364813	0.32407094378252355	0.4547381569963351	0.1803417595639415	0.08139784098797258	0.04516586790170826	0.025147042328368577	0.02135084848435629	0.01922038281627366	0.015230960336923187	0.013042813628998612	0.012104075732209422	0.011492027164148953	0.011526446447658864	0.011881912996592957	0.012212904844654648	0.012591417606957757	0.012554569396978769	0.012119310334535251	0.012565930197626581	0.01632062284782172	0.022094086259783992	0.021252467176843225	0.01436293332074305	0.011166969181371689	0.010321625200815329	0.008321791893106356	0.007218176940421403	0.006288468803071599	0.005501628097878152	0.004820477580733065	0.004292304218937628	0.004031676636460158	0.0038066315939360423	0.003677620943896926	0.0034064252992755	0.0032526160680292674	0.0031299501340654426	0.0029680646593396834	0.00297953731919086	0.0031216244971761127	0.0031977675635358523	0.0027863285001457783	0.0022650141099428795	0.0017867007863423747	0.00154831592119469	0.0014055509163677156	0.001311284702339892	0.0012319167667714695	0.0011579301975212597	0.0011109335476782599	0.0010610789096867454	0.0010592810009456422	0.0010235772464376057	0.0010293124789290701	0.001074746076011509	0.0011009001365538918	0.001156309833286318	0.0012189302155855269	0.0012703066115806656	0.0012983240258969313	0.0013111104956979138	0.0012139439182189344
CC120065	p2	0.09648963965783149	0.05411910117330899	0.03677163869240842	0.0299809301012794	0.026748333318337616	0.024916082458294565	0.024016019673065114	0.023458138413699803	0.023933175136870585	0.02495835915066912	0.023048531976742875	0.022276001202146137	0.021998744258875734	0.0230355271781942	0.024155339013035328	0.02814269983048321	0.034082134211278814	0.05237490082296049	0.11180455371318641	0.18609385201376133	0.1528809997147622	0.13729014324004943	0.15092770432560315	0.1161847107791025	0.07449107013270033	0.045970054265503636	0.030924571779162257	0.022768890183510082	0.01855341490785516	0.01654665126936186	0.015321799644143347	0.015122388321935973	0.014395192961814024	0.013407931924576552	0.013513532996614409	0.01289243142837996	0.012884698292196706	0.01284423392011255	0.013347406707744494	0.014571506229610835	0.0161422377834827	0.015441710623584076	0.013668996680871154	0.012876807796949132	0.012164219290905016	0.011521225172435564	0.01101069012431665	0.01028139639494544	0.009762075293312772	0.009079241241570436	0.007982384525092423	0.007197315286143847	0.006698162150278794	0.006430004722227321	0.00604196706904305	0.005422679760075822	0.005001688007871488	0.004722818968246793	0.004794653150746609	0.004634619067097627	0.004224991005361442	0.003927751871671355	0.0036120638887945566	0.003532033758752915	0.00346524812685587	0.0033013479058389542	0.0032030688355340117	0.0032661947418077476	0.0033571608099802804	0.003437684892611704	0.0035750065956134977	0.0037916636680031595	0.0039842245852930586	0.004103295216327908	0.004118505503247335	0.004188910921882905	0.004406665876573499	0.004464264818031812	0.004333617352735187
CC120065	p5	0.07633010194311593	0.04511361282111404	0.03256750394183566	0.027544705637569306	0.02469846941647886	0.023729867547237375	0.022539227242684735	0.023261724751510223	0.025730052932368793	0.023675806620472556	0.02161004195450555	0.02081499166380703	0.021044245926440303	0.021531247952517676	0.024076763725129294	0.02883728028781102	0.039466098941160134	0.08723723311419028	0.21660897452612143	0.21295413666482796	0.1395927255583578	0.13415053034465407	0.11537837555718582	0.0772100438654785	0.04985062513745784	0.03414804156931846	0.02605551267942042	0.02295324262787625	0.020204216221529167	0.017743485517490755	0.01702656381310792	0.016940784718479193	0.015966970880984997	0.014997337545851822	0.01424778349764044	0.013397720945987561	0.013386220389776117	0.015471560870790383	0.017345026922640533	0.017147791667646767	0.015590149989499466	0.013904414156767297	0.013284608392752082	0.01235180615963566	0.011534462836472425	0.010815285890360939	0.010158980999846965	0.009280178359831037	0.008378632975391131	0.007740698940072385	0.007242432593332557	0.0065579600906340695	0.006159830084435359	0.005822649973081955	0.005368840691059449	0.004955921988549021	0.004707874312367328	0.004530233279952973	0.00414137635158598	0.003928310632394374	0.0035949541430798137	0.0034142906890860802	0.003187761153373268	0.002992258883575589	0.0028153429629862985	0.0028567021225481388	0.0027980710874478567	0.002755508111201131	0.002868719741087796	0.002892278081670105	0.002984835122139869	0.0031156871957949395	0.0032199569786751274	0.0033905302743779827	0.003564059214860022	0.0035616380920863036	0.003563329487939905	0.0037028402984673327	0.0036899813811307612
CC120218	p2	0.16313918380464598	0.08647904109177991	0.056057326689666946	0.042398062842383386	0.035495006922032946	0.03222098918963828	0.03014564927437816	0.028645678763998095	0.029575862524831884	0.0309050059735367	0.02809003537523964	0.026748183033519578	0.026288519214045073	0.026313245792598732	0.027862153148015503	0.02970892194771103	0.035096644705444796	0.04325143024188824	0.06937457053481061	0.14730580335531215	0.1317065959869156	0.05826643226526793	0.031270243040662137	0.02577756769483958	0.023212273935437854	0.020107401706801076	0.018917376707334944	0.017490193512005314	0.018089210033941986	0.018945536147267912	0.019552130355153928	0.01873149433124457	0.017641444800792057	0.018030839787315248	0.018989618237087363	0.02034423277334583	0.021156013603370105	0.020432461219506773	0.021231662490847545	0.02332833552443956	0.02645765012835974	0.026930417764725635	0.022667900324215316	0.021295857290212897	0.020090479511626038	0.019025988738787775	0.018064802788201266	0.018268011731144562	0.017334305249445084	0.01713108249490636	0.016278763385471698	0.016158986347186297	0.015764627238151564	0.01458511538070667	0.013635157154394725	0.012666023085752513	0.011588084703583341	0.010977814204087317	0.010646398431261084	0.010199981010049956	0.00998109251503173	0.009148267063776026	0.009232672227991784	0.009002362429333359	0.008895623919725553	0.008601883242567264	0.008492435858236095	0.008711085652755938	0.00887676405161957	0.009044434859473852	0.00984321465715082	0.010349475914877958	0.010596416877734249	0.010731037441864101	0.010923484911085328	0.011436295276108928	0.011730697815465749	0.012020399098310755	0.011724245095779356
CC120218	p5	0.132513603174856	0.0746642055087244	0.049778384444755755	0.03793853801708805	0.033085809588548766	0.03197438043419678	0.030377115024577055	0.030602174563373736	0.032702495170839216	0.033938703394590715	0.03060861084867095	0.02831828093736342	0.02648572354840117	0.026768422065727656	0.027545666201444673	0.029197999052825916	0.031130291924108582	0.03577854377739055	0.07682001203514537	0.15660220166966432	0.11037888281976234	0.04187296698399624	0.02633462797805215	0.022405353273810612	0.02136094911077116	0.019761873851533395	0.018308401756893328	0.017755825059355853	0.017873731135749235	0.018266881373578486	0.018956864686790902	0.0190621459000083	0.02038310891020814	0.02191257618775864	0.023240592419486696	0.023730216689196393	0.025048627136599423	0.02633789788080779	0.026617614130541756	0.028374240649081197	0.030926372471251174	0.03186631619161927	0.026851827013137295	0.025294439306512324	0.023944136871110293	0.022765993691326265	0.02158937498696897	0.021062126775405164	0.020171873900184118	0.019452003864398312	0.01874159928020394	0.018092521357298268	0.017011153059531534	0.01663785406978069	0.0156346287152555	0.014715699290877531	0.013764410433000397	0.012747122830663987	0.012034750648208959	0.011284044338417086	0.01104860466908795	0.010792332997137714	0.009933768207458603	0.009200649551867118	0.008826635177307205	0.008206772128926029	0.007932366298607786	0.007868556750509416	0.008081766934999754	0.008078143286632845	0.008257358719712173	0.008383160477000974	0.008905820113646256	0.009279034068112441	0.009413344976243515	0.00919040241944681	0.009347393230008095	0.00956018707946787	0.009095432179659524
CC120470	p2	0.2360770751400311	0.167274237743148	0.12884600924411863	0.10365038348772684	0.09451280874045068	0.08976098145761909	0.076637155731586	0.07039038575211656	0.0677590131310686	0.06356614845373898	0.060741295977307465	0.059076681778464916	0.06612441224747237	0.07465818358396906	0.07909349128097812	0.07471551487290949	0.06586042858153021	0.05892603002864801	0.05775943068077079	0.04801190325424672	0.033454318625921665	0.0248364022085112	0.02085356632027705	0.018691805577682394	0.016320362708264483	0.015208934155231531	0.014722271377699212	0.014226862781075942	0.013021990085318489	0.012345466340813037	0.0112029609775237	0.009550756451352976	0.008483474270443436	0.00798909432317499	0.0072409545298679975	0.006910423947312324	0.006574813738071617	0.006236901518118456	0.006102854536056418	0.005806012011027754	0.005574581389168087	0.005299790171529161	0.005133303204938784	0.004947777625242141	0.004774747001233251	0.004613081643417226	0.004466077791589092	0.00427581864883138	0.004566276115453548	0.004331093946994559	0.004084118219072943	0.003941378213184263	0.0036061106568459813	0.0036334691979729825	0.0037837081908089487	0.00317275943086056	0.0027546897028209905	0.0024823301598676253	0.0022731037382299805	0.0020778689991539107	0.0019364130967600374	0.0018135736023666294	0.0017431365046723965	0.0017635754313608898	0.0017557817172660875	0.0016777841861898306	0.0016304686617897527	0.0016476741098680734	0.0017102118275185577	0.0017506306102025389	0.0018359463056372121	0.001922470301841597	0.001959441799848233	0.002024791064894563	0.002062449787185497	0.002175912370328163	0.002235509341939863	0.0022495355151371525	0.0022586992726927892
CC120470	p5	0.16311692976211647	0.12201336003998323	0.09474786879273216	0.08293762087772989	0.07324565633944753	0.06690181454226926	0.06270483264291582	0.05731436126062901	0.05590199780137587	0.055319652060654555	0.054428795606785534	0.05435814491286369	0.06335683997838569	0.08422101140243976	0.09846134663115547	0.0941865693319541	0.08910926303062316	0.08652713285401181	0.0778276809715935	0.0600086935749178	0.04087450827013918	0.029649408783936786	0.023670511946577925	0.020410699740745136	0.017835403532377583	0.016178222848241525	0.01538050125350169	0.014777326438816763	0.013920131732997998	0.013311562171788166	0.012255049921241233	0.01171658128869244	0.010895005679551213	0.010125920174196121	0.00940653500262198	0.008829936047898144	0.008377787210470514	0.008346793282047748	0.008103028607906564	0.007742375397166698	0.007394381333451571	0.007252419703649569	0.007226640078660689	0.0071176490118920015	0.007014663287265339	0.006917253401423651	0.006721745882346009	0.006405936938961632	0.00627321580637523	0.006123207420628819	0.0058979254279535424	0.005546303240416451	0.005336301399165143	0.005172486242733429	0.0048653544520341095	0.004558081035030839	0.004255520223366449	0.004057549151918594	0.003747607030047047	0.0035293045681552477	0.003512845577180144	0.0034265341394580907	0.0032601629617861616	0.0031075922063923114	0.003034518441570335	0.0030267353753103345	0.003156314288395771	0.0030654402329629215	0.0032388110718414086	0.003340571602651766	0.0034690102358710785	0.003657397725645612	0.003963359833011998	0.004197152888171859	0.004310000907649901	0.00444725132823801	0.004479436082671755	0.004659383726333843	0.0045910777498792636
CC120640	p2	0.1774613071237526	0.09231933271487433	0.06057947755912328	0.04989214695823488	0.044067579105496135	0.036810543732760506	0.03681950594553812	0.03490104814085959	0.033753017781423256	0.033517007770879625	0.031757738506173354	0.03154626234261298	0.03376825487005441	0.0361774571083604	0.0428542854713297	0.05522669813940193	0.08290043122491549	0.11833757326911429	0.13153556911724015	0.11096530123962825	0.08226909208362522	0.056167683915358466	0.04461215095872724	0.03552244492720056	0.027823624910116036	0.02370945988982332	0.022092447248865683	0.02082212865439262	0.019601002227762107	0.017950712814444363	0.01655287774767264	0.015746451580681414	0.015295318228053066	0.014459684852246612	0.014077798608139241	0.01365481337324063	0.013333270645681725	0.012971385453262206	0.012700705062924086	0.012630087485812168	0.012746395209702976	0.01242582801280848	0.012520134380062992	0.012519934377990698	0.01254013571236252	0.01257962984917289	0.012473127864134279	0.012999352303634954	0.01360331899025742	0.01428291512949938	0.014551688313876182	0.014086020863087051	0.013067615459756257	0.01212630433755556	0.011134620265517332	0.010120802400009607	0.009059939741005399	0.0077570956470425214	0.006871477238658396	0.005942314430534962	0.005511393878430143	0.005036707708345962	0.004576873074857421	0.00426319578129462	0.003961671412198312	0.00394330445387954	0.0039903373849913305	0.004007708886934056	0.004113284922021945	0.004352500201679994	0.004597123670936821	0.004749073070687141	0.004928274289187275	0.005193263471291918	0.005423781737577972	0.00546654376865085	0.005616652548701149	0.005571722689280756	0.005669822588913946
CC120640	p5	0.10521103182964006	0.06302451310212259	0.04479785863805683	0.03640210402080172	0.03409829423184655	0.02893622475146254	0.026809604062574936	0.026908314930823046	0.02725066156428396	0.026888412219631074	0.027152826326544283	0.028522929752281028	0.03145769791899562	0.037235271046837486	0.04798858022912135	0.07092651839408397	0.10097424386148604	0.1290887887040219	0.12812479580463762	0.10210802381410565	0.07009021596135158	0.05253111417258111	0.042972080631387605	0.03731683059795282	0.03202777872335184	0.02965192528326123	0.026940810626685383	0.024927176889604493	0.022879196201767635	0.02106775310864094	0.019549228747338446	0.017657809356690257	0.016728697705031242	0.016394033930356836	0.015556930118702026	0.014750072391335174	0.014328337077248884	0.014064190328493755	0.013952003715253326	0.013174615836557753	0.012715707864071266	0.012629081764254002	0.013379846006983265	0.013705833568796252	0.014055409112487347	0.014428703610948189	0.014459183656295836	0.015118378477253693	0.015879950987454563	0.01704187900212132	0.018226561179951178	0.017841322770292944	0.017921896134372912	0.016906794380016903	0.015819106505772382	0.014040649281436213	0.012013705589490498	0.010132864587598869	0.00882909267890146	0.007896564425512021	0.007025544126983836	0.006542824020842988	0.006166686048748976	0.005898936014405886	0.005616453228882481	0.005647797506924761	0.0057679633759061604	0.005986703776254223	0.00618255189874461	0.006386262110440345	0.006810055779294407	0.007280960607291208	0.007522596829482632	0.007839243857054612	0.008095260918667815	0.00840938235068294	0.00860193139443504	0.008852391666179274	0.00892388442527231
CC120795	p2	0.07933048511952254	0.05022464373505315	0.038916669461870786	0.03375141676635081	0.03003618967301331	0.028874266984927566	0.02910365335951038	0.029753991809525464	0.03239240744549696	0.03391817482347166	0.03571731340586077	0.04180890173704041	0.04669059694281116	0.05787787855304756	0.08112989984158278	0.11764406146375891	0.13536711553002306	0.18460621253182688	0.23930461492181174	0.16308011107658385	0.07428861973475966	0.03435747253357259	0.02029034534382983	0.016082989820427503	0.01415205576499777	0.01280402251278321	0.012306357946907933	0.012257685089337859	0.01263659683623145	0.012254241767383245	0.012388877299096629	0.01230437833170807	0.012778828934642274	0.012654200072935662	0.012659405585995175	0.01290873934647363	0.014323440780412982	0.015684604191283265	0.016538081709599903	0.014873387757369514	0.012442902572259518	0.010674728471652748	0.010474442391785108	0.009681967382912892	0.00900118223225133	0.00841265657974492	0.007923868044736476	0.007567276372249307	0.007545136624491142	0.0076305169852160315	0.006943105716101174	0.006452421369691166	0.006287795461565461	0.007003366448892429	0.008440185389450796	0.007834837828226849	0.005739759878310245	0.004190229792236608	0.0035045856662596375	0.0031815658044116366	0.00278162607830703	0.002500950871738521	0.002251767195556594	0.0020183745280982295	0.0019727140280272914	0.0018991669273779148	0.00182765148185648	0.0018523474685072322	0.0018975324106527904	0.001890816066400688	0.0020317553071542626	0.0020861909930925513	0.002140737324243773	0.0022880944257069546	0.0023884572845919304	0.0024582989292266334	0.0025403004706882303	0.00258098840054646	0.0025040096254096084
CC120795	p5	0.06058529038879833	0.04218117701010003	0.035911447395439625	0.03307575041481297	0.03147792782582731	0.031315366544306916	0.032290085628529024	0.03291474725263628	0.033601016351324876	0.03527296917183191	0.038730414452828994	0.043403098165844985	0.04810526982330547	0.060433623152340195	0.08613903811542269	0.10731617542190226	0.14892110514178136	0.2439832739197732	0.23552716953496622	0.12203532486050275	0.0548671944538765	0.028203820926703677	0.020131632656923776	0.01655507260928666	0.015138842645464069	0.0140453977616436	0.014032218580606229	0.013530464284353257	0.01335323376800894	0.013035369484510397	0.013280508468409792	0.013031165290143372	0.01310732286222891	0.013675522184401623	0.01476095538851276	0.016579430693343417	0.01824802520539399	0.017852824192728437	0.01597361968575919	0.013552304829245411	0.011139388388889867	0.009172818787147784	0.009788557449900493	0.00927386861646326	0.008839301199368772	0.008472832825732218	0.008119138168747982	0.007535758625688604	0.007476342960704987	0.0072256805939853504	0.006992996427897568	0.006695996070604868	0.0062672626545808175	0.006466666316546542	0.006281195661242906	0.005255319984631723	0.004370705263170068	0.0037042889731669446	0.003260227654567021	0.002792158034891919	0.0024644559023813775	0.0021193890303604765	0.0019195618453485082	0.0017749465548735563	0.0016617557377668673	0.0016030731554043274	0.0015942462168762304	0.0016001997196184825	0.0016188662080377663	0.0016849552910803364	0.0017886185333949077	0.001849597755334167	0.001882252262333567	0.001974861698035289	0.002025252956960083	0.0020940613021051932	0.0021693999208083777	0.002117280766904634	0.002088338270051665
CC121428	p2	0.16440847010804238	0.0853485670237369	0.06143567555768854	0.0467442125336705	0.03992079053300236	0.03562128115229411	0.034113431984343454	0.034289013829798064	0.03315836443340409	0.033546626952114696	0.03177837168879858	0.03098376317153956	0.028875787391796026	0.02791619396566083	0.028170373363733753	0.03085177444821795	0.0374761718518021	0.05454527914704727	0.08708684706105542	0.12451660374028208	0.13325651470984917	0.1404743177483907	0.11753117579686005	0.0758829117766766	0.04603320432318454	0.03070236251559209	0.023444445373527	0.020057375578957804	0.01781134086268044	0.01610085137603544	0.014924054740735817	0.01454376923210202	0.013756611137002581	0.013019913989401702	0.013031608362637203	0.012781834731790395	0.013091402174976815	0.013228509060788035	0.014487343206887238	0.015570092816787886	0.01574474936535291	0.014931320003075833	0.013720122995164286	0.013011118829361762	0.012384808476486457	0.01182794665406948	0.01129098654343191	0.01035132914564349	0.009663795744387648	0.011265155520393755	0.009889609191686176	0.008118613089183756	0.00756082123741229	0.006937768841080019	0.006413347794850167	0.006151992877163183	0.0057740505038493635	0.0055537414060369454	0.005257548078717927	0.005048942389115646	0.004906185104583448	0.004629037993044464	0.004384128301814374	0.004148999857982815	0.003994996214512025	0.003929484497289387	0.003886293310855924	0.003980167316072248	0.004104019795658952	0.00410268473433659	0.004200788212899238	0.004291618046175912	0.004432087883939732	0.004510718762304511	0.004595955645544835	0.004763266326645049	0.0048003375470896505	0.004740838437251647	0.004775237853329963
CC121428	p5	0.11433528948663771	0.06217470436907765	0.04553124740192916	0.034643460842200276	0.030621766472187232	0.02848314600638205	0.027570348860878013	0.02808742122446734	0.02783519775453061	0.0266636515540514	0.025291748198079056	0.02505462580423904	0.025267830780326062	0.025790515661717597	0.026615669427397046	0.03195485155718248	0.04852418361633284	0.09144709763969092	0.13354525919232002	0.1723931427262871	0.2008984784838912	0.14853794565665793	0.08496025065485914	0.04856683498540447	0.029820126704067147	0.02262899879588037	0.02022819435978055	0.017975301456214194	0.016294125773613933	0.015293969476944367	0.014652372842327455	0.0138444088862508	0.013408659705490811	0.013089582554090323	0.01284056274184457	0.013354606237993508	0.014544725450171481	0.015569347810087144	0.016266496969841636	0.016130370399950807	0.01566286058792067	0.015549816739098325	0.01361436694287185	0.012714837773190305	0.011913651384425683	0.011197461052631096	0.010530135613953629	0.009464937130155712	0.00891463203645462	0.008368599173970342	0.008218733238037337	0.007952820909806873	0.0077091981804986885	0.007467133132230446	0.007430767032955773	0.007477087708405479	0.007398313823502312	0.007124165757294274	0.0066314325693909585	0.006335205226374208	0.005913320584683048	0.005634669709161855	0.005190260098783111	0.004674937478495774	0.00437826374433257	0.0041495983839196365	0.004034184184012856	0.004095221372073419	0.0038872203451643388	0.003881847318923483	0.004050241507834828	0.004193907157767941	0.004364827509143143	0.004569881282800646	0.004676776987013909	0.004763760875486208	0.0048792369659076615	0.004960739271848342	0.004912150863042967
CC210023	p2	0.1942017985407746	0.09904943978554741	0.061200464666085724	0.047915139512344745	0.041473919659595106	0.03688361839355423	0.035290213820724343	0.03472977091143976	0.03454517677616822	0.031214337299152357	0.029869527616129696	0.02868493995725518	0.027342150170498694	0.02803832816054355	0.02673686506136698	0.0244481917636773	0.02502434659862057	0.02565134003098772	0.026821369526973494	0.030128192486671732	0.03333395083245016	0.03354322230062597	0.032959185166353766	0.030745783885874976	0.029231336399191572	0.027238924891798605	0.02670587888984474	0.02683207254120709	0.02723497346841883	0.026948706089608882	0.026043093394816783	0.026048028653479726	0.02625538320592312	0.02579785052221829	0.026272360882353414	0.026717317749204966	0.027420119667406255	0.027389012198722563	0.026672708567161498	0.026547404142327424	0.026603820701227937	0.026996817270955428	0.027235584330465863	0.027604497345353803	0.028017875726561163	0.028475744496880874	0.028982756893426425	0.02961043612492886	0.030435684994511356	0.030646544018590807	0.029923666585425238	0.02974798059304957	0.027993219378090104	0.026593404090592097	0.02326326403362601	0.02151554407266088	0.018729913979901792	0.016442940267511138	0.014685773327626652	0.012306617309786608	0.010186749545564198	0.009081660759269264	0.008273495160706865	0.007641693344511858	0.007062206045863474	0.006697940554412883	0.006482782014704426	0.00665655336850584	0.006527601031895392	0.00673204694542576	0.0069594304397634955	0.007191134419953971	0.007429843347561193	0.007706011341293978	0.007998225717345226	0.008150075519811865	0.008601840470993844	0.00848609765633315	0.008473963716396145
CC210023	p5	0.0971957467051285	0.053008499451575715	0.036554394711836524	0.029724228336552652	0.026457272841810278	0.02535238423226641	0.025095840954190023	0.024947370237024754	0.024155165311406563	0.02331252702957068	0.022809414330529746	0.02119198983947882	0.020182844081198446	0.019603776542258082	0.020513778090723273	0.021547252264407814	0.02540832594030997	0.031050001493751755	0.0368691527132547	0.04084199617990274	0.03912019354890055	0.03608520093992885	0.03439607440902086	0.03148057043135866	0.030680629023827906	0.03051571808349332	0.030222172655010468	0.029304493787818145	0.031002571709311498	0.03194507162420921	0.03273171602471171	0.034657657121588484	0.0371830643087947	0.03770538669533204	0.03737315257431676	0.037242457805069885	0.03713208958227402	0.03669430058797093	0.03804054635817162	0.037730215327671006	0.03915273613868042	0.03961695415298787	0.037644208965911925	0.03722296799600947	0.03690013393516097	0.036669637034237326	0.036362844511320505	0.0359801133147329	0.03558780220530004	0.03372241207345228	0.03191426103459576	0.030880756056868425	0.028956716363882466	0.02641186432405985	0.024230218883258763	0.021594089535452624	0.01897727428505922	0.01707544616075701	0.014879797448909757	0.012419001732332898	0.01032532296978848	0.008756248775898211	0.008070805892226455	0.0073543134804187485	0.006811508845976747	0.006600734297165839	0.006291832820570283	0.006141681151088807	0.006292130754386703	0.006531528872228331	0.006741089553728047	0.0068531927573088295	0.007023363973638658	0.007148697263027113	0.007482910380530828	0.007679532491097517	0.007744302229716956	0.007665524549867842	0.007637344509942851
CC210088	p2	0.18279610267774302	0.11681032829919441	0.08792383191513549	0.07016461121242054	0.05849902029326016	0.051677692499816706	0.048191718402657416	0.046643580755315765	0.04662610939521669	0.04677797455498596	0.048316186419175344	0.047231249018515144	0.04810717548166046	0.05203056279597431	0.056837816224152085	0.06517801602607894	0.07759222428134753	0.09099437841591418	0.10001105668702967	0.08409262147881204	0.0611318083979732	0.04808798307317898	0.04007632899147089	0.03573534251421378	0.03010684148624885	0.026432175564632492	0.024453870571930846	0.022245564439339578	0.020637243390878635	0.019126792147576354	0.01716669132453015	0.01650880803834256	0.015549765535480825	0.015125329069955487	0.014093893014664191	0.013097155762225907	0.012574846861358334	0.012393941176804686	0.011455798454304266	0.011187055130925825	0.010598293212249045	0.010123684651776547	0.009725596823041317	0.009352124424564994	0.009007202201099431	0.0086881732713949	0.00851999901574067	0.00820208977991536	0.0075204527205879005	0.007868513873949037	0.00781427859464069	0.00658363068568549	0.006099605242267889	0.006732400471199146	0.006089989360659761	0.004772025363658718	0.0041274856121969045	0.003857586848950986	0.003510083061441631	0.003231373004571746	0.002962182955470292	0.002804776700379525	0.0027057118969806672	0.002608275537144114	0.002621402538249453	0.0025605641402120915	0.00260436955885846	0.0026186488256174545	0.002695974272520346	0.002704300641910676	0.002887121802884145	0.002940930855634002	0.0031200134443816058	0.0032973843415839365	0.0034758147069345975	0.003553783280787209	0.0036154169939020754	0.003709274879179347	0.0035960479324163353
CC210088	p5	0.0844480492153116	0.05735698602910393	0.044871233537494414	0.03581651308369561	0.030390776689325792	0.027880356750670136	0.02646097475769873	0.02595367894514146	0.028392371357569626	0.02999485310409838	0.028377437125937568	0.0285406540422489	0.03170775017165466	0.039533298438224666	0.04938699301270189	0.06472963535787334	0.09540632696109475	0.14879567117044817	0.18208131895618862	0.15644415830880806	0.09963464799908495	0.061788304881019294	0.0468615895397953	0.03987753188717785	0.03451685366137948	0.031324951170458464	0.02811039740305987	0.02496290807186639	0.02325553462323973	0.021665959430977055	0.020196042302475677	0.019150453680056075	0.018297113633336245	0.01699691208431407	0.016292614381021822	0.01712384655858953	0.01741079299462389	0.01721736097213847	0.017024803446403298	0.01696831603504479	0.015794460868503512	0.014829727691555963	0.013646981187501172	0.012756447515937401	0.011963437394279875	0.01125426785631224	0.010556138636219204	0.009742289861068775	0.008889299376281702	0.00844843049967958	0.0077276433735051185	0.007117116075788412	0.006504376462707456	0.006054311452481847	0.005535525927762911	0.005301662985863811	0.004925276065331853	0.004559763143279811	0.004113762280816873	0.003776586557365899	0.0034497271678763496	0.003410432249896037	0.003209957008750617	0.0030382783052113824	0.0029130762926206193	0.0028585473631551873	0.00293593105480853	0.002928655850115418	0.0029994291074655318	0.0030920110356683368	0.003250363359591665	0.0034472624486001696	0.003624987266839172	0.003799396204323012	0.004024647624727489	0.004124381837542975	0.004184570226607079	0.00416306140851246	0.004051663623495816
CC220107	p2	0.08337174531746082	0.049402804242736804	0.03411626640936329	0.026601422545178395	0.023349190751813687	0.022641726805564772	0.022603589359443156	0.02319842472784811	0.024799835568373115	0.028656974728130755	0.03481355375617212	0.04563779961896341	0.0634092233416738	0.09529991723692455	0.13354839698911547	0.1500686272799011	0.16552909097128954	0.2016060121015877	0.18649591702392712	0.09549668228834163	0.048400423853711703	0.032284776392601744	0.02484165789919002	0.022427716639884035	0.020373906221330094	0.01913404022061036	0.017795499238662894	0.015874019074059352	0.014897799738760797	0.013758235890126622	0.013263715353626106	0.011977456912648274	0.011146657937285058	0.010315495078324806	0.009781620904578864	0.009938638608948508	0.010192194026659355	0.010215763592313966	0.009204819035407014	0.008201826512216723	0.007485374433446223	0.007030131225890864	0.007046929203177274	0.006866543037992491	0.006715937969660531	0.006591248840603609	0.006456216636771815	0.006649755277592971	0.006510490146099539	0.006570616849854658	0.006656253151539963	0.006248735860254383	0.005862332380003703	0.0060009080442328085	0.005871247980135894	0.00551457149323645	0.005185404763526477	0.0048549518811038484	0.004572028820559926	0.004244080013748038	0.0039210630096512	0.003722703245687525	0.003509696613680613	0.0033597877839846653	0.0033261024074238464	0.003267692718283895	0.003349498975061607	0.003436235872218882	0.0035458497298406205	0.0036519642148075755	0.0038323121751572234	0.003888158720605069	0.004367444656783813	0.004472386744482499	0.00477273005752015	0.004987620009628057	0.005124711608521576	0.005106748529381405	0.004871886763646719
CC220107	p5	0.05557297960027451	0.03548638911210519	0.028154383644006346	0.023287359835662096	0.02148518296237058	0.021885844489990418	0.02340793357732092	0.0269500128133292	0.033079759662331926	0.03785654699913174	0.04271035949964661	0.05486075816684291	0.07270712413716843	0.1039511168107956	0.12725538034474163	0.1629768577004874	0.23830032386056615	0.2668456372390631	0.16296267965982614	0.07282020976491889	0.037251976960383876	0.025955176893610935	0.021885969947962436	0.02027062288876757	0.018767115465621636	0.0172268623290553	0.016259691100459696	0.015312420554505685	0.014476350894444429	0.013208256856982029	0.01225910444113286	0.011391279281483433	0.011190965370338982	0.011139620995061291	0.011098515932999143	0.01158841649166838	0.010811982285271972	0.00984300376997212	0.008640139362600729	0.006965290750485444	0.005801566956896973	0.0052023598364108305	0.005329620846009434	0.005126048511988247	0.004944049781913468	0.004780893366931094	0.004602963202735804	0.004327950799361386	0.004243510267048325	0.00411877944823478	0.0039382851126394235	0.0038156027896591193	0.00364045665952877	0.0033854901414412907	0.003112505391125833	0.0028342428037446293	0.0025816178700999184	0.0023815373402214924	0.0021382676488111846	0.0019367291398202033	0.0018011340405455754	0.0016921338398617983	0.0015941738879599323	0.001538126174162988	0.0014745541812425252	0.0014529767057638115	0.0014465164762719341	0.001466266975896074	0.001536543270210002	0.0015922407003115737	0.001635509188607685	0.0016838611780299422	0.0017766826340681336	0.0018423473597930712	0.0018892153542262237	0.0019594086103525035	0.0020252916938151653	0.0020335834097134787	0.002007687502588452
CC220335	p2	0.1105792129021833	0.054982436890847225	0.041953380692238376	0.03705031594000885	0.035447955182423406	0.03404653276564165	0.033630495274820545	0.03341069392296252	0.034207202825482515	0.0337678127355939	0.03515415997739498	0.038124608107670134	0.045132317497650544	0.061297778126998444	0.09469166957123112	0.11112622545722381	0.11181286666297953	0.12450130285920896	0.14839962269647705	0.14688304317768439	0.10314072524831691	0.06258409048804825	0.041414784992599346	0.029589382487973614	0.023713467510405414	0.021247015971743565	0.019372183352795884	0.019270660500011236	0.019552076903923434	0.01913849326341772	0.019114798667240567	0.018889752088146496	0.017668179362147443	0.01675366060910315	0.015904273557865056	0.01517211722792672	0.014768209177822303	0.01423034108638265	0.013744739547717821	0.012318392103814205	0.011473052626459316	0.010504889514027093	0.009857552977838895	0.009203892132720408	0.008619181667135026	0.008094152623141731	0.007611107289264611	0.0072986106999182124	0.006796012120258359	0.006356343555248391	0.005933599366302541	0.0056288896740796	0.005301962406914539	0.004742873157495099	0.0043600299993741785	0.004226341421432666	0.0038394103930911743	0.0034813090409879506	0.003179749064127018	0.0028417549754260044	0.0026451129343953166	0.0024499656226287846	0.002284134744604544	0.0021546974899023697	0.002067961971738128	0.002023871383564585	0.0019748497787153304	0.0019834724256554454	0.0020636051225396837	0.002076367970988109	0.0021457344738526137	0.002209691874173202	0.0022902308134164794	0.002406326617848698	0.0024786892014508023	0.002478301055093297	0.0025369254410102897	0.002609172808593303	0.0025456052031100325
CC220335	p5	0.09504060339696797	0.06663635261606383	0.05014708141886843	0.04400765192451477	0.04262468173302978	0.041795978506433254	0.03904841474843505	0.03693621480607922	0.036788691066591994	0.03652750806834951	0.03847932490200457	0.042434187897026014	0.05144459769909691	0.06994322048351376	0.09006891740747783	0.11243966772595583	0.13445508135885534	0.14662810647538368	0.11776739346170673	0.07706723232409883	0.05459852114668481	0.04028044771139822	0.033466795257953375	0.029772861884827608	0.028491847070023352	0.02824427589690304	0.026529246009068645	0.02590745762158582	0.024476129846265904	0.023009819647871847	0.021933415432073545	0.020909548055792943	0.020037219552929673	0.01873761491828003	0.017525367515583236	0.01659788066345389	0.01558378297392037	0.014694890057996802	0.013562819171881074	0.012285568703035267	0.011256729869143474	0.010440459407699571	0.010035648191212325	0.009504067342301976	0.009014249948972113	0.008562005042153462	0.008124050613140026	0.007748654448371817	0.007440660475839989	0.007205945601034437	0.006858212205263	0.006293052674773532	0.005766999599372585	0.005459302665349644	0.005061249250569496	0.004658448284797754	0.004323488717292725	0.0038507760132963013	0.0035406452347802094	0.003296230821093178	0.003042990646980025	0.002821255841897001	0.0026094939132987514	0.0025595436938750838	0.0025033864695327875	0.0023941311249165887	0.0024171624040395107	0.002416249301420287	0.0024830485015061286	0.0025682386660200764	0.002697662845020452	0.002844025221029158	0.0029746703456574853	0.0030585506877784103	0.0031811576614144315	0.00330265982699247	0.003300943306042069	0.003328941781227786	0.0032977917907908954
CC220419	p2	0.16109449304687962	0.09498110538715167	0.06283544546422173	0.04653974412273683	0.03756009579255138	0.03371485495838888	0.031073151545979644	0.02927979848939355	0.02771022900369126	0.028061573698349298	0.028109760330022583	0.02947352943450514	0.032032944092034506	0.03762887640223153	0.047514141136691654	0.06092380770154977	0.08797679510332469	0.12223350585895602	0.17270627460804278	0.16661331884914676	0.11410340253068932	0.06621316446101431	0.04338948738532612	0.033906854326853496	0.027996393745066586	0.023760668398897393	0.020599273770273065	0.01839120042903432	0.017281846169491084	0.016196899842243373	0.015643678340624627	0.014776128244793222	0.01420719165644975	0.014048159266624272	0.013603843014002493	0.013888525278572195	0.014386464952044849	0.015062577092583011	0.01575829330957882	0.01566339854559243	0.014759940399465845	0.013095905099722912	0.012201363962916243	0.011206407615813154	0.010328386926333233	0.009550241893362543	0.008799710602393816	0.008352462456663367	0.007810259741411517	0.0072905280870964526	0.006999053299602169	0.006630499212573587	0.005978533774797083	0.006162603766298082	0.007373082661425849	0.005484657800094062	0.004404770883246644	0.004053990007538396	0.003741500515696861	0.0034403264462268017	0.0032605170266626037	0.003039444238601532	0.0028453130665417863	0.0027517598235323	0.0026785403193562603	0.002659231260676461	0.002557826447683924	0.0026138910421091184	0.002685987875219841	0.0027369336043960523	0.0028833444549819427	0.002976538333848872	0.0031114716772308315	0.003262447900289942	0.003376752303728678	0.003531113862219101	0.0036312117849276893	0.003570446135526179	0.0035387088552472183
CC220419	p5	0.1261458464870021	0.08209824333782777	0.05782541613338896	0.0461747407667217	0.04024093271065043	0.03619793634584602	0.03370185497721795	0.033598579567704775	0.032966937047809466	0.035634092994879504	0.03704429485463496	0.03725934782178208	0.04011757853123125	0.04604988170740817	0.05219760428396686	0.065807705315608	0.09342139367614216	0.11111575509463764	0.1277574094269491	0.11994112267348218	0.09539974653132227	0.06787189430200409	0.05242540028826588	0.04270665972872982	0.03360222063649716	0.02908503847846127	0.025173381450762453	0.022342077276714764	0.021361157563212788	0.019712663338038207	0.01903372810062481	0.017888944897541226	0.017183031110907063	0.016997995548418156	0.01723581004005594	0.017418011250533726	0.01727380327290376	0.017188644143445838	0.01742709446287236	0.016791845075180088	0.015159053335806428	0.014564563762908947	0.013276089791527567	0.012437094405984266	0.011681079199153049	0.010997507101740208	0.010381904334055952	0.009091307845251589	0.008241128941361791	0.0074761043178394665	0.006960722141040604	0.006572380220997024	0.006223281130051154	0.005696256685579025	0.005288791104890087	0.004947093654163569	0.004525219727322554	0.004218644890763549	0.003877519725152872	0.003514769311844279	0.003329225157527332	0.0031345370754377803	0.0029127772327994816	0.002744182588486681	0.002697099080971332	0.0026640532189481135	0.0026663965620795883	0.002771617881059304	0.00279567861968479	0.002865488997711859	0.0030128565621014318	0.003128198538782474	0.003345341894190646	0.0035180983463062652	0.003659051447589837	0.003708053839311782	0.0037821695671331618	0.003866076350320639	0.0038513748084837195
CC220518	p2	0.11869273195523779	0.06314267661807228	0.04101300060742931	0.029081738197194784	0.02384136853661983	0.02024331564063114	0.01900391661439875	0.01870684905933433	0.018804921096174473	0.019468814180545482	0.02025776732851346	0.022027961320443747	0.02567939726909303	0.02995119684152144	0.034971971835327166	0.036788395871786304	0.035168291455221976	0.03607235611552068	0.04689320302007072	0.0785239047708169	0.16256024138546793	0.20382588459912993	0.12736785529929517	0.06720316330685233	0.04430819836179849	0.03659884186122853	0.03626815540423499	0.037323602017866275	0.040718826008637486	0.03741292308186668	0.033402652510675694	0.03017861120652329	0.02624381218001142	0.02331703588396816	0.021101641857608988	0.019525363591928663	0.017706970681934282	0.01695863933432406	0.01697341560951338	0.016850342467662704	0.01692552425808992	0.01759354270826085	0.017060916724108147	0.017196086258192963	0.017396520170541767	0.01766654442784791	0.017987671559731157	0.015154248421591935	0.013479586685040257	0.01151451597496613	0.010097843261429354	0.008847929049185552	0.008084564434075365	0.007509797954259895	0.0068716732258388485	0.006226406784604732	0.0057784733759164006	0.005590019823836005	0.005285096127130747	0.0050055582250245235	0.0046559939272971754	0.004454526707097453	0.004191468498614772	0.0038816779621802513	0.0037237261343335245	0.0036682754881476247	0.0037236406082313592	0.0038731959502485715	0.003868075429609536	0.003804082840654839	0.0037809029282970187	0.003871871889169144	0.0038927084860311163	0.003969425962704181	0.004036415547362865	0.004116796596726647	0.0041354245004303035	0.004168791656045719	0.0041537808605647914
CC220518	p5	0.05618400328325625	0.03299505644244668	0.02358792856007316	0.016841596214000137	0.0134115225939251	0.01206496651406713	0.01207088280797574	0.013456729452819397	0.017961952719908598	0.019047128168424243	0.016026179618606688	0.015833118206278845	0.016444654891381204	0.018873320810493005	0.02172562791141506	0.025859338577798385	0.03201683029809223	0.04953216900030792	0.1034423054429183	0.2874305407037163	0.35759475192879875	0.20647837353819368	0.08527393634288324	0.04394758462901827	0.029239443480267656	0.025848085210391183	0.025817019206913375	0.02613145155172452	0.02854341053533529	0.027175528373432185	0.02482147645074338	0.02082735657726157	0.018194300541346672	0.016447409760626596	0.014780994498090162	0.013595465776852111	0.012957926715361072	0.012954285830432476	0.013353946315263054	0.013997097707126972	0.016424688708301334	0.01866491644106747	0.013953480098238828	0.012947027958472062	0.012074390527756954	0.011312955056106569	0.010639149109752832	0.008639674158221788	0.007449003696439104	0.006618682366774249	0.0060277996234954076	0.005423100557255966	0.004940830972782509	0.004729918322061999	0.004301816332107993	0.00396438195812886	0.003705626569993586	0.0034314911962406245	0.0032321042862454817	0.00301070823191863	0.00275717881245366	0.002662653815048608	0.002550273371271506	0.00245444583796796	0.002416583517754989	0.002268947013020468	0.002241444058597733	0.002178924394790626	0.002073930713082115	0.0021099512727179013	0.0021346682323970627	0.0022309862077443576	0.002243518646076953	0.002308756411042291	0.0023801409557093435	0.0024794686820806843	0.002520911170182695	0.002548178491177735	0.002507193358365499
CC220519	p2	0.07134734376104056	0.04406100764248818	0.03181582084518685	0.024320254546884915	0.01996479873081045	0.018277019228163792	0.017734186304639767	0.019317233072310373	0.020879283761528474	0.021075099669925223	0.02188120291812352	0.02304700038590644	0.02515588555034806	0.02901308352915214	0.038782546641826454	0.058657155718242815	0.08799842936201914	0.12782803648433208	0.25816304119731803	0.3510632090026139	0.1599986927439644	0.05862562418340752	0.032475259132489526	0.022664882803467273	0.018025823499778264	0.015214493368024334	0.013440737703506036	0.012601209105906874	0.012069718129597971	0.012068618633469226	0.011880994518441748	0.010696721460490785	0.011135734651433811	0.011199678315705355	0.01180959530961121	0.013222476547587365	0.014672854616092523	0.01681483384736643	0.020173898577769894	0.02467769462215967	0.02433127168403983	0.017982438240855558	0.015181131070236673	0.012391023811495419	0.010248208538938083	0.00858347409415853	0.0072451369932835285	0.007037182647377251	0.006733299864857917	0.006593352840525295	0.006264670905656325	0.005831811734024908	0.005329737590233096	0.0052716839903063075	0.005231819984294388	0.00504650782091319	0.004828660796002992	0.004542126665965015	0.004293143488747407	0.003929602729306976	0.0037606862740701273	0.003574663394494748	0.003140651878876952	0.002781417787850425	0.0025820429411159054	0.0024260980550338622	0.002358334438785089	0.002333391308401566	0.002485269503146994	0.002581185596336747	0.0027571714151829294	0.002849964549299047	0.0029792537296325873	0.0031422689204925035	0.003214193807893911	0.0033182317067081356	0.0034531750096254586	0.0034820635948786486	0.003412284708689242
CC220519	p5	0.049733971733287766	0.030511302838165152	0.022457368160119846	0.01758195781129399	0.0153631286232762	0.014418824671160126	0.013643539780838088	0.013490605541185748	0.01393310426288556	0.015170130569154646	0.016943144730277693	0.018335390111654	0.02005053710896586	0.024108293725916233	0.032072308537243265	0.04905340704071973	0.08279713705010372	0.12065506472474968	0.20119654684798582	0.350713113522754	0.2653644488306272	0.1280146046982488	0.055640004867857494	0.028330889740317618	0.018828176069571965	0.0138859276442581	0.0114876383762588	0.010445150308395056	0.009787951166048733	0.009406614772852692	0.009268678394103986	0.009462763988659303	0.00977860789378604	0.009819776377256091	0.010416908574100743	0.010897881727698224	0.012044335909792522	0.013693502913187128	0.016177266471192258	0.02012657695246437	0.02567321604951148	0.0254939028688129	0.016691888159782883	0.013884939675339028	0.011650781146215884	0.009857995515743359	0.008394544423516247	0.007257265146367843	0.006438049613227167	0.006079640135468047	0.006008156507364769	0.005538939407535037	0.005282836971388542	0.005089076388016242	0.0046820449682220796	0.004337053335069662	0.003996268408180703	0.003798998550500626	0.0036497026842321726	0.0034745769352921676	0.0035607976419307413	0.0034681033425884864	0.003216044591240832	0.002928142200235579	0.0026893070092812916	0.0024637297367822064	0.00237211585399146	0.0024105952149845113	0.002408847247619415	0.002464067172301655	0.0025825687649006267	0.0026211530435436853	0.0027365811122710033	0.002802577502061568	0.0029382244806351065	0.0029382688016968833	0.003072289119582719	0.003221514622318264	0.0031711969009530737
CC220828	p2	0.12267110524758046	0.07197914917494556	0.0497682885600283	0.0398723020608709	0.034666612815765455	0.033614070600961055	0.03389000591943546	0.03388078067503328	0.035468653324156524	0.03558558477019142	0.032945269475506495	0.031034306661297775	0.02876201715521696	0.027541712385766012	0.02709265221112309	0.027188181732495285	0.027352831105550094	0.03031846811003139	0.03891100976697561	0.052694398618771884	0.056139878784385505	0.05292044384169568	0.05247523660388834	0.0506462633291176	0.054597186110157965	0.05712701591605174	0.053558989368479276	0.05327197696179528	0.05669240356077208	0.05352860052615237	0.051651978351928966	0.04984454434490589	0.04612291102048693	0.04224624406718011	0.03737870454693464	0.03583217495414	0.03477723172794708	0.031101006559526603	0.026633012850768845	0.022957365268748857	0.020417741090130732	0.018023949580077508	0.017303035769028252	0.016049790847599135	0.01494984296692919	0.013979998451668136	0.013084233072947276	0.012999316213611303	0.012864942023531573	0.012993428152921356	0.011512809101032381	0.01077655160430241	0.009916668824075483	0.009548259161655333	0.009336762900549286	0.008600504180434157	0.007947348387924087	0.007343073621942729	0.006928320080504487	0.006213853099970835	0.0057169815212135	0.0054442247566433245	0.004979286246622414	0.004564383701334654	0.004381270764170357	0.0042037671746097014	0.004004595269141701	0.004102447838454142	0.004143319047307388	0.004140923969341177	0.004219660167715331	0.004412031158638621	0.004500594454836814	0.004675136676221717	0.004725427838555006	0.0049580975409976745	0.00512666496349496	0.005032248341316917	0.004946985991144254
CC220828	p5	0.1711990910103507	0.07835364148012935	0.06338390778064748	0.04850831520248069	0.0384316576075219	0.03256819840677665	0.03740355162179323	0.03692378690436588	0.03532370696772942	0.03384618858161809	0.03030744273101706	0.027150006998434926	0.02440079617883132	0.02164124222303837	0.022162091525281223	0.02367327484093134	0.02569799525755525	0.0330906508495046	0.05103208629530803	0.0781130147230765	0.06989477036641069	0.05103726579932305	0.043720060819910825	0.04322564243475312	0.04432332470761651	0.043372945923227595	0.044391494199556306	0.04436357720670606	0.04444551304286654	0.0438848125119156	0.043298558254899554	0.04094086148269577	0.038928069386432104	0.03664099547594511	0.033602253320005354	0.03265953501992893	0.031982841998737355	0.028697284862693098	0.025938518651787274	0.023892169026665466	0.021951460619003917	0.019064580093152123	0.018478788589020266	0.017113382754881043	0.015920742457002	0.014874824737229283	0.013866644947836524	0.013427159680324176	0.012674462838440913	0.012135320374584768	0.011724403636100021	0.011301669568500768	0.010829423813510859	0.010116007587411656	0.009434443827587433	0.009039767971320205	0.008574011339237474	0.00800341223319526	0.00727375564542475	0.006665793241652167	0.006267872592650111	0.006213523122556529	0.005832353227478771	0.005551656775248183	0.005422316912110897	0.005158814933771081	0.005110851155658885	0.005306273271459947	0.005285949536834164	0.005404381068981613	0.005683970513342588	0.005924660877600599	0.006092618664989167	0.006450220350140686	0.006822257515163584	0.0069137756093266695	0.006930704691492076	0.0069094387686932405	0.006793416567584869
CC220974	p2	0.09655242188319346	0.04864864491976176	0.03591904800806998	0.028249477921485088	0.02487722231383595	0.022905892651384582	0.021731968609596086	0.021174036775630154	0.02218808992094202	0.021759675372541386	0.02076597387284456	0.020128049634685733	0.020272724157945253	0.020822578403737295	0.022505477960701865	0.025697833428178194	0.03295242786685495	0.060686589504221795	0.1538320519680539	0.22589668513031874	0.2103046935686227	0.11759114413803579	0.08652896224372916	0.05507824537037602	0.02658065118807065	0.017396445815126442	0.013723652361661242	0.012548428121537156	0.012872235611382971	0.013124796041402865	0.012742490710945709	0.01248716620208078	0.012105543962716084	0.012031310493564387	0.012420388718014711	0.012660573469803043	0.01347229369596284	0.015251524101259843	0.018906936627010814	0.024312337176653813	0.026975088058392643	0.026869627786529172	0.021881223979238727	0.020577979083345008	0.019740549309138242	0.019319769379884173	0.019322648248982666	0.02017859604488102	0.018064892521885798	0.015022983287874513	0.012411067416105181	0.011033095520130131	0.009895049462033892	0.00901677864029787	0.008572682470795814	0.008049752674731106	0.007439168064340041	0.006875446618867042	0.006437564057258339	0.006379481102296202	0.006177593563895798	0.005885185683687121	0.005510582211034329	0.005115011000244595	0.004818308586031332	0.0044799294550510365	0.004283884663838887	0.004198783058125053	0.004344953324451876	0.004550628766735834	0.00490312496771632	0.00511539344040883	0.0053142251035756625	0.005422453282131868	0.005484461017474735	0.005401828159712306	0.005380317775059752	0.005375292395981599	0.005488241674984638
CC220974	p5	0.06548436198061551	0.040362176517199436	0.03278228184154898	0.026327974973799257	0.02335086484326104	0.02204129103274339	0.021181859774019724	0.02206647325464814	0.022513212159378522	0.021539536076201116	0.02184910096282418	0.02267288767740699	0.02560984709469171	0.029763379206668265	0.035674919432910256	0.04631812894221109	0.083523136301533	0.16224982289870968	0.21279522087362263	0.15676724815022305	0.1126704998286985	0.09519232479808397	0.06621572874800849	0.03920899594921823	0.02667241108086493	0.019922405736244965	0.017186117072514655	0.016933952430160885	0.017097525653254265	0.016826609802312317	0.01620789524596042	0.015994872149293123	0.016595122485229194	0.016414521872840065	0.017046137595556145	0.018193201242591942	0.019600889772666996	0.021670320791310344	0.023992448826175492	0.023075930405358856	0.02115917595284398	0.01966394941897968	0.01876880255886901	0.017930246442447777	0.017271153741903442	0.016769556348410045	0.01658898657333713	0.015537752213710848	0.014898362560286246	0.013643116183104065	0.012326156898650147	0.011485139876069297	0.010518353490378426	0.009455901687158291	0.00871326051040154	0.00793205824660272	0.006939357343056613	0.006261523366113341	0.005633843410200037	0.005024042438678658	0.004646069315655404	0.004109057546015603	0.003741779861109311	0.0034377890809359993	0.0033218614995059815	0.0032206650938299843	0.003101570787560835	0.003005977640546982	0.0030199500791107327	0.0030419027466753812	0.0032529057980282623	0.0033321190009629157	0.003485044265609215	0.003554710577238375	0.0035705427561983287	0.0036215135868609563	0.0036642118136290184	0.003657969095993066	0.003688331406161435
CC221002	p2	0.03232174321169619	0.022832944521275492	0.015966663537351742	0.012504012719144853	0.011211230583424537	0.010958078823173612	0.011248998040569566	0.012249170860905836	0.012590177290030506	0.013423084788463999	0.015018453952670726	0.01694967074983792	0.021539894872776744	0.03187841080887152	0.0557331603173374	0.09644607075906415	0.22076434742083947	0.5035967706665223	0.3019276939882381	0.08828288160289086	0.05077527206813436	0.0330958094390202	0.02261725521233279	0.01788374543895599	0.015751030118131646	0.014783178149268465	0.014504946694950506	0.014390548661742004	0.01353840894775527	0.01287396389777613	0.013290729246034812	0.01378369403909847	0.014519805796041969	0.015322057224502163	0.016611790494279462	0.019621519939403597	0.02165360145316684	0.01943340493556328	0.015251881843269022	0.01228870741324756	0.010943012403982226	0.010250228807459766	0.009224978712215882	0.008504500099794447	0.007858338410885781	0.007277190101522593	0.006767312972607305	0.006112662615009688	0.005636297967287181	0.005453761365768316	0.004949453001129495	0.004539442934060202	0.004284943835846479	0.004060562067681423	0.003648666250750601	0.0033376781470650656	0.003032142644943109	0.0026760438382493605	0.0022251611034478135	0.0019030355796688318	0.0016532211922913585	0.001531142133995381	0.0014346517850556103	0.0013363184521696944	0.0012565164261283653	0.001184427455084777	0.0011589952534055612	0.0011696318804731215	0.001164131176163375	0.0011720366467211222	0.0011850209606545452	0.0012287649604393006	0.0012662195406148969	0.0013133734393005298	0.0013391421368335599	0.001339649024668667	0.0013564577419479204	0.0013140407168962533	0.0012738145917367244
CC221002	p5	0.03035803416690826	0.020448482302892278	0.014071165639952334	0.011685853519515704	0.010976703790250649	0.011110667463325738	0.011521014226559705	0.012566823812869894	0.012760958044223399	0.013445976436524345	0.015416565462531461	0.01996616833911115	0.027214856700153806	0.04390293110128278	0.09559639046375537	0.2090779730774935	0.39304299518092	0.3031957022621707	0.11031634835737714	0.05595289637181046	0.03722871262623647	0.02433895551512815	0.0193465930067116	0.018570569260483963	0.018009095413044168	0.017864409468848392	0.01751529186031489	0.017207046500285386	0.016700502673339515	0.017065423989592904	0.018859364539212674	0.020641127442178813	0.02278384112862704	0.024932633919536845	0.026691507233749946	0.026010413057337717	0.02173739033943298	0.017633092977722975	0.015271344116651531	0.014193964978434177	0.01294127178689186	0.011494546860119654	0.01122780834343106	0.010517770783331748	0.009880626705326944	0.009307067585459097	0.008738915865089262	0.007828507785600616	0.007270142038217753	0.007026310843693862	0.0065275891700748	0.006412949334388464	0.005891751129658049	0.005260550323618733	0.0046043492298434765	0.00410735339700752	0.0036063009305569533	0.003184296907386652	0.002857032780237395	0.0026076469953870336	0.0023668968191988384	0.002181585021832159	0.002083303782839699	0.00191428614583696	0.0018563097278593988	0.001872910644399894	0.00184506466121792	0.00187714374847654	0.0018885122610214414	0.0019174913431061805	0.0019847932958737134	0.002117670848343926	0.0021898784094966906	0.0022198506128052963	0.002258402969497473	0.0022720282975656784	0.0023286013817339192	0.0023103044187639753	0.002342814263530087
CC221487	p2	0.19885443728119226	0.11160480043716119	0.07854443237706951	0.060148034925877496	0.05216198348643442	0.0475070895738035	0.04529680115302858	0.04417854229671696	0.044798251457216595	0.043444031990220976	0.04322634807536353	0.03872178412513298	0.03618863829952447	0.03352082857369001	0.03244390827281934	0.03166251537421369	0.03168557133126732	0.03272965132329197	0.03444694445654985	0.03638755529848236	0.037114753433599615	0.036691310747068946	0.035910315389398414	0.03454817837062612	0.03271067413931912	0.030761599979378666	0.028526359300759058	0.026267989359235102	0.025081590023515173	0.02401567227681106	0.023105064888730105	0.022028148549445643	0.02130886470444279	0.020832262051494018	0.01994087629518711	0.019528100009387726	0.019429657687340493	0.018794246637253723	0.01877886517749932	0.018664914006941615	0.01960232909788002	0.018807658858972044	0.01865092615806302	0.01846234269896524	0.018288257716497107	0.018127843753231798	0.01808870763333667	0.01832901981245365	0.01747333054071302	0.01701492591322444	0.01628059759286288	0.015827308188581257	0.015528386996661122	0.015452170942335799	0.014975330765278327	0.014285333693723885	0.01362798149452511	0.012461690394393547	0.011886387487872282	0.011306750367753485	0.01065392352725615	0.010094778415449573	0.009260074702954719	0.008667897298129236	0.008240059235461382	0.008250316967132949	0.008330317458328082	0.008579945612519194	0.008865747327856234	0.00905500274232027	0.00942526434939377	0.009605812410325657	0.010433759260710012	0.01099078488521978	0.011200053729254493	0.011579632303989465	0.01176225609730376	0.01221365763716893	0.012298122872014176
CC221487	p5	0.17318230299689574	0.09460611795789683	0.07152942213903027	0.05925707297766373	0.0543037045013006	0.049551625402292195	0.04690913888875873	0.04545263713697318	0.04349376291969077	0.04065881512337133	0.038413792529512075	0.03627613625614837	0.034773918336779876	0.03277948880924205	0.03239262625106178	0.031519619733529305	0.033850892557106924	0.0372150063292552	0.03986446601130317	0.0413699363114277	0.04159412009683274	0.039199047065388896	0.03666984945846448	0.034343241290824174	0.03208272996007614	0.029813599216862934	0.028018778949258402	0.026082672035817274	0.025205913167454033	0.02478081169699647	0.024451750649383652	0.02337103810619311	0.023247864530468978	0.023644202646845615	0.022758480063858368	0.022179134865256127	0.021167751679581327	0.020713186146497628	0.020272781352276743	0.020180674219282182	0.019201724344772016	0.019675708418125507	0.019193140485430294	0.019008372982560046	0.018835061934072188	0.01867241243260703	0.018397784647566303	0.018300265984678432	0.017948806104879655	0.018014801474434478	0.017841587025203123	0.01701373516230729	0.01604762870192579	0.015663589712198507	0.015270789165148839	0.014793889329452478	0.013918333117888251	0.012664598260866917	0.011798117783442618	0.010988281958319841	0.010201849418199604	0.009862416431175833	0.00921837636607849	0.00857579646340194	0.008334600867239538	0.00815816668404562	0.008158345209845763	0.00821274532029805	0.008330445074592666	0.008578889336030205	0.009105969423078246	0.00946328995011467	0.009865942620205882	0.01042535693984032	0.010625945360250579	0.011045696360723526	0.011157600435909514	0.011182477454229334	0.011321004780899839
CC221585	p2	0.10469925789743226	0.06200629720779115	0.042373741611464934	0.031646071722916516	0.027344637534140053	0.024649630163637234	0.023280843780360456	0.022239749857185083	0.021640150218298147	0.02160244502324151	0.02193276233413693	0.02283563823302668	0.02479127811989031	0.028422954438970145	0.03552095486432639	0.047791969195122526	0.07601066114872786	0.15251537797801706	0.23496320895349979	0.19662896239676045	0.1284036037327962	0.0808622831673519	0.05484503688728509	0.03891860239424053	0.03420772327657444	0.030158408184224796	0.026962792914192527	0.025344516850553535	0.02336005728584358	0.021916987794830884	0.020905537283233733	0.019386894280538546	0.01824422849475324	0.01684139914091879	0.015830601100509652	0.01531455551675427	0.014942139093303995	0.01543739309810579	0.015245232582761632	0.01429966966684859	0.013551796580227564	0.012159267810075595	0.011444874711453794	0.010614988207113223	0.009877763948709959	0.009220095650092092	0.00861544730659172	0.008248805099192475	0.007662747256691641	0.007422738119249862	0.006844135985377351	0.006524037354317294	0.006146943478704395	0.005722526051248932	0.0053790974550351036	0.00489700238888147	0.004482695922292989	0.0041126045827045285	0.0037220196484052176	0.003319775069322566	0.003007780575980482	0.0027828377631218446	0.002606105124128424	0.0024872958503728932	0.0024025713254394025	0.0023003263644129166	0.0023132937709785368	0.0022852810663495458	0.0023504730946036024	0.0024353812592173177	0.002454700635800598	0.0025010341833827574	0.002589815534050537	0.0027007172732392646	0.002780391293592245	0.0028495739533662364	0.002876764499614013	0.0029234538488072124	0.0028164269640064627
CC221585	p5	0.10672863785983441	0.07072522686923689	0.05132739998847238	0.040069610973778105	0.03479419002124008	0.03275398781323013	0.030810620406606405	0.02902010832676642	0.02816869569147618	0.028037716103506218	0.028051461613422306	0.02811944726164655	0.02985348042419515	0.032705297536603985	0.038414837718265434	0.050664960881363436	0.07106415566895402	0.10794143119470395	0.16112790419431958	0.1463327304199914	0.10187850512231168	0.07197998801942218	0.05610834825619606	0.047276623273089985	0.04203677528662038	0.03857697871480429	0.03491998149683875	0.03100789742020524	0.02850713078943823	0.02682889263889137	0.02421527778703582	0.022296111859877732	0.021510200053434743	0.019885934544105827	0.018149721765319978	0.01675520138157348	0.016632514806490924	0.016654912119090474	0.0156931956605654	0.014459784361294964	0.013849322628650788	0.012963260609051723	0.012537562200085964	0.011987569910331158	0.011479004084355126	0.01100783501194503	0.010444506229811539	0.010044441702912814	0.009889275332169267	0.009354349100519346	0.009045232073064218	0.008581495441762024	0.007855227429209343	0.0073418152551379765	0.006753183478897602	0.006228864140565861	0.005611346171934887	0.005139445084793177	0.004591553409529246	0.004250469834529304	0.003928950219909227	0.0035791098596396477	0.0034032632794868357	0.0032294674921433332	0.0030059224379278705	0.0029708393753048947	0.0030003966468153415	0.00296182109032351	0.0030873832633973694	0.0031238521444508336	0.0031630475307153558	0.003304187402298163	0.003367360314136441	0.0035002265260373946	0.0035945915861549495	0.0037193251459122735	0.003746293177877558	0.003781800011416916	0.0037096919449859035
CC221977	p2	0.09857227734144403	0.06486918786999524	0.051665201753806726	0.04578342649965733	0.04264447418942909	0.03980453609779193	0.03797672226318709	0.040590955697657076	0.04402322895046062	0.049306742551086365	0.052969190065064155	0.05267984498555039	0.04702331499959252	0.04345435805051449	0.0445417053076701	0.0477002488385565	0.06321365246061383	0.07725878828938172	0.08640686863907629	0.08184871558840708	0.07174217587610639	0.06082093610972983	0.052226135090348076	0.04556733476171976	0.04174164215769412	0.038196537167958566	0.034754773344013626	0.03263003685894132	0.030326140402456347	0.02877438581811432	0.027502745729782004	0.02680553734442864	0.024414106921862126	0.02335935107235476	0.021641660600699032	0.021360103669681912	0.0207870401757112	0.01993081891962093	0.01953147584052805	0.01871912751654707	0.01812269553637085	0.017034186028721178	0.016136294926365816	0.015328089467948768	0.014588897958528402	0.01391097621295357	0.013249113844293888	0.012723351862074168	0.011874578490264947	0.011135524710428396	0.010332848839912487	0.009456121721201109	0.008306154553786456	0.007501102253244596	0.007246511137020004	0.006416295908503955	0.005785735573225641	0.005275922559558393	0.0047378419392596054	0.0043200468264877265	0.00390358400541253	0.0036511534928918266	0.0034472806031236244	0.0032218238905556244	0.0031081265764059435	0.003102550788974451	0.0029836054397466604	0.0029386332418944966	0.0030215334128826815	0.0030935999729520287	0.0032111638390616218	0.003320465983586662	0.0034958462464132066	0.0036426394718305686	0.00357837202385986	0.0036634805451255617	0.003709026498084062	0.003744908182399892	0.0036010965762607126
CC221977	p5	0.07644050010844165	0.051062180951201	0.03968666978228729	0.034420164992896664	0.03262253954782229	0.030981053959582203	0.031242081179509856	0.03202084914956674	0.03581882114408048	0.04058684682284229	0.04217414538530631	0.04356523675194838	0.04029520178225072	0.03878098041283204	0.03948388512923382	0.04442348090806643	0.05798064481570564	0.07283677499238324	0.07956384691311853	0.07914859640440798	0.07500416597832846	0.06545802225585914	0.05596698606673595	0.05081367304036174	0.04718462887680783	0.04491081602362751	0.04085892340148232	0.03812425787587142	0.03627030466852047	0.03467254639851952	0.032561648530855365	0.029771842553191392	0.02844826442709235	0.027714738331531766	0.025478615324617548	0.023751690017779114	0.02308507262088564	0.022760844032230595	0.02368360260140243	0.022214586900616683	0.0215573104753166	0.021947017625834137	0.020277290350236794	0.0196123538911109	0.018995998942777	0.018423577326333488	0.017784851634684608	0.016414028921108652	0.015364832768659454	0.014152482361038306	0.013293801694424462	0.011315053504026788	0.01007774503554959	0.009415130433963772	0.008624185694762908	0.007743766345259018	0.006940560301374564	0.0065026270838660525	0.005781289704406984	0.005316063801883812	0.004823090938986497	0.0044034901004547065	0.004119532721077871	0.003949928064224591	0.0038061443859485765	0.0038393378802184883	0.003684022052335205	0.0036924678732579035	0.00375992990269901	0.0038061005485973383	0.0039059805992731162	0.004141846900894798	0.004175363594842671	0.004319153416812282	0.004470786921526073	0.004545934887379476	0.004545973779573655	0.004630661235753654	0.004381610587892852
CC222258	p2	0.12896009604136496	0.07163685507144972	0.050590708259019096	0.03982267994463882	0.03339139132317871	0.03057954660581874	0.03018240638971468	0.031970290124470266	0.033564536415354014	0.03539307081200533	0.03875999353047695	0.04551194302176585	0.058743492158670016	0.0880912517114508	0.149729804760519	0.18314765981579864	0.11446451509706587	0.08288816888995605	0.07534440315836474	0.060742172451787806	0.044467428019650986	0.03530989052301965	0.029819507795308505	0.027033339854361516	0.024185899257041295	0.022892717233954647	0.021878301948754817	0.022117025754235138	0.02227578527832341	0.022052504058971682	0.022255761016724947	0.0235387219067789	0.022686731753028214	0.02048892545247275	0.017585788233343738	0.016394557426254102	0.015357625620825903	0.0146563004777219	0.013883295581406729	0.013537337993068624	0.01291986028680478	0.011957791941205402	0.011705427076444147	0.011188497778228836	0.010710669525235257	0.01026808534572659	0.009932604602485136	0.009474657644766116	0.008967542950130547	0.008596489041187975	0.007767836551779121	0.006936013499834128	0.006338915477529644	0.006402585497029367	0.006389729957894166	0.005615305454895068	0.0049750362454791825	0.004655218853196505	0.004170225969017812	0.003891505710291466	0.00371218994173173	0.003518156846893294	0.0032795579209198606	0.0032037712940790435	0.0030766391318825382	0.0030393577082115154	0.00301097920143022	0.003098240708806173	0.003202155772912041	0.0032432511725501087	0.003408879740439793	0.0035351728208859044	0.003682161208371318	0.003762791724661369	0.004021562733014249	0.004214750179224496	0.004267285605213144	0.004327515398547697	0.004158397467258149
CC222258	p5	0.07262840324041236	0.05011755852674204	0.03795565720621419	0.030947990951217787	0.028935903548978185	0.029415855007548477	0.031568393809099385	0.03346794991139984	0.037485853534808565	0.04398201499269219	0.052007433176707675	0.06831036180365	0.09711032411230289	0.15731075075073894	0.22690076936186518	0.1549305336739903	0.09748746416949691	0.07204224356563514	0.0553024568191458	0.04327278542448187	0.03541500803415117	0.0319842774235565	0.028341133429005586	0.02593570517167573	0.02603352704973629	0.025610254131993578	0.024221737921307898	0.023899565873519067	0.02486826459608549	0.024875666236498485	0.02566097297189706	0.023636468678919213	0.02108983200802781	0.0195360433433392	0.01741931429990032	0.01606591017459802	0.014822731588213758	0.013178163723831625	0.011681623773221746	0.011193959424061591	0.011016045797088592	0.01036657954019176	0.009821770670276238	0.009339181374171446	0.008895733663810313	0.00848731315003615	0.008093559470214269	0.007650080852686682	0.007029750255166702	0.00648258285212079	0.006126091810011801	0.005368530580278946	0.005029849848386975	0.004611109728758254	0.004379878282858067	0.003916568919499139	0.0035623175423882196	0.003269749851392964	0.0029927636660865694	0.0027165880931371545	0.0025418524867589476	0.002289331051674344	0.0021613716598128064	0.002103318429502942	0.0020275222090735566	0.001932532978413306	0.0019147789350513966	0.0019414077368801366	0.0019512565102868923	0.0019944257796938583	0.002053751783740016	0.002137919214251855	0.0021989538208842265	0.002294923819501866	0.002385232579128538	0.0024167543938442065	0.0024564315803270263	0.0024639421776390326	0.0024831701690245047
CC222264	p2	0.12308204596657395	0.06742252343667153	0.047889387011843164	0.03915840323986795	0.03311913695997131	0.02902958761564101	0.02769129527245518	0.026443012393403985	0.02660584226448071	0.02758795927063723	0.029252227985422045	0.03263702088892511	0.03080976395988986	0.02905800146770258	0.031372138972357876	0.03487339202734205	0.038010679737731416	0.05455445868021696	0.10240866512077411	0.19779093658335825	0.20982175508813952	0.09810291321324659	0.043065110300042946	0.02844580190872514	0.02299607470278296	0.020353203812263465	0.019606661785592335	0.019393133578752473	0.0196171521820533	0.02035367020437518	0.02052425541892283	0.020503324644035217	0.019823218792969898	0.0200980833142847	0.019943973726671758	0.019310048597458187	0.018684999050799303	0.019179867792355903	0.02047156057325466	0.021635237365481053	0.02321209267055091	0.023109899027327928	0.018200080321194675	0.01639895662952148	0.014861082941857789	0.013538913490137484	0.012385778816613999	0.011553497085129882	0.011111243870885945	0.010979368522140619	0.010204959318524465	0.00931414463000201	0.008876360463568739	0.008478005906274878	0.00806757017252158	0.007461311844736193	0.007152400743047259	0.00673780083586926	0.006226684378157704	0.005704641163432314	0.0053578768831824925	0.005304131697622709	0.0048845461086283026	0.004757471393095976	0.004482750549918457	0.004266801459754702	0.004417269474900922	0.004483329967695456	0.004704421035279481	0.004857322092629475	0.005102162525678187	0.005232824575453511	0.005350922202055255	0.005767710650078253	0.006045894804386045	0.006174019416275446	0.006300430896306712	0.0065316305295825385	0.0064363779635896465
CC222264	p5	0.06980104344192993	0.03996223307014034	0.031215042829051548	0.026255606060691505	0.023665888737092418	0.02332371986163659	0.022616060832163644	0.022248509187865462	0.023451708392740682	0.023713842551890053	0.024423644822793657	0.024738532357722543	0.023499062977777305	0.024103708545554308	0.027681799151937685	0.037558999086681005	0.05715670453548608	0.11211749559130534	0.2714912194418637	0.3287502007974947	0.14361222142006952	0.04773034844109704	0.025306928501301583	0.01997751156960913	0.017574170789232152	0.0166673147652535	0.017070984557269114	0.017582833142860504	0.017445465765231732	0.018009957067469218	0.018609073507985446	0.01850828621273755	0.018104254769941007	0.0179144045393082	0.01742867248097084	0.017857763495528062	0.018482830910604136	0.019724390108815847	0.022510604617655878	0.024558643760705292	0.024656230695948515	0.020115555008310138	0.016963692979349153	0.014525535398944573	0.012543590174476198	0.01091891559698005	0.009537341979628241	0.00893876131855927	0.008455397620821993	0.008042225288703084	0.00778979892652434	0.007461564141130356	0.007037894332456777	0.006446297594006018	0.006046718067578131	0.005791703311088694	0.005490249715001882	0.005236114785997276	0.004935761453712886	0.00466142627913553	0.004307407953796329	0.003925600937889042	0.003615453899459837	0.003365427346854876	0.003185427530969354	0.0031785278020598313	0.0030705516777312066	0.003017777734380615	0.0030813437118799125	0.003244719325922074	0.0033747923420777877	0.003416432111776705	0.0037081789268839063	0.003819010366124918	0.003927432858402892	0.004095138682153528	0.004190412718538536	0.004222274778931315	0.0042163072986298854
CC222496	p2	0.08071774099364358	0.04337390753949909	0.030784133087369398	0.025421153784423944	0.021870181138991758	0.020937659759247124	0.02134200442555217	0.02221815250021709	0.022096899085991693	0.021459346956082693	0.020797629939461822	0.021300499984587242	0.021948501833893564	0.026094909541290102	0.03698393924211657	0.0743437735897691	0.21195376823811052	0.45012941712321397	0.3090909065176707	0.10911518261048317	0.050608886069560176	0.03006118927351961	0.020806823511622954	0.01514603972905982	0.012924327176308594	0.011592062187346257	0.01095584124022541	0.010317045799880017	0.009695179843338456	0.00900023703544456	0.009217474450989813	0.008933120879343691	0.009110265844890964	0.009935766506286227	0.011786751376514287	0.015862207771267848	0.01900129034898421	0.01748089785522974	0.012592716815138912	0.008878156173849426	0.007169949834883929	0.00609978734996481	0.006369147595618375	0.006027293297963473	0.0057159292693494115	0.005431589164987588	0.005212429202128979	0.0050052560928607204	0.00499032594269829	0.005084145886975317	0.0048137796382764515	0.004650672145808593	0.004665328282645279	0.004834413923672902	0.004852082371251907	0.004609363835714119	0.004128707191151565	0.0035880858071660805	0.0030640799869037774	0.0027234754676195116	0.002464880800534415	0.002379265309929715	0.0022067103133032125	0.00205356805149853	0.00203641169575394	0.002043097987000941	0.002074210166210006	0.002093672609828027	0.0022247284140334347	0.0022829326709753284	0.0024444626312471397	0.002480904969099549	0.0026179446344813295	0.0027534181443239305	0.002804900803199801	0.0029279445667870115	0.0030163529012095613	0.0030390148365155357	0.0029852378456666153
CC222496	p5	0.04997477990483496	0.031066178970450036	0.025231926749044134	0.02347581261648293	0.0227586860936305	0.02367268658949096	0.023733352555041314	0.02427132178012968	0.02726895451617205	0.03344021742459123	0.033136771659399024	0.029374386547614144	0.02961830983932172	0.03518903208255044	0.0563567378743785	0.12905130632885373	0.34549574120689824	0.3657029276848356	0.18278974413765228	0.08894839628970315	0.04667032159088228	0.02910368359405072	0.020143352513996942	0.01612310236593422	0.014149006448873373	0.012797822662778293	0.011677940922141427	0.01073948436380916	0.01033860971385514	0.00984555082397523	0.010272960200379546	0.010300621100881632	0.011303566211577368	0.012718116793540223	0.015452204451015363	0.017850965862241514	0.0157579826402041	0.012152377029491929	0.009726749916913354	0.007965145152699506	0.006939259504660655	0.006270774542680548	0.006233475666400052	0.005918316726954018	0.005632634478052753	0.0053730149694167	0.005111367626776682	0.00491554121675796	0.00470598807221393	0.004775090500797052	0.004799741459160019	0.004778908784772188	0.004693042967053618	0.004790795160197587	0.004491908859132093	0.004075870662801086	0.0035265342751747003	0.0030298327972987206	0.002737106653918017	0.0025932782652532734	0.0024144006633304016	0.002306844328825054	0.0021797898274788906	0.0020290364352663942	0.001989811878454367	0.0020071625348072426	0.002013882585511681	0.00200183433962733	0.0020642031494123476	0.002136021360261409	0.002313614956659518	0.0024217987799247938	0.0025894397586512623	0.0027096621656786273	0.0027706649520924313	0.0028322147881516342	0.0028527021500971026	0.0028874916724170867	0.002854990451964714
CC222652	p2	0.07361027259634748	0.04740770346359911	0.03810426829163965	0.03106360974950696	0.02928880650898337	0.026903128274412026	0.024723133552945243	0.023541446915666335	0.022250043112562127	0.021657887646841213	0.021647329807280343	0.022592822721153823	0.023380696578404442	0.0264049835700686	0.03341967511856064	0.046955852517002045	0.07073906161833807	0.09419721405656997	0.10390779089064082	0.12547407152592027	0.1671092405959525	0.15847379810972312	0.10406546179343235	0.07121340848436643	0.052145713568781095	0.04183987340071702	0.03445074252599368	0.029105232010051114	0.026075452424584925	0.02303793142371427	0.02123274443098848	0.020421208952190167	0.019505104857698522	0.018248255286129545	0.017774098197152165	0.01725203603128801	0.016283659046413736	0.016194294760985026	0.01587445520711465	0.016169945469372286	0.015634566696602296	0.015863200832693148	0.014263902778278109	0.013568289983177656	0.012927768507987264	0.01233675476255226	0.011718881798761462	0.010883146854203303	0.010324274422169582	0.010282321374121384	0.009533018896729252	0.008701490964374607	0.008000374559563905	0.007342488069835482	0.006629054398621567	0.005957992624053948	0.0053792031041248675	0.004720579150194696	0.004151710552573761	0.003780540281776145	0.003587945640615934	0.003459831895433769	0.00299881035899812	0.002699916349227285	0.002642533912170349	0.0025806539809593125	0.002541431871300159	0.002486554712885706	0.002571295227444569	0.0024596474666737185	0.002524379845265754	0.002587536337242147	0.002673701315841992	0.002759953593014948	0.002740050059299957	0.002755634247863555	0.0027954704906427096	0.00279039695230967	0.00281475267099511
CC222652	p5	0.11793931903841998	0.06983076453517578	0.05617664899850034	0.04749436736498001	0.042442265135863494	0.03825886193236268	0.03274937840161333	0.03273469155824354	0.0299842348220143	0.02848009369549045	0.027978362514728763	0.02892764774430611	0.030192932970296703	0.03288717837701999	0.038677348353920886	0.051481748393452355	0.0730315831831787	0.09455687999645268	0.10863345970466871	0.12817061786082834	0.13165477967890274	0.1018154258663308	0.07484184524056643	0.05847821146755752	0.046385544777000506	0.038338313123375836	0.03304675322781069	0.029118683479315274	0.025792652160920027	0.02377427708365283	0.021382352994187826	0.019988287934023505	0.01787663130899077	0.017739449149410527	0.01666248063669237	0.01557728665988781	0.014911211481090762	0.015171671487693305	0.014400487676867439	0.014143252045162116	0.013915814470195227	0.013060897179251858	0.012223150189662267	0.01154190385445774	0.010917562498098766	0.010344116762875465	0.009773098307981393	0.00922557838397726	0.008468917913913637	0.00876499844349714	0.008703869604716868	0.007309833903839794	0.006698100977614661	0.006115054892280712	0.005646493538111454	0.005246942873683184	0.004717530539209241	0.004329101212690309	0.004057793367415522	0.0037191683550847573	0.003365449569607932	0.0031148019083321785	0.0028769173333910466	0.002802157098221573	0.0026965250196063434	0.0025804035834355167	0.0025781796085639877	0.0025064643042873444	0.0025828047615741	0.002585684466049472	0.0026247987390896534	0.0027157809836826645	0.002774202624708282	0.002913655117230571	0.0029990982776626207	0.003004750251272107	0.003127375961688387	0.0031195472136901757	0.0029863067352042996
CC223286	p2	0.10859150022252247	0.0651938526570024	0.047512430720736507	0.036537913423369	0.028508468033101073	0.024245423153704048	0.022436314618937976	0.022132715386385962	0.021817932358862795	0.02181213304882103	0.02319865635584982	0.02570803876155592	0.030399052975788862	0.03698328762342496	0.043071541014667446	0.054032443741055466	0.07088360645297571	0.09165678309526705	0.12007045309532421	0.12861186399511493	0.0925651012834578	0.06072422302482885	0.046530217927776556	0.038586185951751305	0.033483069131377635	0.03040739440476084	0.029282429215108957	0.028142072869154787	0.027201434453242086	0.026928468103218434	0.02626459176540922	0.02618949369049376	0.026906282316467908	0.02767826068506307	0.02905299289336439	0.028870487302425214	0.02894994247027147	0.028118642104135654	0.028272862780144528	0.02673801345480267	0.02590905695910109	0.02387493000453169	0.02234511611048119	0.02093929659760527	0.019658291174225694	0.01848825195497864	0.017396712498831776	0.016378273696248686	0.014527153727384562	0.013816978680506185	0.013202078835352439	0.011573536154300774	0.009981704256569031	0.008965330869506067	0.00811644441399415	0.007233733223173232	0.006430253388256155	0.005707554018977946	0.004995798614767887	0.0046013795909335495	0.004264532836009502	0.003841673918833871	0.0035795020966724387	0.0034289132500575042	0.003322009882275684	0.0032986365264118665	0.0031770354342531	0.0031575812535836255	0.0032182775868100353	0.0031980685379006894	0.003357181128478505	0.003480355231498088	0.0034804422427141364	0.0035942409793242305	0.003813607222767674	0.003920058775891272	0.003948811014673076	0.0038689151554244182	0.0038149114124652723
CC223286	p5	0.09165755063544581	0.05446119152428747	0.042312793297563024	0.03426684747835776	0.02925154111860318	0.026331603204016774	0.023208328266265163	0.02317965040330861	0.021297790093015342	0.021666948847715244	0.022858236493524316	0.02519751727733501	0.027069186945492103	0.032629401994371754	0.0420068662899916	0.054639952825118465	0.07274795874548874	0.09336993414281504	0.11103814777846728	0.10208779107907245	0.07397855998169885	0.05701188601556881	0.046677554271359764	0.04111035090804447	0.0381587522045655	0.03499550479609169	0.03398324473005484	0.032834725931999896	0.031205397370672683	0.02942938542450362	0.029484636264919442	0.029618248529615643	0.0300830639856291	0.030533989884598822	0.03075783303377123	0.02980931782398318	0.030385766277066503	0.029292066366034507	0.0287373180755926	0.02771826705620496	0.026716341279392746	0.025529738852548167	0.02415541655336879	0.023061461949469068	0.022047639629835122	0.02110627746640395	0.020118377573046867	0.018689604636811928	0.01755942170735685	0.0159030099668016	0.013978321503535783	0.012169008897013271	0.010979506732215594	0.00973360985677765	0.008807395353270367	0.007893770391312198	0.006967337359699557	0.006141646077383206	0.005673911517936816	0.005218656971958108	0.004662844437003792	0.004280151672095925	0.0041209604538855835	0.0039932707478817575	0.0037442848080356055	0.003640202022035022	0.0035774002434835776	0.0036828376763985335	0.0037901607812970695	0.0037766498398824626	0.0038716281160892274	0.0040898312113729915	0.004167492174006871	0.004318333442622925	0.004531174698680167	0.004591676044468952	0.004607874711962651	0.004597068362107288	0.00449874445208606
CC310051	p2	0.08163647057822176	0.04609853847745583	0.032987125699460496	0.024574398958187416	0.021567476598724603	0.018581681012415172	0.01838177426848869	0.018694594631882392	0.020857543141047517	0.023940616304576064	0.028277895472566403	0.033676335624060263	0.04110414417439801	0.04920312175764557	0.06327797290377796	0.12676375366655734	0.27228647086460744	0.13052897521484366	0.040187204959004214	0.026848005152649193	0.02195289290699751	0.020029351980188074	0.01862508993498066	0.019054926270897554	0.01900402313763916	0.019789399369837243	0.02097737259088828	0.02393882043104037	0.027623711371175395	0.032465803999858885	0.03875741905344595	0.04318594775636708	0.04796690359817384	0.057000925403967555	0.06809718149407315	0.052287948776419894	0.031266201878168	0.022932664178105428	0.01892879010050326	0.016323719942934502	0.014917856136940535	0.014046962030495986	0.014178357665680236	0.013829027596571135	0.013507264730726998	0.013210608306174182	0.013048903612136077	0.013065286276319059	0.013237303557863392	0.0138567636512399	0.01258661163688585	0.011872204619495586	0.011364897859853281	0.010314912708038571	0.00879658456477141	0.007604079780513374	0.006856775286934028	0.006076519454606554	0.005442710795043263	0.004830422138474877	0.004501522196007165	0.004279595412071505	0.004044734254147878	0.0038718879182059224	0.003642880583709282	0.003684620106622322	0.003793947726642359	0.0038847978238087688	0.003955516939581384	0.004046971302028206	0.0041530183060813144	0.0043412905768855006	0.004362165001736767	0.004464850076868801	0.0047264836593526715	0.0047174286601920174	0.004742586499644944	0.004878646374619959	0.00479609165181527
CC310051	p5	0.04858945846017032	0.03086195714445776	0.02311905967686982	0.019283704287100512	0.017111583058212317	0.01660110053855955	0.01590801838581978	0.01687026660596961	0.01998284794553787	0.02306798161218219	0.027344848279280937	0.033588077321484416	0.04184846283531462	0.05159407329921002	0.06893844634660228	0.1499951541785126	0.25337772645830436	0.08537607882868674	0.03807318838307187	0.028288146662381348	0.025266966232529612	0.02473090070154205	0.02341632340768743	0.022949902871717744	0.022915165666853483	0.024734570449418097	0.0284977593870629	0.032250750085468086	0.036727623434615705	0.046348649472936015	0.05314773636455382	0.055480886443908854	0.05653724036471931	0.06610799440574149	0.06789075296549142	0.04298069735298438	0.02989917749523417	0.023718519565435105	0.02024940807255385	0.017503422210648475	0.015618609633155853	0.014112544272591091	0.015080912020711353	0.014860553293383991	0.014671042184315532	0.014509908333869274	0.014399363583484155	0.01427034536496281	0.015083348019650826	0.01476619204838313	0.014242172881093657	0.013765170537890127	0.012624638158510707	0.010695511505679604	0.00898548035537734	0.007446111193360239	0.006119772473849406	0.0052054359479966955	0.004456900139046333	0.004102055926880427	0.003778936181514915	0.0035387225164491003	0.0032709573178276046	0.0031144825823813467	0.0029636563603427507	0.002832478153728519	0.0028627804764470095	0.0028649557354088816	0.0028586643143184605	0.002858077026621364	0.00291676794684557	0.003005252795716101	0.0030488320501227927	0.003213490337267976	0.0032762912544379097	0.003320510546714231	0.0033445653808385043	0.0033586869899256537	0.0033518522603067386
CC310086	p2	0.16472198634581714	0.0821074048126707	0.062304033151444824	0.050598612809663344	0.04116250808428469	0.03618974527795606	0.032417856630640604	0.031957832736829866	0.030687401398713187	0.02925776813728068	0.027232332155966318	0.0271064943464729	0.027229400096998004	0.02863957547935787	0.03144885881172647	0.039604231587090574	0.05700058992468514	0.06855807749948058	0.06054547923038653	0.054624945543017334	0.052177874267640784	0.05021589001779089	0.048148220625614614	0.04611478762215081	0.04171111646222081	0.040441730370109855	0.04027528905257716	0.04044580439104749	0.0406233099565455	0.04143605556043323	0.03850149787417266	0.037678416520925045	0.03611284234314882	0.03153221838860712	0.029910834678188777	0.027341628275178904	0.02513880046571052	0.023330518456252513	0.0220743909681412	0.02082106949521777	0.020470168928296863	0.019921796122672274	0.018526814145077192	0.017706833502269127	0.01695482030474589	0.01626369271938415	0.01547895061237835	0.01612469905326046	0.015149631448754315	0.01598690152802701	0.014672714098712685	0.01257457717186404	0.011608309724623374	0.010852441118420318	0.010189028017321867	0.00957093585951216	0.008392469328745416	0.007708663363270253	0.007076630589984359	0.006523029135492303	0.005998426652696529	0.005560496955049492	0.005185190063702836	0.0048809439662443384	0.004598984425174534	0.0045252427480579685	0.004514512187816397	0.00460063862096779	0.004754209711308153	0.004651788119698617	0.004748640611312381	0.004796532254511464	0.005011760974983529	0.0051729087137547545	0.005306192143459538	0.005428466761147767	0.005385342360603464	0.005385623595949493	0.0053491113629986495
CC310086	p5	0.12658853570533643	0.057263391223146984	0.03759602176725934	0.028588780376994655	0.024829584498423	0.024363197688228925	0.024247290955937372	0.020272906977708487	0.019622016191749792	0.020013987829533394	0.02077919155721822	0.021893644978540207	0.024938045250040418	0.029546890881341575	0.03484837133194489	0.03963039481947938	0.046208346607551194	0.048980323327501976	0.04623526022710198	0.04578372211656589	0.044815463600979585	0.045109117502454985	0.04703466711907886	0.047376811192748364	0.04680336461982295	0.046545673437106874	0.04574220389728547	0.0463010417331908	0.04710972531001658	0.0483032221836208	0.05001150235182426	0.049308576015528176	0.04993227606489711	0.048502470698789504	0.04511934236211728	0.04037896864279648	0.0361852744121302	0.03255840348850871	0.030316169522964627	0.027365540862116094	0.025067696338800287	0.023624781213702678	0.022991165000590046	0.022024898737143493	0.021136442382048735	0.020317683405716696	0.019449944852086003	0.018674486593210998	0.01749986799721071	0.016710051993477852	0.01671057818878097	0.016062074742352533	0.015000507964025595	0.014606560781456796	0.013474286252202131	0.011818766351148823	0.010683593963578784	0.0097136471830212	0.008988961885610925	0.00822625981237605	0.007451682077876456	0.007003555259789971	0.006367173278075242	0.005817127163778328	0.005631743227575959	0.005532098835707818	0.005366822333907641	0.005408223671982999	0.005423932969524605	0.005586432935499875	0.005693283825362895	0.006004528847125446	0.006300114188555881	0.0064096054460313434	0.0065991080707191166	0.006614505970798537	0.006495568574246638	0.006513791456433714	0.006485989503105503
CC310203	p2	0.17327040265395052	0.1060963965005688	0.07797204730725922	0.06285932488685886	0.050656860616274	0.04509519386624143	0.041268549925604324	0.0387408414474617	0.03746108718886582	0.036129128375566845	0.03269613180941675	0.029639713221960576	0.028601793756443877	0.027444208091815168	0.029079588536369	0.03470499293048739	0.04991820017185698	0.10497170137800578	0.1941285876261454	0.14407011496779928	0.07551025502659336	0.04482278547369762	0.03202496786854605	0.025992414236894044	0.02339976951044768	0.021738488993639272	0.019974623612207337	0.018494509239772226	0.01742260385241526	0.016900169910860213	0.016064153465509393	0.015546956389369504	0.01511404677150119	0.014874469344952491	0.014164147152061008	0.013583850778045475	0.01364433660525262	0.014317455954826128	0.014071716975253659	0.012882209215101487	0.012397937213579192	0.011538375781410046	0.011317129788728696	0.010908528539734001	0.010541428572516642	0.010210846646142892	0.009896609577479442	0.010016763705964899	0.010225075443299921	0.009730779341931162	0.009453038911994819	0.009407478606497228	0.009567784227394373	0.009377766711786955	0.009035710591328367	0.008339979452307616	0.00762509937213232	0.007068983869169428	0.006508328274782964	0.00610311472366952	0.005719221215245051	0.005640453076754512	0.005327572087138373	0.005060483129610207	0.004905019482128998	0.004988068806764586	0.0049322328227575	0.005080999189958109	0.005404668251258226	0.00547757333172712	0.005821164189207869	0.006034162592119027	0.006384372703284243	0.006868679458117672	0.007314181138483211	0.007554102552731065	0.007781566882606269	0.007860424575621063	0.00772140170742797
CC310203	p5	0.11380158949096104	0.07820833399026743	0.06525002821454264	0.05541877268310462	0.04851801199142437	0.04217397148164745	0.038950883375965036	0.03563390943746843	0.03160020973055249	0.03049942743676535	0.02840608274088565	0.027318581973106035	0.028892901657940326	0.03447073286835162	0.05281681078889214	0.09797946369146941	0.21050835510558455	0.24005116916448443	0.13032103251872942	0.06455499674730976	0.04206178289145766	0.03283252569941048	0.026335907682162353	0.023937606605970826	0.02199282563082885	0.020410335655231596	0.01876854415871986	0.01774022704698653	0.01655544493280443	0.016198024814059138	0.015738205337698142	0.015512604560297696	0.015100848736465122	0.015014840575426893	0.01411340712027931	0.014214174915372331	0.01335906013869722	0.012203291132854928	0.01099237999854872	0.01002441105149154	0.009326114889600072	0.009047857462320279	0.009727524910463787	0.009957699891053471	0.010218782929191273	0.0105125088658462	0.010713010042029202	0.009807737632080505	0.00961192869560253	0.009234970494994095	0.009010867329101129	0.0084527878550939	0.007762355498147911	0.00715653962250885	0.006612335528039342	0.005767482484476206	0.005222844969788226	0.00480564716118241	0.004269552560314855	0.0038671208568331465	0.0035551841856877077	0.003404251176749569	0.0032220214931140646	0.0031228476843715653	0.0030781313352492585	0.0031273428390519507	0.0031006675621229104	0.0031501459648731914	0.003188380515796254	0.003262716485299955	0.003392092727315752	0.0037088610190031414	0.0039648988633648125	0.0041040612048162325	0.004238855388876926	0.004379577494271185	0.004517897928850428	0.004573216375978228	0.004484522095607864
CC310407	p2	0.13208039037721736	0.08062882214968485	0.06495828706284824	0.055223300531170826	0.044933547017339814	0.039992658425849245	0.036242795999416495	0.0327325851962411	0.029904746594551782	0.02760165684935668	0.026618325172635335	0.026839101781934663	0.027208041732534292	0.026832224885783882	0.029321054850996755	0.03623342672810977	0.04338754963034461	0.04154936262708725	0.03872096573687168	0.03850740031893102	0.03919446301610491	0.036498919612246356	0.031761864908296945	0.029098517398265404	0.02869898457942263	0.02756241131762554	0.028621968110222946	0.02963686976366291	0.030821629827163924	0.03247281723088253	0.034013859293841105	0.03623161375825761	0.03735167697213498	0.03817831063846456	0.03865698685575931	0.037409385701847396	0.03602210063486566	0.0350989259227024	0.03414596013601261	0.03268549605160821	0.030640979761410746	0.030118353313020374	0.028675244263258355	0.0277938874964577	0.027033602610275445	0.026379840111763305	0.025872548330467444	0.02492771619835802	0.0245740809648624	0.024936148528028234	0.022396420382193808	0.020099022926719515	0.019009204885985384	0.01749868442704921	0.01572631674492754	0.01340739984507826	0.011294964501840725	0.00973881977099995	0.008291967611508372	0.007143155167527055	0.006351811401113492	0.0055743318249226155	0.005024694936784414	0.004793874506551073	0.004563845266014438	0.004530446823556617	0.004449432499711704	0.004452414591496829	0.0045939784582837455	0.004573842331160236	0.004781930008807757	0.00504492608494665	0.005381719816252562	0.005676138160182178	0.005845546966970002	0.006019494284502955	0.005974401354252958	0.006125096914596315	0.006089811436953931
CC310407	p5	0.11830473115841139	0.08181274857105685	0.06973452609546232	0.06779812285807181	0.059119880164212164	0.05294506476483736	0.046562836710483606	0.03871812519118879	0.03469111564743296	0.03097441853129786	0.027966503323462642	0.02773079007056025	0.02674264007141479	0.02640088477607686	0.027659252079128675	0.02977986486280454	0.03412587167295811	0.03655529619824696	0.036382629394707225	0.034823596289752415	0.03329626307011243	0.03298593306602719	0.03171685064869047	0.030563384421722337	0.029857073644655778	0.029336238541830314	0.02993292640528796	0.03083201876844337	0.030802165554285187	0.031284967348787225	0.03158681883701372	0.03517133765327893	0.036953656272572154	0.03767381045071927	0.03819199954615904	0.03713468734911463	0.03526363724565559	0.03452412909944592	0.031327160378889884	0.02984738492136755	0.028823735803461786	0.026694691437406153	0.026630339289315515	0.025900858434819162	0.025325427231761552	0.02489477383569443	0.024694268846984797	0.02263514323886141	0.02278529733595568	0.022718776724309452	0.021112438620358758	0.018417880604061944	0.01627231316538052	0.014908002415896236	0.013335209370644321	0.011656751206491687	0.01025729309976134	0.00912863874167293	0.008142243335434392	0.007238057043445494	0.006430040074945881	0.005897334907533892	0.005588233157889186	0.005283087869033967	0.0050279023250103215	0.00501754560975018	0.005043748996732259	0.005119181939060033	0.005348551619238808	0.005619181250017106	0.005728953227048122	0.005946143082120495	0.006259970804834001	0.006591603640108193	0.0068787011847855585	0.006986266164475036	0.007086767033406491	0.007075524513996469	0.007080293483750765
CC310410	p2	0.10967406272930279	0.0671772628436031	0.04979965088093405	0.038395630345154995	0.03391217801750577	0.02963810953342879	0.028907100319763134	0.02972339823073141	0.03320946935387329	0.04368549229664374	0.04381139282833386	0.046708211764710676	0.059103614508114216	0.08248255986471385	0.11204751135941798	0.13036354587855292	0.15786178215427682	0.13567384491714782	0.07162904701919807	0.042135332018573814	0.03069055891237966	0.02671825947596218	0.024488030222405355	0.022208826991718642	0.020308094257725434	0.020062492729809565	0.020955033439046485	0.02160793134266018	0.022274271411790152	0.022988492171604168	0.023373002267280726	0.024406352852126754	0.02368852342189173	0.024109115967600216	0.02348661496939793	0.022850679483701907	0.02148384846945504	0.019992850995320038	0.01916291287902334	0.01761778744203028	0.016194211322233688	0.015004581269755997	0.014629090500042316	0.013925025963209476	0.01327647531752377	0.012677836117627992	0.01223599109436782	0.011316080939383764	0.010618372899277069	0.009820307503247097	0.00906366803672112	0.00847370869206822	0.00786938457840498	0.007183109243665429	0.00668358216642422	0.005983641655003696	0.00533823588476395	0.004710119893365993	0.004249831032222111	0.0038901226812066104	0.003599529518056474	0.0033281559380964405	0.0031370616339840996	0.002968569868296616	0.0029328977644654877	0.0028335888274800187	0.0028896772638528643	0.002933163932451091	0.003083642625732574	0.003090819595322464	0.0032891777937612025	0.0034563013453834425	0.0036737090423360924	0.003825185870906546	0.003970380133166253	0.004017955965673571	0.004144656432557648	0.004095159815451716	0.004022289280500926
CC310410	p5	0.08264905805992281	0.05824777749337904	0.04458400416798742	0.0376539827541136	0.03466689674060686	0.033432840219571304	0.036342483102644325	0.03990013645631603	0.04789127137216295	0.05981952357630829	0.0697730038227303	0.07758756598228522	0.09780255285064195	0.1125047121488529	0.14154233384312406	0.12863195455099974	0.08277159326874022	0.049557546779729456	0.03526026270628956	0.029005241313925394	0.02699461400887991	0.026329224150324546	0.025969535048219302	0.026669567802736428	0.026965482359714844	0.02807577936453879	0.028559746554161342	0.0281062549535024	0.028437454149426486	0.027723257393676967	0.027242199007731678	0.027042964493400726	0.02540556892108938	0.024833579324238037	0.02296907735191906	0.02140277652814525	0.02016590125383783	0.01890927432407309	0.017453483896698214	0.016160181470834294	0.015393407647857427	0.014536959738639846	0.01367806284690782	0.012964894752852138	0.012308660179312468	0.011703511080306291	0.011104526414764067	0.010320491130234838	0.009829142665410325	0.009339272394358217	0.008832552026175168	0.007744849523153869	0.0071277796683575255	0.006587786048913343	0.005862668146019619	0.00536769392551903	0.004885556860748359	0.004640244940743027	0.004244463226875043	0.003961187535342126	0.003699009901328479	0.0033934745348976427	0.003205634291565561	0.00309957843940154	0.0029799259669722514	0.003029378225644726	0.0030391250387456284	0.0030513478911285198	0.003134789628403905	0.0033105961040090894	0.0034281334918033254	0.0035713462767343346	0.003766792265685687	0.003969163960478336	0.004065174123873823	0.004208877407590348	0.004315322964457565	0.004410808568395211	0.004343351257750244
CC310414	p2	0.23943253489976551	0.12307807186359339	0.08453794355982312	0.07068558116203458	0.057259831437820013	0.05378601874790955	0.04929045376742835	0.04554799453934645	0.04317826961317466	0.04211555791584057	0.04072000049834452	0.0398211866630363	0.039842476070261396	0.03851553081934281	0.038561869860816084	0.04048679949028926	0.041093277284706006	0.042041873976230326	0.04497595722139652	0.04675173299784398	0.04611199379128434	0.04105771137596784	0.03679812963486107	0.03565146824001358	0.032585933104410804	0.028463585004674035	0.02442032076381835	0.02280023819336598	0.021326730055651052	0.019429557948372124	0.01819031729955053	0.01768530104778363	0.0174838648852543	0.01635690414874304	0.01571729299457818	0.015767031489009327	0.015057641625216446	0.015039247631338548	0.015160391607249739	0.015503631870374195	0.016564887750874047	0.015258471295433059	0.015412500131811821	0.015268857295714788	0.01513572387083975	0.015012296165107221	0.015034734974686152	0.014403849996848208	0.014862718276874493	0.01538874726072745	0.015309986563560701	0.014701272989984492	0.013996536447636279	0.014685686592930989	0.012803249602790721	0.01151925196019236	0.010616755117044477	0.009509710509828458	0.008842995298632722	0.008537641916742032	0.007989959223372855	0.007612364260764122	0.007346416880153844	0.007150830089820763	0.007020966371091462	0.007004370853463479	0.00679287370329371	0.007136957331050219	0.007514511581061479	0.007763904513476338	0.008037804837504443	0.008400012124399062	0.00923121496440201	0.009587942518472546	0.009766933101209057	0.01020478234479883	0.010367168460993116	0.010417784555764384	0.010346681232021673
CC310414	p5	0.18354372076013592	0.09515656587998994	0.06682037085135052	0.057734283523305945	0.04886931698250675	0.04567829960221012	0.0417594089601495	0.04033539338937091	0.038775210971883675	0.03676032008406015	0.03544942073194387	0.03479322621187462	0.034833955478530236	0.03577596105843128	0.040761174699163946	0.045955150664002395	0.052526374925280866	0.05763876066091494	0.04831286465097994	0.0370150859814171	0.03359307154511676	0.03331933205491933	0.03504471170463673	0.03552074492322983	0.03478562633101299	0.03287301883425703	0.029231154934579177	0.0259677860110943	0.023413445168410624	0.02135426559391592	0.02058844979134636	0.019953805903030877	0.02054381022134421	0.020203850612406274	0.019412457374997166	0.019593711682251335	0.019512459041973348	0.020041168252344248	0.01883267954520656	0.018412916118463612	0.018053815241955797	0.017811286894929664	0.01873095384561818	0.019076475902574573	0.01943836627823438	0.019816662760217364	0.020081604520188288	0.019499717133963167	0.019422606708407685	0.019659661493401932	0.018974889830783676	0.019114906427252307	0.018346774291582664	0.016542174085279127	0.01541332321206637	0.014534337815679798	0.012886409455376084	0.011479704994700333	0.010423073589681045	0.009788599004565367	0.009290315391466136	0.008606596113860098	0.008125251132768603	0.00787961130773495	0.007651437573883495	0.007664014775295878	0.007865898116580686	0.007998524896745218	0.008096374046181127	0.00839699329564979	0.009007760609799124	0.009591746337934429	0.01009970908023714	0.01033932180342776	0.01067447203866022	0.011436212900017013	0.011744175463704232	0.011782265189749855	0.011465010215750903
CC310463	p2	0.11096638071216872	0.06501863553707596	0.05162678078409358	0.04151760083235644	0.035588951950945316	0.03194636105371965	0.03158840478523422	0.03098446521244129	0.031729125621297816	0.034720699688225214	0.037747256946657703	0.04243365726520144	0.050156740508082394	0.06419309194956781	0.09350433888849646	0.1028742176867895	0.08693474085828617	0.10861172536966097	0.10396913459327052	0.07581226646919388	0.05394632087446631	0.04037511337192094	0.03439982722001027	0.03160208113228535	0.029594584901365212	0.027822336272432108	0.027026757414645032	0.027083452043446064	0.02739184815164585	0.026855958356702868	0.02624128152383336	0.025799029305290197	0.022744193965260746	0.019757442557640458	0.017812517970822873	0.016345764667259968	0.01604530461805458	0.01614083169639326	0.015241777134993213	0.014283025963012863	0.013697162523779628	0.012979824887424744	0.013553957917627892	0.013526020782315936	0.013520525215578474	0.013535817526970003	0.013785249120284036	0.013737194575255398	0.01442467758930382	0.014131727687768431	0.013559041619120549	0.013844615513964955	0.012910456978828592	0.011849036968279868	0.010941588064319505	0.009649835668288528	0.008167148637640773	0.007129529381336009	0.005979366295859036	0.005335331901789554	0.004691119762624078	0.00422843929068932	0.0038764983442698083	0.003672141750510497	0.0033651754036072364	0.003272375456958086	0.0032486251182995063	0.0033482269339659195	0.0034777553129857193	0.0034737077972821946	0.003527379485250491	0.0036324793168242262	0.0038739562373520144	0.003995855285669025	0.004108362899161237	0.004232061905725115	0.004282078730863364	0.00430886067469738	0.004351911878733783
CC310463	p5	0.06813503645663711	0.04711478086493096	0.03924473257044169	0.03359551896137222	0.029290012678661412	0.027039734080158886	0.025888039204147683	0.02723799675560877	0.027891020453380513	0.03171853726732915	0.034776975107314236	0.040029156078804314	0.04979766172665484	0.0638248843674987	0.08871882825510904	0.1128723508909364	0.132150246102621	0.11658125072832923	0.10540956699865892	0.09716840059731353	0.061888915863184644	0.0430568771480113	0.03907240422923112	0.03651499696532923	0.03516048432944472	0.033519803306336464	0.031055139189033753	0.030456557384789144	0.02959436984630746	0.02793964006537431	0.0269172222671145	0.025711005814257736	0.024160955686475506	0.022889286775381948	0.02184496701182641	0.020166727364041744	0.01837352917072195	0.017087376834104134	0.01705978835330307	0.015975154995975144	0.015155903142756631	0.014860613925760215	0.01447212470943765	0.014158515935926616	0.013878826032536285	0.013629954520267648	0.013440654549602084	0.012964538920874508	0.012122393153160627	0.011555532640128865	0.010678012246984064	0.009249294545342079	0.008753353868216381	0.0077489807247235355	0.006847467844525	0.0059463132745785074	0.005315750270130878	0.004665168790800406	0.003981902619501383	0.003621015680309389	0.0033386231868464313	0.0030827068989509494	0.002974101021961433	0.0027633655227362252	0.0026024658025634046	0.0025122369040201163	0.002567353060446813	0.002595976552062886	0.0026202091075911557	0.002638519886228528	0.002741150287172159	0.0028681713291094685	0.002976080359457295	0.003069957884591223	0.0031600482381323185	0.0032489318840354386	0.003317504281677471	0.0033729315471811854	0.0032818686636771318
CC310473	p2	0.09369043325212445	0.051061888547491364	0.03691658296326615	0.02995954216253349	0.02718779568818142	0.025892436280517902	0.02652476701113279	0.029026277810624907	0.03431458001828749	0.03544318292201739	0.03286711058564329	0.03391390742880039	0.03496775402685872	0.036593809372798894	0.04353147747460171	0.05765125803350905	0.10124961968133557	0.2435013382314552	0.2152935430739259	0.08453330771850766	0.047794268838925576	0.03782365635068186	0.0331221667190638	0.03071101352866457	0.02769900877292817	0.024261429417021793	0.022208788162847586	0.021503617285470497	0.021067595111526262	0.01966855571424994	0.018859484695121033	0.017807536975329264	0.017599270475048907	0.01751494632523216	0.017266859284931952	0.017959667326804624	0.020312844537878776	0.021914992349077594	0.01970050340380445	0.01678089841998152	0.015889400868370686	0.015898156822660905	0.015702447730714223	0.015584702538187514	0.015492477707511613	0.015423773165841839	0.015477308202097912	0.015226607284026807	0.014162789630220024	0.013438694919914082	0.011983895839970135	0.010660223337166421	0.00950391954564311	0.008403509681200409	0.007712467488745285	0.006921226546955628	0.006434860529226738	0.005783669076159844	0.00517001358946141	0.004636325603365755	0.004473929708499709	0.00404759243477496	0.003671351636950256	0.0034546968090390894	0.0033412559056848743	0.003282568958480276	0.0033275960765611757	0.003280281006985606	0.0033683143633563267	0.0034941393008131455	0.0037262935500470477	0.0038695989258089205	0.004033378005995802	0.004200119012459528	0.004277024252512591	0.004372635330494956	0.004522295972599403	0.004637036396346047	0.004521845786016832
CC310473	p5	0.07848787828901974	0.04436798646626862	0.03332772701363255	0.026919990121386086	0.023634065866440415	0.02382706136111382	0.024442006671739347	0.02491656160938776	0.02526079757028762	0.02388841103993506	0.022809588692218396	0.023768178039154392	0.027725281620470724	0.0327775516782876	0.04344055375581584	0.07482287773236768	0.21643370835629155	0.34223284854961905	0.15759066660945595	0.06195210659687482	0.0391433719419963	0.03157362941500696	0.026587563145429538	0.02403068096347996	0.021443942240621027	0.020194529519545108	0.01924773023925564	0.019081818766786374	0.018904572680654486	0.019046695268049155	0.01838911182823456	0.017765803666795067	0.01785357031882637	0.017986900174505285	0.01849130503969363	0.01987134873486874	0.02036155626231664	0.018327101704087488	0.016533173023682533	0.015335924771375862	0.014667220793749262	0.014807889211848477	0.014457484865390276	0.014359383314230995	0.014286708653439171	0.014238306496600442	0.014142515362430186	0.013607457991335293	0.012618083434311228	0.011392496510405109	0.010532556702684073	0.009603321212151798	0.008754381765756287	0.007835129902709076	0.007324658572877388	0.006697469067016821	0.005978636527766896	0.005404126759568349	0.004984881579782813	0.0045691677062449365	0.004239218722969472	0.004038818102655409	0.003778165150889388	0.0035898470597693377	0.0034999609413188817	0.0034776822381451765	0.0034601883392776332	0.003516069461871776	0.0037188424855654377	0.003868135197623825	0.0039342503987981935	0.004050286211525318	0.00425923689713319	0.004575529916595496	0.0047986328501900865	0.004868811339353487	0.005050953274282376	0.005013496990625383	0.004895519581287409
CC312058	p2	0.08993977952308915	0.048254141522483404	0.034825463783030516	0.02727012363073686	0.02280516922682305	0.020370154409338672	0.020300325938638824	0.020027891652593874	0.01976968925883993	0.019282721141008933	0.01912169982903928	0.021098361596032542	0.02497162104414586	0.03246027649614505	0.04720394527810864	0.0782290459821108	0.12765756657515034	0.18511593004593352	0.22726120822167356	0.1861013866952049	0.13378128793037428	0.07543442125025564	0.04062214359436971	0.028390837007705724	0.023244355553468092	0.02138384021326887	0.020008288742550853	0.019320447877344157	0.019044516409385173	0.01808383857428188	0.017649992864849494	0.01773636076990267	0.01754212085303011	0.017902978472024312	0.01766380273677286	0.017579334771891286	0.01816255435279964	0.020692033058412187	0.02048672170444541	0.016485398389490646	0.01391914644963688	0.01229456332523355	0.011121106805379593	0.010019197935998633	0.009079476011964448	0.008273656118426197	0.007587841447153015	0.007261371395201436	0.007153950068576271	0.006641383049023042	0.006022829790633651	0.005984138515861259	0.00580243087123258	0.005354019749930322	0.005050279717654709	0.004745181271200042	0.004352279046378453	0.003988957976086714	0.003579597108475631	0.0032700403013862117	0.0030799551698030415	0.002853535042570936	0.002666052005487007	0.0025479794308960863	0.0024597968381506216	0.002356309194276058	0.002328744335705242	0.002391543102789463	0.0023793972704266673	0.002399909772490318	0.0025756343227213018	0.002657813841462322	0.0027174631607276775	0.0028190922776016977	0.0029889719182834636	0.003073121098281209	0.0031575566959491513	0.003172417564138064	0.003122745575202201
CC312058	p5	0.05029000319498493	0.03089069129685116	0.024600130403855454	0.020609243342174365	0.017629893615623005	0.017373285808737867	0.0168460897662278	0.01741096454358886	0.017498369739449904	0.018015489770744214	0.019626284454202763	0.023357380122057774	0.029741452176974464	0.042058156328570004	0.06894422390379781	0.11471665987033637	0.18590659654188216	0.2596933604830134	0.2491983336293268	0.1379755185744406	0.059160770360412424	0.03639990864570697	0.028659512942652222	0.025346695521493882	0.023088260392494477	0.021697709041098665	0.02143042804417945	0.021147209404928622	0.02113514834580914	0.0209404006946278	0.020220084830411406	0.018905274762507016	0.019715223097468294	0.019865719503938593	0.020218228953045717	0.021477082030794688	0.02113982889988842	0.019083088443178516	0.016759456841814114	0.013655194100271781	0.01150195352010777	0.01016011097380938	0.010152630334613019	0.009569983431703288	0.00905097476152086	0.00858699095937414	0.008148672508653794	0.007923003171938945	0.0075723971975669305	0.0071654445373209134	0.00672607550808842	0.006417546413928156	0.006101041810369798	0.005697992735428677	0.005372139546799773	0.004926680118512097	0.004410666328408159	0.004076691307364875	0.003697666129342284	0.0034036585855506214	0.0031019759625428123	0.002985388385440597	0.002744834190357718	0.0025399569813689795	0.002388428809438551	0.0023584085382492826	0.0024125136575214967	0.0024386734355179686	0.002474979455327451	0.00254361691608963	0.00269103891843614	0.0027757470162556265	0.0029204694877734364	0.0029776316424111543	0.0031566104781821087	0.0033036729629942574	0.003283517011244182	0.0033423061482819893	0.0032311185921899393
CC320022	p2	0.1591610962429123	0.08699360022240256	0.06609131075769466	0.05571093361874179	0.04953754822746064	0.0469209455314982	0.04521930974891067	0.04409347429416046	0.04509787467668683	0.047076910072101956	0.0478957308301857	0.04638252728598434	0.04336833527534626	0.042706365523572015	0.045854684867572985	0.04844010379229248	0.050626307089630014	0.04402325761779841	0.03928138350499584	0.037005543165125464	0.03804670729503827	0.037691121477891415	0.03271362041237475	0.02899080001312408	0.027023690023266846	0.024416221803449635	0.022525597521935687	0.021175557666700637	0.019748978420395753	0.019488576618603114	0.0204120993797753	0.02218784278850381	0.022428834513045785	0.02309803151849285	0.02286266028944249	0.020858283673866933	0.019540729211207877	0.018652346911908528	0.018016447821124753	0.017527654499202135	0.017743397737243132	0.016873545669563467	0.017309302323976195	0.017308185222314854	0.017326528556273844	0.017362862718644047	0.017075220331611653	0.017868422723782244	0.01803861596681062	0.019687243660199697	0.01740583960498536	0.01645981926914556	0.015366166208496252	0.014532011472731735	0.014131860472836126	0.013718742261048066	0.01285724010334509	0.011662905534321377	0.01070877666122067	0.01040197346331085	0.01014462306663468	0.009559344614062834	0.009090856645587411	0.009239443573052897	0.009071637924219448	0.008948982528152315	0.008969868324301486	0.008938702105722654	0.009183826489275822	0.010062973986787106	0.010602638893900038	0.011099040526354378	0.011542690290700488	0.012070858821499917	0.012177367178767778	0.013096854283512238	0.013398545514560066	0.013265711271895516	0.01276975583236852
CC320022	p5	0.12011098407736547	0.07423193891225481	0.05918275116113182	0.05399131927489726	0.05095699631469612	0.048386569488204294	0.04609763523579368	0.0467590344423447	0.04827018007496817	0.04897429872699572	0.04861697806463353	0.0481581277508807	0.04996119384814952	0.056179622238964555	0.06255922823916041	0.06369279204095045	0.058616638801021054	0.05102908156796518	0.04639794111419269	0.04514236670023253	0.04486195684129554	0.03986131235649109	0.03191537917376385	0.02846738445818056	0.02644337777112865	0.023568096545122333	0.022474670624530287	0.022284084481525336	0.022420538127558155	0.021631646191291248	0.02134728236873323	0.02348240973582192	0.02532191855182239	0.026225462339735682	0.025082970744770464	0.023125945481567795	0.021425792201470045	0.02045487038914713	0.019001605442847774	0.01757822427363419	0.016980049654140284	0.01678045143516704	0.01651865500789762	0.01630121034341944	0.01610750701709334	0.01593551934373337	0.01552803337461907	0.015241870128213724	0.015139099785264464	0.015094854086699843	0.015197635190681102	0.013820511348429432	0.01308097924072056	0.012822127379929804	0.012187413266946494	0.01121594554609707	0.010730852980545243	0.009987546896254884	0.00920062152778041	0.008735494036807845	0.008093162920994644	0.007587417949414654	0.007357689487238909	0.0070475651376596124	0.006675863309442455	0.006625673081425151	0.006762115112703623	0.006907020862962784	0.007181578462188822	0.007543342827169007	0.00791226409370861	0.008197842462891633	0.008674878795145632	0.008961858402014447	0.009210433959528062	0.009548224187224483	0.009876262227089936	0.010124699822734316	0.009741230342928474
CC320206	p2	0.14427819897201266	0.08677805219912928	0.06396246407293298	0.05006332899628416	0.04120927270031266	0.03741150448195949	0.03712519038873107	0.035803337626598104	0.034689443422193926	0.034445833629122846	0.03285689388602849	0.0324698038165661	0.033363361551499986	0.033674801700338826	0.03482129695517441	0.036190292464042415	0.03703768463968697	0.04095975192357391	0.04204481151513241	0.04070754975659705	0.0390559711728166	0.03674660537865759	0.03609500861431058	0.03473351738200244	0.03540126758291856	0.036470648288082864	0.0375145486422345	0.036584159614015566	0.03502027708598849	0.033738872729871305	0.033534846709681654	0.033458709527126644	0.03162665972024046	0.03027847814524585	0.028913266415265385	0.027814865935133534	0.028126123674455314	0.026962239724179063	0.027120155383196794	0.027136203092036806	0.02658355105182673	0.026498199188644583	0.025993817488126923	0.025686704322189793	0.02541176524913229	0.0251664046815318	0.025274775154200898	0.02372490852832305	0.02188523047077116	0.020908129199850363	0.020006142588031028	0.01747683484910112	0.0162818984026565	0.01500876357046846	0.01334449578527427	0.011668896775998193	0.010577754626285898	0.009695757609658712	0.008583223623209601	0.00791073153346995	0.007077137402783784	0.006495703164419793	0.006013832430772296	0.005656132305553195	0.005512009912496805	0.005281437743569834	0.0051631813186742165	0.005169009020406088	0.005289638896700319	0.005363376471944938	0.0054755314105712095	0.005588976651219066	0.005788321973652145	0.006040474489105547	0.006219640816825339	0.0063751433004583455	0.0063316637560381734	0.006212809024795451	0.006343590363781764
CC320206	p5	0.09624577791554614	0.06218060827410926	0.04731210731860303	0.041013256695802795	0.03570158630731869	0.03374884369130483	0.03300194945596838	0.032301595131481245	0.033340076188229	0.03335958890546597	0.03366805073436128	0.034573655208168325	0.03401999525326504	0.03460330250443429	0.03602083439138944	0.038034494774366955	0.044074525227675014	0.05192404905489322	0.049694675193035394	0.04142440071040843	0.03792090234822992	0.03607566223890164	0.037418922936763716	0.039613947386373485	0.0396253973939697	0.03741597737642416	0.03616820682191285	0.03477282306067799	0.034299936762903896	0.033421760289346555	0.033325135961858196	0.03245331580743261	0.03168875907324162	0.03172074240805339	0.031347095589262616	0.031087328377353056	0.03057037924593757	0.029829383213338685	0.029774005020895472	0.029375312036934977	0.02919142511858419	0.028210933195745042	0.027634334369467876	0.027091721095816177	0.02657878373666181	0.026093277586572365	0.02529491856251561	0.024755035019390192	0.023380208751804358	0.021403775906896395	0.01961047603613612	0.01870077038590288	0.017523582916494324	0.015875047523554633	0.014585073210014128	0.01328991104091519	0.012001456642614398	0.010963001248018493	0.009823402780403823	0.00878493572696602	0.00814467365427065	0.007564002397848088	0.006772358636022352	0.00657422273958388	0.006255711353599138	0.006014241671561822	0.0059683566744448534	0.0059892358730590485	0.006026255273942974	0.006060892303612198	0.006247182262699834	0.006414169517200224	0.006635243317173393	0.006787017725842871	0.0070632406386379075	0.007142201954124656	0.007026572926186779	0.006982110443852297	0.0070295249079948925
CC320218	p2	0.11111141327388856	0.06631195710555457	0.04864220133788441	0.03958973485666813	0.03200692122815359	0.028326015441621635	0.026270804419574682	0.025030266795515	0.024893780823645514	0.02560084628262003	0.02598375088761412	0.02753967205360063	0.030820907165206596	0.03594868500252415	0.04003605949328504	0.04413660036971742	0.055405620857705125	0.0966193041296642	0.1639469655697536	0.12021114530212408	0.08848684850692923	0.06908777772028799	0.05312279522762612	0.044300004522958805	0.039930587479462015	0.03605904017699192	0.03294418057195801	0.02956801200820334	0.027633547811638643	0.02456889409328402	0.02452408148350864	0.023231704458195973	0.022035065840803218	0.021366000601532018	0.020655042977591128	0.020369038119528424	0.01993517036099929	0.020112800761356783	0.020145646696934853	0.019443303549976955	0.01893991243710395	0.017880267493721166	0.017097038824411052	0.016384693109569394	0.015736238529251004	0.015144297801744547	0.014499103141712535	0.014591674914510279	0.01351896220040225	0.012512481918305098	0.012080408111503679	0.01130503261621966	0.01053582249577913	0.00982314085904629	0.009203010765804756	0.00849669094518245	0.007944406759699697	0.007330895085689676	0.006755231028367042	0.006239497373284817	0.005831580109130519	0.005338030175277227	0.004852912041454927	0.004457772291052424	0.004171454351245886	0.00407771733784144	0.004060099845964352	0.004023652514274954	0.004079946290699351	0.004094005963647155	0.004219242641054362	0.004294947250782087	0.004396523039976366	0.004453632429108096	0.004579489179729618	0.004759998256732206	0.004774494760073637	0.004769908757575382	0.004698595247854867
CC320218	p5	0.06558369439450859	0.04436803295378204	0.033546683582734244	0.025980094332604967	0.023007265518548925	0.021371965938441973	0.020680632559676573	0.020299448797036226	0.020232825824559618	0.021432516313995554	0.025277443128711656	0.030953763078318857	0.043808651852627695	0.05140660511003286	0.0628443975536552	0.10134684906425818	0.1330092920669961	0.1538176496886642	0.14562930626908827	0.11476563529928116	0.08537358204934264	0.06109999880311184	0.045996884979686556	0.03755983089664445	0.03372960430303057	0.03206795824794409	0.030488622613472183	0.027223294296491448	0.026548468220110914	0.026591584916377437	0.026794419675876074	0.026123354849379034	0.02550554910338775	0.025491999479711588	0.024479670665320124	0.023316384521552193	0.022266686966535717	0.020759113113106124	0.019503998933838963	0.018085145069456226	0.016763065938198755	0.015294234955046436	0.014570733028683851	0.013658571961863384	0.012827506965324404	0.012068523488062758	0.011297134405388263	0.010930055794551873	0.01016106485423354	0.009430801751613377	0.008818216570868195	0.008211660338999272	0.007550601038633217	0.006976290016456456	0.006279787545212925	0.005602156300088275	0.0051251144983672624	0.0044889412516760764	0.004030604974571498	0.0036113476120667606	0.0032475059429767834	0.002962148387023387	0.002764715780082859	0.0025384023127495827	0.0024180063235696965	0.0023501465250021815	0.002295024564150376	0.002277727407566118	0.002305388827082986	0.002336888780080086	0.002284481815287671	0.00234520133488938	0.0024806299116978334	0.002547313059526105	0.0025546509707473717	0.0025611689677131314	0.00259273083427645	0.002593372248320859	0.0025420497654119467
CC320321	p2	0.11037486105872507	0.0712541358816665	0.04624475723831201	0.03949227759804065	0.03848137308471617	0.03622364525441391	0.045117232933642316	0.04955146476305008	0.04833933261084429	0.04975624374738541	0.040201043920882744	0.037222939214494564	0.04329275199782675	0.055742010674508395	0.08748864850226737	0.10557901996399795	0.0777790817906918	0.06315298785992181	0.06054192660566826	0.06387181594272003	0.06842144012119987	0.053566721580603285	0.041858278532281676	0.036448797806937085	0.03202433232735045	0.028871251085156053	0.026334614159984546	0.024190540418549837	0.02342587060930974	0.02286027664777906	0.02401635113169713	0.025602496594316477	0.024638233928163535	0.02293996258650911	0.021504478029931346	0.02015888388819487	0.019694653035135432	0.019628961171330363	0.019173904727726142	0.018798125442130612	0.018859419611940924	0.018322543823425064	0.016673721562229637	0.015798458650084352	0.015005315587145455	0.014285398994967441	0.01357369365883213	0.012931471745719488	0.01221383709037679	0.01126954479397718	0.01067076062382828	0.009489489092994687	0.008751142817704676	0.0081494921997466	0.007491835417368286	0.006912520058334585	0.0064924979146303505	0.006048110298211443	0.005792644679900568	0.005309472434534736	0.0051872465033361926	0.005034020009566063	0.004599444628623688	0.004554800274118477	0.004474768494681774	0.004323326921893419	0.004246583014068654	0.004353947603185717	0.00468741918679616	0.004436381921796321	0.004545517157252784	0.004604255545744018	0.004763986807371042	0.00485660500314773	0.004975531406707207	0.00501239536158036	0.005139663476065742	0.005048619244318036	0.004871644890187179
CC320321	p5	0.07986704868463544	0.06474257507904088	0.037277750049568736	0.034319707639908395	0.03993156045264794	0.030699633478048754	0.040090002915596196	0.054681283076918455	0.04058842035892291	0.04054610519358767	0.039578200238923195	0.031418791079062494	0.03913360682621644	0.04763173448821598	0.05749191107270717	0.0645715588030344	0.06235859331275072	0.062374474904072504	0.07555543232218877	0.08224165940906812	0.056295447073385206	0.046188061816070894	0.03911957853317159	0.034870563396837584	0.03355674674450954	0.030076232869307055	0.028717356037667806	0.028807143741677022	0.027118348257484017	0.02870227051885013	0.03117348044756216	0.029222295306708886	0.026219816809704605	0.023908550844025322	0.022474267646722078	0.02237374229627471	0.021683765071648806	0.02196006175500363	0.0216460896899302	0.02205237223115535	0.022491476585377472	0.022582388327114688	0.02055406991718337	0.01975437414331615	0.019022353785570916	0.01835051467976236	0.017631136025170337	0.017169778067047486	0.016413933682019786	0.015246975605325619	0.014247909267980252	0.013119582977495966	0.012435887113717974	0.011333720637423045	0.010482891058609148	0.009939868798531284	0.009137133926072252	0.008324523297816971	0.007839051311598507	0.007264706443301793	0.0069185850557516625	0.00670325112504667	0.006151568194463164	0.0058693530945698015	0.0058986337919413965	0.005790046565877172	0.005765084320367597	0.005779841901335229	0.006037517571268961	0.0063318092301680885	0.006538742884934234	0.006916336670557577	0.007130360462601903	0.007363681373655001	0.00764711321085537	0.008052155138745862	0.008211397616132802	0.008217936808806522	0.008003186403983403
CC320342	p2	0.09945724121802543	0.058852783280189856	0.04283981085735897	0.03717932233721974	0.033757218485453336	0.033841603631079194	0.03452963154944732	0.036708303428676106	0.04070273296207107	0.047017382822412676	0.05727086327737845	0.060077453869398195	0.06489593933598417	0.06391650389312152	0.07151730966020027	0.07802537950679866	0.08407038224279725	0.08697148311745158	0.0726740883500317	0.06470887371305459	0.0636808915678483	0.05622170387351774	0.04841705192948507	0.043043793732140616	0.03781421646936054	0.03242810478863911	0.027965607062793777	0.024998257402016073	0.022737379042116514	0.0214688967763732	0.021481459245759532	0.01972726837731725	0.018957226221738156	0.018347396730011064	0.01730204413106515	0.018174809479383994	0.019084284443484135	0.018193195926843937	0.017789146306412457	0.01702344063292568	0.01657676966136861	0.015849635127144282	0.01576799667006985	0.015444837827559713	0.015144129886870462	0.014863920765974224	0.014707076565463007	0.014093643598187133	0.013379479035840714	0.01327715941306181	0.012465823484886375	0.011637484646111234	0.010860633542905418	0.009886987572410261	0.009389618382267656	0.00854802941905333	0.007532161472538577	0.006893081804362585	0.00633368471218872	0.005607873999181987	0.004956543292672332	0.004608586663280992	0.004324329348391084	0.004163507685714815	0.003957265053491237	0.0038749217561042286	0.0037925728542524046	0.0037904332628630843	0.0038241073742858165	0.003903327121413509	0.003890706280024674	0.003951570889566356	0.004224856898087704	0.004323461328364053	0.0043924397672074796	0.0044602128417954535	0.004574537730030872	0.0044658023698057984	0.004237857653665671
CC320342	p5	0.08395108906380712	0.05158169285735299	0.03916598470750586	0.03170391325895612	0.030588202635012458	0.030857165773632445	0.03149961141674186	0.031480090415888284	0.03401278601928106	0.03795951532178784	0.04297709741640088	0.04620865031893394	0.04958244787366487	0.05436001827934839	0.05822700203967453	0.06464260995114503	0.07376578517092337	0.08696177012315406	0.09016522944012074	0.07924737957762473	0.07277548293668597	0.06793131942046568	0.054684024573201415	0.046884259870754334	0.040864557930210384	0.03401620600113807	0.029448150726829082	0.026471660718311793	0.0254188747183663	0.02218849609584858	0.020803083654072185	0.02040452607173008	0.019570633936462245	0.019269238128449072	0.01946151609510925	0.02000044532783351	0.02006464415791121	0.021260129520448843	0.0202045425209995	0.020033027199240182	0.019428007633815376	0.01843307740161882	0.01831664485749448	0.017848214185938443	0.017422527486653377	0.017035380357209622	0.01658667175739881	0.01617657186177109	0.0156026298658216	0.014533636684078326	0.014263391981365085	0.012886006142697644	0.011880285898542895	0.011224698142040633	0.010436856150375116	0.00987000954931404	0.008967236663290254	0.008306111960592564	0.007596291794915662	0.006962128627345141	0.0064004028377248395	0.0058461222333055975	0.0054029812376887535	0.0050290593987565605	0.004865546339399295	0.004707427167645477	0.004611548347798481	0.004719050765919182	0.00478698783235715	0.004886039227419885	0.00500217501622788	0.005155801502825238	0.005226702215440545	0.005470723089003413	0.005581741592077164	0.005774063214508569	0.005707038293909668	0.005580028243235455	0.005505731418713382
CC320359	p2	0.0907118043585399	0.054567340645234774	0.03819925902749885	0.029564265260672067	0.02410769374192589	0.02123848452163866	0.020307397822894858	0.0211663577764541	0.022206752826584335	0.023576966596566714	0.024920237472587092	0.02791240182293071	0.03096955760410205	0.03829135232152524	0.04713162171637719	0.06760786979372653	0.11042242827568631	0.11768737176609102	0.09701581366152046	0.07288300567534253	0.06353598415388748	0.05739068184198502	0.05158444561618261	0.04823301962415464	0.04003297443841729	0.03361781397824686	0.0310578211582169	0.029656428245328447	0.026798660355471616	0.0253909012762447	0.02421741946409296	0.02418404062609552	0.023866276082042517	0.02333916569315346	0.024236384540382395	0.024214089759995693	0.023862716429597898	0.02360128141433632	0.02256692193969514	0.023023713107872084	0.02358794733991855	0.025393020111882634	0.024542014402787433	0.024954088642560074	0.02538309094403151	0.02582868729652779	0.0267090575341	0.02389281709637843	0.023692462228582702	0.01984683409309463	0.016435262217235555	0.01408679541031449	0.012971631146069166	0.011491595605791799	0.009865285220003073	0.008485058249355264	0.007466584981286946	0.006550515261793239	0.006032887044119951	0.005337928491190801	0.004939423030645895	0.00473604602546576	0.004345889456434522	0.0040259349267217324	0.003868036843488641	0.00374701680410138	0.0037604706204740147	0.0038280239231171355	0.0039974018154517845	0.003872887221764133	0.003960446777796205	0.004153623889469923	0.0042292678005489085	0.004293496307030559	0.004431606365682245	0.00451230143681215	0.0045969677536593445	0.004433481484405297	0.004342587891754779
CC320359	p5	0.0644163090751355	0.046709261106308624	0.03838313349719481	0.031585884861000516	0.0258799221510822	0.023012043733982062	0.02175859753083496	0.022453414426583874	0.02367549406955563	0.024148568597141807	0.02511624608846449	0.02862716305557189	0.03570416125916106	0.04743514641725482	0.06289861147920642	0.08504286502395991	0.10904411104243071	0.09893229389070822	0.07941464229618823	0.07607461448789855	0.07395553509658445	0.06928887193562214	0.05881805843386256	0.051131117924345014	0.04521562327602065	0.0399229713974349	0.03646889439354252	0.03492835859124519	0.03175015989168768	0.030262308315867324	0.029008565463903794	0.027777264574150168	0.027226348224025743	0.02608984879192091	0.025517816886319485	0.02499736558140249	0.023427551574965105	0.022115865297281257	0.021700308220367448	0.021190577407230307	0.021674435119895197	0.022024866869233314	0.02049374551487957	0.019989991225608655	0.01952040368574306	0.019081959488780078	0.018832745948274436	0.01680740279700908	0.015132741631094248	0.014062126941269555	0.012348736353793218	0.011238856389827592	0.010341072866431924	0.009457179236639992	0.008523219084864647	0.007674079522880219	0.006906985425738839	0.006268271911724183	0.005696193878589264	0.005195571021797115	0.004737441905068107	0.004366708677158545	0.004063921788686669	0.0037277090096095723	0.003454993856663141	0.003427791115340852	0.003370180708323306	0.003415870218441302	0.003421290164604975	0.0034618434137651598	0.003551740025966971	0.0037176359448020616	0.003778841039509388	0.003896251122074393	0.003860584189420812	0.00392888173752449	0.003836115239349828	0.003880544388302837	0.0038666594228754956
CC320500	p2	0.1442132713012552	0.08340106021141458	0.06161969746616287	0.05260781578451901	0.06744575777230866	0.05410776067111517	0.03811555546084792	0.03491247079568917	0.0342773886129028	0.033543008563560975	0.03314278866707203	0.031265785682321176	0.030007159648939605	0.02982973824527266	0.031164103220934086	0.035727664103230306	0.04576822725185902	0.06107976716425972	0.05545772868607266	0.04477160562188279	0.037084170025327864	0.03418649334092049	0.03176813826178507	0.029784137671571786	0.02946627900252181	0.029094410173633664	0.029094502865154123	0.029563816772149785	0.03018888984304612	0.031185198030028647	0.03213753874247848	0.03278029731267709	0.034448437302935994	0.03810383448686445	0.039196144014476304	0.03896201480182079	0.03821985136811683	0.034615462776447205	0.030159982720407524	0.026067290821123468	0.023387722438397474	0.02161839324162042	0.020759238988900842	0.01962210643422507	0.018595610288403813	0.017666543719366035	0.016696113659347697	0.016443425241835924	0.015770978880271277	0.01605535937182562	0.014379829826928545	0.013838841548803256	0.012843166341617812	0.012307347439543443	0.011348968742020415	0.010212512932463102	0.009487644173503706	0.008687351137671643	0.007856853079961024	0.007228812148708986	0.006684412877121763	0.006412815158239497	0.0058861420417906886	0.0055345146182365435	0.005399595351114827	0.005413991384471949	0.005474450842136785	0.005535087515859911	0.005746129670578447	0.006009637582078787	0.006338474330743932	0.00656128688149765	0.0067260778241993524	0.007008442006520488	0.007219070562366459	0.007591783428864785	0.00771580600982173	0.007671756107472547	0.007610193113974983
CC320500	p5	0.10386478127320088	0.06095821734436571	0.04852992168289718	0.04415579458592499	0.050338002123060374	0.0413447177535153	0.033037064087485545	0.03297266894491376	0.03128820148447195	0.02983925123637466	0.029447413767331974	0.028654670206555023	0.028017076531389448	0.02976667422765556	0.034596116152919645	0.044619190514694686	0.057389735790744155	0.060104959849839844	0.04810955482260519	0.03938811721038805	0.03407968921128601	0.0318466416346987	0.03093517460196823	0.030187279136767643	0.030198325784663246	0.031118876311058623	0.03227048484030629	0.032543476288165236	0.0339459949744041	0.03594496910780217	0.03702060635277372	0.03797162586977893	0.03962061971293162	0.03883003563480752	0.040366435613619994	0.04106198917476249	0.0379662681743289	0.03504528636319186	0.03251292395504395	0.031138631638178038	0.029235835835186807	0.028084425296956785	0.027023081677662163	0.025983797583980048	0.02503048178369598	0.02415416633759481	0.023396766549147803	0.02095517776329319	0.019577072953819042	0.018750797429590984	0.01718453517185349	0.015712561592506277	0.014803245037685424	0.013593654441730106	0.012206894828371272	0.011048477655347935	0.010101552439187292	0.009011599700347334	0.008143593598950734	0.0076271955899216174	0.007021618402478002	0.006542249751047644	0.006256917445775822	0.005915323133827509	0.005716729731424834	0.005630080558231169	0.0054620442977836026	0.00541553204261196	0.005766995824973299	0.0059768935519649005	0.006185396250328391	0.006454655439837513	0.006754829092003209	0.0070427736529457205	0.00734878144117737	0.007362968891603216	0.007212462860676404	0.0074608720291491175	0.007505778002120342
CC320616	p2	0.06304884278805732	0.03657646768628727	0.028955109751041135	0.024952446478526208	0.022418382594456984	0.02151060780743303	0.02184872254286352	0.02313078193345322	0.025753658137506998	0.02968972347647195	0.030660457928871926	0.02894999018704907	0.027576656919980926	0.027975853814234227	0.031201173462776708	0.03522912574585422	0.03631023193156597	0.041113747678795894	0.05791698257496471	0.0709995436634828	0.05886569196655371	0.05265799182536939	0.04563450623238763	0.03868655645959665	0.03883163240446221	0.041232970045847125	0.04386907088479025	0.05177546435115326	0.05628723427995685	0.05768103951467812	0.057738107909864465	0.056161189668448123	0.052138566184390625	0.05002543877744801	0.045652258766028984	0.04237779461199041	0.039497609897933376	0.0356876461241156	0.0329237176341312	0.03201027757481664	0.031187722323134374	0.02949855176270668	0.02799625274587808	0.026755284193235595	0.025647395763299864	0.02465523584504817	0.023779763449093053	0.023008003168925546	0.022035546255494996	0.02022761677652388	0.018926014258178983	0.017220506505279183	0.014700510537401644	0.012657326671806595	0.01088818012145638	0.009005322099701693	0.007727946621166625	0.006549799402504866	0.005497946742521913	0.0047016790662534015	0.004018411528895572	0.003530619139345646	0.003276226731273973	0.00301546172147329	0.002789611162210214	0.002662545359317771	0.0026111245737373947	0.0025917777723466337	0.002644291921066385	0.0025996689623040865	0.0026139634698902673	0.002601319733870669	0.0027674329117956076	0.002835615846651608	0.0028521906747917686	0.002826687938269202	0.0028442372335973267	0.002856568241899198	0.0027335798880878228
CC320616	p5	0.04817835835240485	0.03049070307228661	0.02524062678365399	0.02153250386222507	0.019520999008117376	0.017776219488371613	0.017584366555295015	0.01829824117213331	0.01986389360153025	0.02148907860063316	0.022096201204917718	0.02281908664765366	0.025037553667359925	0.027886691025094237	0.033461217685872346	0.037685451107715026	0.04493847141690697	0.06453386976178696	0.07896943472434069	0.09812535354484646	0.10610337138623022	0.073565367891207	0.04913123415280711	0.044577332052448154	0.04483448352233571	0.043891692038358875	0.04502911265889382	0.04657037867071683	0.04842576698512527	0.0493264335363971	0.04822922431211887	0.044896922458161265	0.040984960606425896	0.038550110187234574	0.03663989642100133	0.03531391473667801	0.034606275394362354	0.03377517544062949	0.032668009027523384	0.03172019327784169	0.031189249324031165	0.031069368698353254	0.0279479442619615	0.02655600701224254	0.025305154739111452	0.02417823261133808	0.0230799796639895	0.02137079700013186	0.01980184306721758	0.018095707322213144	0.016865897731847043	0.014857886329181004	0.013173804240426348	0.01165932156844743	0.009959862175045369	0.008863639384650823	0.007510534610305795	0.006394525101390159	0.005538617546880846	0.004840713267884851	0.0042651131164311495	0.0036779940392160132	0.0033725700364184803	0.003112810824470255	0.0028777790930530458	0.002642078844155767	0.0025553957440489572	0.0024849275244897507	0.0023736001842167495	0.0023746278138720833	0.00245445350549555	0.0024597242877502454	0.0025117099384326645	0.0026436500303142077	0.0026536963885777968	0.002587174615577634	0.0025455029939245874	0.0026049151949386444	0.002528386609054822
CC320621	p2	0.09317856585391171	0.047047268838917196	0.0326946943031051	0.0269481014712452	0.02398752101939191	0.021809286520639053	0.021962219617680877	0.02239636252570427	0.02391219338724791	0.022803242345173454	0.0239695155070293	0.02966304051891448	0.03921299753822723	0.04545612280262575	0.06612178062679958	0.10697953424168452	0.16863374746415966	0.23919147838776547	0.2234642193242482	0.09137485853733031	0.04495857317796366	0.03078705648313142	0.024979688329274247	0.02068269164591805	0.0180872605247857	0.01678542587711996	0.01637568179125898	0.01612219784642576	0.01615742718862339	0.015237207746516867	0.015164478093135866	0.015298593582239933	0.016080897046798284	0.016842651755234143	0.01789341511582152	0.01892301709088895	0.02089488849233551	0.022886415707969225	0.02161763474414613	0.017613384013554074	0.015067492725393924	0.013594806343375924	0.013748370200760465	0.01316884325518943	0.01263927764078126	0.012153963219761678	0.011851275728915511	0.011147115658829587	0.010973074670133792	0.010243793255481266	0.00977700852801402	0.009435494135872594	0.00891190740616132	0.00803910538061356	0.007885915445298045	0.007440594000124082	0.006731672650337837	0.006151421928781669	0.0056366595351395755	0.005059884971505641	0.004540087769296183	0.004185538759241163	0.003922543979021762	0.003697735403495353	0.0034754178343312982	0.0034610856984648827	0.003421338033433134	0.0034248260471699816	0.0034727360298921076	0.0035784053824239608	0.0037050858010627937	0.003789302018491558	0.003922481288356435	0.004161707792279642	0.004386401744714415	0.004482390358210765	0.004392468958668378	0.0045259526983127	0.004381527129351213
CC320621	p5	0.09468309496004876	0.055321064892306614	0.0417048500775153	0.03464128408918623	0.02853671698263548	0.025642346548482152	0.024471442246391705	0.023727300941860922	0.02451382314632617	0.02640489353740085	0.028408267646232402	0.0339016058838257	0.042121992664209566	0.06216390795570042	0.12310256443250271	0.1797522404192669	0.13984035127951652	0.08112375965541974	0.0510216615872042	0.03897418116440858	0.03290351946180063	0.02751069380732367	0.02481511766821147	0.02341838790488882	0.022370667110251242	0.02109118666783807	0.020668491451981373	0.02039480760947524	0.020520907018784923	0.02154285046847822	0.022523474504267126	0.023146350631463964	0.023358430480686275	0.02282614624790205	0.023172414550977922	0.022249286761375525	0.021101978560705288	0.01960507496151637	0.01929529312651059	0.018370034810310368	0.018124898642484333	0.01808382742380318	0.01805383151229608	0.01800069373208605	0.017958360186897206	0.017925958750852945	0.017816894684465998	0.017478421039834224	0.017086241232597502	0.01682504783016233	0.01641162195520895	0.015803525608336207	0.014519202038345664	0.013781577836713133	0.012737568810980518	0.011737960080517721	0.010428463393487256	0.009381556667094632	0.008673924189186616	0.008050517804503065	0.007468331277949284	0.00725714270872804	0.006825584418255469	0.006580184719236352	0.006507853822493129	0.006420556243257518	0.006330733164147466	0.0064249392668306645	0.006644557331309378	0.006812422742710198	0.007194781018295764	0.0075201876742360145	0.008050453153676763	0.008485227153844314	0.008555915252859486	0.008719694120918494	0.008654352872602149	0.008633475901068954	0.008865194605122632
CC320636	p2	0.1454723775256316	0.09822868127322863	0.07310962358779617	0.059898278063749956	0.05130926336121651	0.044944581333655496	0.041682485407584305	0.040989008450583765	0.042687807478196206	0.04498427402907245	0.05109491098080385	0.06130572761421798	0.07604409627182716	0.10169868881409956	0.15449459600075002	0.1799885350190955	0.14053923705401153	0.09385901069216808	0.062002458288829686	0.04071451420863644	0.029908036761341034	0.023339672508902093	0.019758312674355585	0.016897735113119042	0.015079797496024849	0.014014289599771431	0.013325611290655527	0.01300185694233307	0.013043392913494042	0.013331469203303355	0.014208584607533336	0.014096075676834671	0.013135960809360492	0.011764150366751486	0.010991350182470038	0.010257600016971872	0.01028673543305543	0.009934438667037493	0.009666342007373697	0.009593649285105593	0.009905505794085393	0.010174987789881473	0.009857803209600956	0.009843674380854454	0.009832489195552073	0.009824051036248688	0.009862286522690113	0.009450508628741297	0.009160757451225543	0.00852630410317974	0.00782750766787642	0.007014932538589483	0.006111927513281474	0.00541462598816217	0.0047403366410795214	0.004149649694518509	0.0036533027332796074	0.003318206296525054	0.002928925104838109	0.002621818524679708	0.002366568024460785	0.0022746180408206133	0.002102125135351227	0.001985489655393998	0.0019158046928631134	0.001860053757201794	0.0018194185936781196	0.0017977548775294264	0.001794796139290106	0.0018218132146794633	0.0019395616531023702	0.0019740095893737855	0.002006339712319408	0.0021077358178269697	0.002183322840080319	0.0022288393934385546	0.0022425458130586515	0.002279438081727727	0.0022662718095611215
CC320636	p5	0.10651930620416841	0.07591905687614627	0.06219961622959123	0.055084183996593636	0.047850897343492925	0.04366329628830627	0.04172293655344517	0.04007727355107682	0.04035465743800223	0.04718543548937242	0.05273716894221795	0.06368214520462002	0.08686686916728806	0.128384545486507	0.18809213706987027	0.20179753901328448	0.13829699796678926	0.0804347220653079	0.05014123250120089	0.03592456345579218	0.028180639625696783	0.023333536844430864	0.01952500549765934	0.01762214256065211	0.01642547787215435	0.015450498321970112	0.014855960201415061	0.014817673493425432	0.014760271883535224	0.014996823813202196	0.014729187975661612	0.014423750806643687	0.013698840497991447	0.012696593582334244	0.011602084870137568	0.010629307021198301	0.010460503818809157	0.010188335549411483	0.009999428613802179	0.009614344723923475	0.009545231624350642	0.009648369763005	0.009538764891914128	0.00950401812551713	0.009473785267344161	0.009447771755954496	0.009436211084242606	0.008603908055562024	0.008105153253725714	0.0075165997652241945	0.006800966082153407	0.0060803903056417434	0.005597782866025525	0.0049569683934667114	0.00422650480723416	0.003817730855213062	0.0035111042519246514	0.003102401975699788	0.0027524604825693616	0.0024319268186842693	0.00221556931027614	0.002053074142022264	0.0019177888860675946	0.0018072932832647287	0.0017156056117647231	0.0016784122660764818	0.0016361375438370851	0.001653981167524741	0.0016625618855316384	0.0016553548849415956	0.0017041694192015033	0.001750281229979169	0.0018331939580552392	0.0019164075451471453	0.002014425857207538	0.0020243741148293537	0.0019843359747176515	0.001998651300475127	0.001989991757167806
CC320687	p2	0.04657344002108305	0.033273222345805854	0.02581792324883327	0.02185380889705836	0.020870397783421448	0.02002903746862365	0.02208322959954525	0.025256858198979847	0.029609857474155187	0.03428188082874177	0.04032277094167228	0.05280658334316757	0.07885462493813568	0.16319656055094434	0.2233161302019218	0.1446409743833255	0.1792870900751135	0.24993657379633288	0.13050551086963255	0.04824913908170031	0.027759963528654494	0.01927816345067346	0.017243651640685326	0.01582440152813335	0.01530561247151637	0.014856567276882376	0.01496359347416935	0.015469085010538092	0.016661542408189994	0.01843050068695791	0.017368109451716573	0.014329796171078782	0.013410878001139067	0.013701154330885654	0.013414532675276503	0.014276074273778375	0.014837730971856568	0.012571965309824627	0.010069077359800204	0.008041858250088732	0.007047342057211279	0.006393376024912773	0.006340769028149946	0.006044936734906418	0.005775803896534693	0.005530407452613835	0.0052878175482307796	0.005003459568244606	0.004981827784717373	0.005228700581496562	0.004600344940844514	0.0043266317241899424	0.004286865106939608	0.004263660692422187	0.004024988478032184	0.0035935934127120425	0.0033804941271536226	0.0029549374015714796	0.0025930059973628943	0.002353740299763978	0.002093220055268378	0.0018907935974826699	0.0017212975274081088	0.0016304822444881634	0.0015455030119892982	0.001455238384497453	0.0014271724570275128	0.0013801739891557768	0.001415630428210881	0.0014679326168754682	0.0015069870247220486	0.0016060890203946905	0.0016423871386715648	0.0017431959182444866	0.001793674801340193	0.0018051804178404254	0.0018441022689248084	0.0018318725528113319	0.0017864227542752705
CC320687	p5	0.04437331854528252	0.03070079272060037	0.02538432001251344	0.021348646752811347	0.019247793939649507	0.018746891631859098	0.019712702840746464	0.02226612515987102	0.026731061774529878	0.03202395714808327	0.04132569245366715	0.05745127911723537	0.09174220872287728	0.17677447837381574	0.2070693372825527	0.1524816936074794	0.2000248463398831	0.21610054287310637	0.09451308711861202	0.041004324142903024	0.02562881996070753	0.019449134347919304	0.01674788849314717	0.015956920052513403	0.016278961958176394	0.016176242012185867	0.016601692239247505	0.017763899020643723	0.020129634702996568	0.021310802389635643	0.01903416722646017	0.016174325476470887	0.015549958543495964	0.01582161933453204	0.015304803209188348	0.017009527067809036	0.01645241937366193	0.013033580007909521	0.010332389230704009	0.008391344597945816	0.007363341312346071	0.007093730647120861	0.0069925563652462564	0.0067923951099881546	0.006605489431451495	0.006430717323115441	0.006252555471952085	0.005673936732349915	0.005591151471925759	0.0053702729336814	0.005247215931301	0.005142444138046653	0.005032785407300998	0.004729110006507101	0.004569568001405322	0.004234889618836439	0.0037354270897899445	0.003274950156426776	0.003049460958778146	0.002764032529496224	0.002537747524407137	0.0023922647474284645	0.002210480466214872	0.002064665973046771	0.002063578125343067	0.0020190826468163025	0.0019872449114338993	0.0020435299527496935	0.002062256269380872	0.0021538984069974262	0.002279236750241824	0.002440002588822999	0.0025024045853355905	0.0026043582457763704	0.0027412994594409852	0.0028110492727095385	0.0028377710484555727	0.0029075108782917925	0.0028220339585041665
CC320888	p2	0.13865013896761755	0.07258918787749387	0.05359994636716002	0.04229022008995424	0.036835026778103436	0.03207215178915383	0.02959314117607192	0.029145415243627095	0.030261604095898783	0.03028164555254411	0.030885593681194423	0.03223880308352565	0.03165755986252206	0.031944308870219845	0.03267699113224557	0.03218863676823196	0.03295172528978919	0.03710663859977197	0.04392048554858982	0.04345804044549376	0.04079418826610106	0.038888337878726885	0.03820933903343992	0.03716984709988207	0.03806682830385249	0.037196562471183234	0.03902791052559172	0.04047429220772662	0.04327814678415663	0.047006677598936765	0.04617940844301636	0.04680256444085413	0.04456996925170191	0.04471434192516373	0.04343685959075841	0.040279371520792806	0.03737826946348576	0.035651652859659794	0.03413931047905681	0.030930620359710025	0.027510994886652124	0.025786506025424653	0.023172159129498576	0.021381551082287533	0.019797484736343192	0.018390489236417753	0.016933041042828577	0.01655959681397477	0.015869690188277163	0.01555325210330879	0.01458783899230583	0.013492034034872442	0.012977044719654258	0.012804680769958823	0.012060049898265125	0.01149983027348662	0.010888105717394318	0.009701954754573234	0.008672714438823633	0.007452477567988643	0.006809360321306487	0.006359612834336615	0.0056454001330828755	0.005139077045512091	0.004874159671796023	0.00479125937591031	0.004794279140467548	0.004925640248376184	0.005301193091919073	0.005152504414722775	0.00526968553210943	0.005551020103148938	0.005770404508004442	0.005984827396030628	0.006246480029729601	0.006432279086800391	0.006629222036649281	0.0066857892440953665	0.006659238268936779
CC320888	p5	0.08015728834689344	0.04716718810089487	0.034518531178444015	0.027824172584856272	0.024546402049331242	0.022437244050184105	0.021195125506328297	0.02169269201936889	0.02252601269760846	0.025627143806622933	0.029164636308402363	0.03267026497169516	0.034322559013856065	0.0372892647664753	0.03738858792022734	0.0381506434642621	0.0417733211294738	0.04530820547998202	0.04654549851313722	0.04350681259996032	0.04315275720128054	0.044686246427069094	0.04530444559378249	0.04557598671771688	0.046589517843017854	0.04632419001977884	0.047440351108851225	0.050638766115790546	0.05150558598122526	0.052006416946520924	0.05047165289807483	0.04974891027811428	0.04822963803275414	0.04492682846588957	0.04213789443273904	0.04282608607255953	0.041030141995580756	0.037096713570324194	0.03465116102514485	0.030784955645914058	0.026221854341959647	0.024498495698368185	0.024958234763429073	0.024430214429359047	0.023991078787804324	0.02363312471058604	0.023200411022840234	0.0225836401428832	0.02085860699810527	0.020514705523344886	0.019397261575702773	0.017120678265437096	0.015544518179661385	0.014167434239396525	0.012346061192316191	0.009813382316667714	0.00817713300281251	0.006952406170967369	0.006041754656392494	0.005423504850925967	0.00487147333978275	0.004556655070011346	0.0043223678398818756	0.004073913082140473	0.0038797053105852314	0.003822107695176788	0.003793993955076442	0.0038247240382935717	0.003887524302580197	0.004009007888065529	0.004216629146462573	0.00435451264204245	0.004518685983034136	0.004779181707560444	0.00493678675435013	0.004975405612682347	0.005006738220141829	0.0049897200172634845	0.004890339638444843
CC321137	p2	0.11024948185464023	0.06114889211745425	0.04637759604935166	0.041070748847258136	0.038047920219871904	0.037230101621366835	0.03736754001460544	0.0387615652279254	0.03981106070910468	0.04185221861536078	0.04351551799726436	0.047301405373948786	0.05178840953612359	0.0589268466596641	0.08382819746160836	0.12478986352800259	0.1424432520531371	0.07456285934816415	0.03735069939956653	0.031159452411294152	0.02957774548853762	0.02706461189196726	0.026119201214397945	0.026408324366568016	0.02586773515912962	0.023338714500450903	0.019826751618966427	0.016531735251555497	0.014763440657871975	0.014090881088434301	0.014503595233434006	0.014214092817497357	0.014934296066279714	0.016412852073211817	0.016370158036563578	0.015748898446123365	0.015242775756909533	0.014490307988213404	0.01452134165299989	0.015329546953288264	0.015896356443154278	0.01653651521970776	0.0177645130214489	0.018792921922432912	0.019889922733809934	0.021060185114175897	0.02235624480152197	0.023616786274187895	0.024498593512747184	0.025988331765124054	0.02464522653124176	0.023553126953305185	0.023415181571618506	0.021248595150247525	0.017563291267107914	0.01484290493593838	0.012891941799021965	0.01128234028960174	0.009881847016411285	0.008426378491065974	0.0077180344962843065	0.007184570554180694	0.006582610115831321	0.006128647405369729	0.005832977918068432	0.005653915678290498	0.00560668873661454	0.0056782680174030115	0.0060044490054749055	0.006005527225341864	0.006081813828769077	0.006127515511577008	0.006436517579142183	0.0067055453764596285	0.006728707250014871	0.006800344675756844	0.006781110695953594	0.006675433703976862	0.006600446061652093
CC321137	p5	0.10646099664489043	0.06211005258741427	0.04987842668660835	0.044229063131232746	0.04039372374964985	0.03776096510202914	0.03525360879498618	0.03508010784123514	0.036337639503775374	0.03624776084330858	0.0368274038594771	0.03635361808504266	0.0366026043980055	0.03961655797395091	0.04534131470341244	0.05091564090948132	0.059297380986154745	0.05456960480768729	0.03549994827594574	0.029875271545404633	0.030035966269539686	0.03053302983900586	0.031108923561278527	0.034966838118599484	0.043367500329639826	0.0385694506362391	0.02924594656585899	0.021710809199977674	0.017606630782758925	0.015409310684536237	0.015129454838771044	0.015135090674422978	0.01556097411346654	0.0157688079071698	0.016948779943519593	0.018390445644733917	0.0187778334137133	0.018737474776403952	0.019365107970689768	0.02077087196647749	0.021593353317423847	0.02280953086326103	0.02483509692330812	0.026620624593805056	0.028557859039580715	0.03065973857261303	0.0319491167999702	0.035061584633957074	0.03637563928844529	0.0367135606590621	0.038478620069422736	0.03787409849127154	0.033260601821571256	0.03017660242465648	0.025450477186418765	0.0214987076701801	0.017660477974497095	0.014615229160462234	0.012305578338788507	0.01070100565823448	0.009463734598224968	0.008431244542690293	0.007707311553474945	0.0071633542720567645	0.006755211843578579	0.006404373078223778	0.006258371392646975	0.006452156788529313	0.006522698743955125	0.006777133020476569	0.007142046382754549	0.007274718708419572	0.007538501237526465	0.00792265573893498	0.008338247437157484	0.008675380416762456	0.008699277998448331	0.00852167641249029	0.008387926005337326
CC321428	p2	0.22699250154246264	0.13703754468235158	0.10369456215746747	0.0886218424204808	0.08143884640893527	0.07731561457308364	0.07406213180054284	0.06907267228905518	0.06478377158999994	0.05835652112036385	0.0528406833134261	0.04740064314868965	0.04448055216955261	0.03985309830411807	0.03740624356036594	0.03688663461156237	0.03704824155640856	0.03993944339858712	0.042067643382810375	0.03958078063762679	0.03381027828666465	0.029500275683331835	0.02602088311036654	0.02340485614398673	0.021194096077018578	0.019723511749848658	0.01847194363602743	0.018430092881953096	0.01950033942900187	0.018997382088453318	0.017474408133636505	0.017669011332307034	0.01666355668776743	0.01652140807926472	0.016897227627826514	0.01638302654771517	0.015405894860232106	0.015738790668025564	0.015401720223721953	0.014623512951920844	0.01391349768569123	0.01317130204494726	0.012991883994570326	0.012600010054651296	0.012236188848485109	0.011897728731824318	0.011462596740136227	0.011289764220500155	0.010987384147032039	0.010595085705582794	0.010801631515456957	0.010060869569433905	0.009451836443577872	0.009094306077315928	0.0086235137367423	0.008268789626058466	0.0076294944260263545	0.007227459776695853	0.006947312404241799	0.006355823571973976	0.005862351799952046	0.005574085875712962	0.005485966409477681	0.005265066619746579	0.005144757362441206	0.005156142604815958	0.005244936614768286	0.00539480283086153	0.005733519183390104	0.005786303139878151	0.006116392867042987	0.006355246801839306	0.007036338300222576	0.007562486933287272	0.00740056012200157	0.007856353494158414	0.008117005821718697	0.008159045293452375	0.00785244101711575
CC321428	p5	0.14512147173388049	0.1011768133961182	0.08477801045335173	0.07896821443752633	0.07123423519056622	0.06813339669984828	0.06426789906874396	0.06670196136376096	0.06569640661885956	0.06879460080938289	0.06778732311971032	0.061882363096624135	0.056386068876716135	0.0484849016727607	0.04279886064585401	0.04036930003716674	0.037720418839828844	0.03569525744640173	0.036746688847757183	0.039131873094403316	0.035536887641110425	0.029623761113984785	0.026500238184726927	0.02561653664525469	0.024166759218561425	0.021398365309609833	0.020466425512068225	0.020631651421818737	0.020951923174228775	0.02037490222846682	0.020239467068609785	0.020328301682717265	0.020174177275703052	0.02004143642056491	0.019373815810747163	0.01948905929945834	0.018486812589611552	0.01753010553055966	0.017738958709876813	0.01688472427099757	0.016530791190292184	0.01602145838281427	0.01584216750475509	0.015549533934825357	0.015280936389809126	0.015034217992283267	0.014384361187394362	0.014383388541821987	0.013747633399483884	0.01332795842333218	0.012909844364811568	0.011652923098427883	0.01098433179265075	0.01069320804770086	0.00987152889294599	0.009295486457610464	0.008333535536194998	0.007510819536742778	0.006876056270397978	0.006438589144399272	0.0061764243417100385	0.005659898366972367	0.00535187790616994	0.005163864609583228	0.005050766529792481	0.005036159043693444	0.005139321530713293	0.005262386654651061	0.0053666493007135585	0.005583839778063558	0.005874032595786637	0.00611329554839204	0.0063006284043674084	0.006605395889612656	0.006813033742032603	0.0070605336121536974	0.007254536588826996	0.0071175933971835735	0.007062706759777015
CC321544	p2	0.047972366145431905	0.028268882092861897	0.021205743476161897	0.018225357796929277	0.016360167764883745	0.01636901831808214	0.017034970218661093	0.017692438329324597	0.01880663263303495	0.01876323176732242	0.01902738501753387	0.020482462863376304	0.0235760768144251	0.029529360701091346	0.03931556381088411	0.05537326118766242	0.09989607963386898	0.18311278270240666	0.1946456266938626	0.19132871089509748	0.2139472719187773	0.09600526641032721	0.03805712558497272	0.029413869388016958	0.02706761935460805	0.025852779138997018	0.026178003470234277	0.026918093938599067	0.026827861827453087	0.02557588602526155	0.023199555577532848	0.020376439284250095	0.019573140102821563	0.018196196816342113	0.017981198584182193	0.018413248866200098	0.019302722896464584	0.02010545370965987	0.017633535612395404	0.01577262383902063	0.015499281582327367	0.015540053813272068	0.01276367027417555	0.011665889946679773	0.010712244460839288	0.009880660704512378	0.009094661066723802	0.008927537514705397	0.008465627535383715	0.008085551439794513	0.007778696834623888	0.007311906502494313	0.006922737344945861	0.006528433329877987	0.006128151666483919	0.005581324669858608	0.005066039725677895	0.004581928079224176	0.00408580314858238	0.003662153512142133	0.003399307970928791	0.0031838488222959626	0.0029700106103188865	0.0027958568856269266	0.0026950255111086686	0.0025630183986591498	0.002491244719672394	0.0024282132778542507	0.0024477774858501344	0.002509946572524406	0.002603803917015457	0.002684019178396542	0.0026890590048211293	0.0028206080204142697	0.0030629083906314	0.003111164285736817	0.003133376285540374	0.003123089660857305	0.0032150794262380353
CC321544	p5	0.07634758159611575	0.05547145417821543	0.04653955213754668	0.041689993662881	0.03930702060236695	0.03450980602112101	0.0324356183022806	0.032162127662290194	0.035361795012010276	0.034234851465371925	0.0320045935321021	0.03164119792994368	0.0348395137055389	0.03912493371307003	0.05545946670181778	0.08415168122482952	0.12758952356916686	0.13771187060525902	0.1411430993320783	0.14578775287717458	0.0911685911170095	0.05565381294985378	0.042081014419534664	0.038086726464308045	0.03437162471772843	0.030982985696634786	0.028865005088341597	0.027788310450411954	0.026250918999236907	0.02350706100565209	0.022045793329709677	0.021094076241920556	0.020310459666826285	0.020048353109702745	0.019320831857922525	0.01859844925158784	0.016632046176493488	0.01589503580256932	0.016282142790311843	0.015926065610030286	0.014864977246850732	0.01363202823738411	0.01257384048287024	0.011618836217031728	0.010772012133564431	0.010018032235716876	0.009291436849041226	0.00861504423903453	0.00857507266888885	0.007961999712620947	0.007409839398794809	0.00666482752202487	0.006108419427751014	0.005588555520948413	0.005134580134156213	0.004542730546794762	0.004065716301803038	0.0036257436284884326	0.003304560869140357	0.0029720719132194	0.002762866726142919	0.002438983650667973	0.002254968665264051	0.0020711154374731732	0.0019724965709619307	0.0018942648139750043	0.0018353419115072504	0.0018261940523688813	0.0018816844885754863	0.0019158310046340497	0.0019306114169508454	0.001979453094754691	0.0020149258173137955	0.002061207284225033	0.002098811828710276	0.0021227859369704204	0.002138988588562203	0.002143035947306368	0.002134319397202652
CC410091	p2	0.08967479778245857	0.05441058811854795	0.0397839507436399	0.032748637807848556	0.03377479067017328	0.02980474257001473	0.026883122680407944	0.027071140338930842	0.03025189955718179	0.035141892379685284	0.03899511701132173	0.03667764957376742	0.03607042586545477	0.0377690558846855	0.04008674031850435	0.04446119141922479	0.04892955990752965	0.05101760574649191	0.048599043776417904	0.04807857350118116	0.05073345004760177	0.05069654129815987	0.045802671208899796	0.04256488772837223	0.04103658265648871	0.03901637966716707	0.0403764051359219	0.04241761590066193	0.044928233767982925	0.04764904154452809	0.04799810012328629	0.04953289530145158	0.04607446355330795	0.04019767153383084	0.03633436507383812	0.03487092929423984	0.03222633935169139	0.031941322304088665	0.0343376640008448	0.034999512020339345	0.03404510542841859	0.03393209481371801	0.028469790699784298	0.026106471204650858	0.024023898431053382	0.022181526303595597	0.020267800034418998	0.01893058245296411	0.015629825598560843	0.012866439541349637	0.011397281161783464	0.009821891776588569	0.008735845975932802	0.008146286907203043	0.007859139414499464	0.008079369133969205	0.006051178233358529	0.005202001095702851	0.0047283172540027165	0.00442034713784013	0.0041982014544866015	0.003956432179079376	0.0037069415828701858	0.0035241616114608273	0.003403619616205822	0.0032571198615734737	0.0032529025841843465	0.0032777038778874653	0.0033724832618815172	0.0034308163639164154	0.003550378103596779	0.0036805706563298284	0.003876982433785265	0.003993949768824568	0.004130135868962945	0.004316557652335485	0.0043671928809976375	0.004471324495126256	0.004418269744316172
CC410091	p5	0.10445489351725587	0.0586164225729552	0.044816509132249396	0.040382233392921255	0.04429924321688226	0.03300086757335212	0.028449250885018425	0.026565480144704424	0.027636933076674988	0.027704585679055208	0.02982849796722236	0.033257163996651795	0.03516171216240606	0.036887860552074686	0.04085389531515882	0.046961308092298544	0.05186628923989606	0.04686805573662905	0.04558221329264722	0.04650543056049147	0.04545037828386842	0.04474786208242759	0.042005947285409094	0.041999083303059556	0.0417699586364403	0.04310437521880317	0.04516116364209682	0.04671138354729516	0.04644270164274278	0.04583471629546397	0.04571436357770141	0.04322323112622865	0.039678830079696734	0.03840437078392092	0.03735792527718003	0.03540197369647827	0.034058763638148054	0.03358079378547906	0.03346636429220921	0.03387052613947724	0.03340373478726062	0.031628312442380235	0.026601447109952325	0.024017713963843248	0.021764475244614268	0.019791510778468878	0.018070354596819153	0.01577243506538538	0.01406299384465786	0.012784410656744384	0.011693661714042911	0.010269967429908287	0.009147334308756975	0.008650271350978532	0.008127192631945926	0.007328059083353402	0.006712805656879756	0.006205861151842816	0.005779845824043111	0.005348295034659019	0.005067464342155705	0.004688063808546253	0.004454195380346719	0.00429760508276995	0.004169166096161823	0.004083978902035062	0.004050742017067791	0.00415547735124858	0.004251816251020987	0.004311337971928709	0.004430027488739738	0.004710820197851164	0.004764049657718689	0.005142905776070254	0.005323642755332413	0.005443591230399811	0.00562321426855596	0.00563553939962403	0.005559135327691694
CC410101	p2	0.0765335733507828	0.04387348137567306	0.03298896499262059	0.029362798803656744	0.026643311654274783	0.023359214965459806	0.021616750677491994	0.021723241516362467	0.022739813273822296	0.02411928941480558	0.024284535606463875	0.02618695107709541	0.029306943592229365	0.037850151924586406	0.0640504132010928	0.12199491771297938	0.18009480970411598	0.24863771456959516	0.17403718111691915	0.07350846214660603	0.04522463060274591	0.03596983898209371	0.03267958576271802	0.031766444419947366	0.028535193141072168	0.027525280769668477	0.026802879279839743	0.026135632464745047	0.024583000770736753	0.023290816986547114	0.02243669233574441	0.02195388027722434	0.02144778712038867	0.02146343642123631	0.021504342103203393	0.021913074740284075	0.022680669460069164	0.02200151309338969	0.019470850458962984	0.016864104170734005	0.015670119695544327	0.014811477238784026	0.013788456216441116	0.012974088907733043	0.012233398052493023	0.011557935356422848	0.010918642740633908	0.010412253443981065	0.009078961101688206	0.008431864992220444	0.007884320106759142	0.00722352899191007	0.006719354547808709	0.0063045610372317465	0.005520604506483279	0.005152626636873842	0.0046866940511950655	0.004228527109586314	0.0038502915523096113	0.0035259600067007505	0.0028947425038293433	0.0026752980696469154	0.0024649719217489925	0.0023645323298165113	0.0022691517729245057	0.0021963429800081866	0.0022141726036180075	0.002206446221030264	0.0023108444837275383	0.0022809567694163134	0.0023089489277456827	0.002374309932163871	0.002516196883352955	0.0026448157915825426	0.002655038080100496	0.0027270826839247563	0.002850383214863658	0.0028215131327506563	0.0027103960847089346
CC410101	p5	0.0761051232657601	0.04464343146022652	0.03511924005852807	0.030536799050949165	0.028277244519493674	0.02592312089001625	0.024074956812726128	0.024959750880876874	0.02496790315375797	0.024911372256615195	0.025974943915986756	0.027685354205981717	0.03156986220334153	0.041668159653549655	0.07129496545880964	0.12727912566992955	0.1603333476726619	0.18390840131942135	0.12471388777433882	0.0706698416710017	0.04926057464478286	0.042113000666528747	0.03751998338562794	0.03487547627818026	0.03351539273054349	0.03148911011913112	0.030065607527655913	0.028441999733243347	0.02712832306626843	0.02535607875591632	0.025948484758805068	0.026173978237968704	0.02457678578089451	0.024052759294484173	0.02422720310664247	0.023333433267272323	0.022729576358288817	0.02223102752815566	0.01960613073044536	0.018461835362764155	0.017821971479297906	0.016483294549095074	0.01545091735087812	0.014523817860061352	0.013678245640643098	0.012905184582919869	0.01217726502685345	0.011338654540140545	0.010691380837837142	0.010320911342388415	0.009435290847794806	0.008427587098905098	0.007965523142753927	0.007396768886763665	0.006885761673883278	0.006234843437641894	0.005734608584003878	0.005114740254886	0.004558027979431602	0.004123142730940252	0.003826808833531337	0.0036011405331467846	0.003360053517251064	0.0031417711275850604	0.0029907635083301913	0.002944880126873131	0.0029036861281328827	0.002860289649362797	0.00297525832324451	0.003039592734953292	0.0030609592070402814	0.003197579210394314	0.003440686900010851	0.0035144611413790382	0.0035327922562652823	0.0036005684370494467	0.0035982215280677674	0.003631880345997732	0.0036792740991456545
CC410113	p2	0.052714973917005865	0.03528418797002183	0.02924362109975019	0.02723476656498502	0.02864323062288539	0.03054806966802536	0.03232053881304835	0.03478820652610653	0.040239469598239486	0.04647722950213853	0.053453106531199945	0.058584797931141616	0.05740045974697906	0.055475889781716525	0.07411377151296807	0.14057407081273826	0.24223472827648518	0.2194905486636673	0.09711488665947973	0.04733913473311969	0.0377040670189524	0.0339830368467179	0.03313036878842131	0.032035535207595896	0.032167790285485914	0.03251902627159986	0.029504688675154662	0.02760557935637525	0.024800995576339097	0.022791068270329437	0.020594046950102744	0.019582012155037087	0.019152006349235452	0.020113341977255	0.020978256689580536	0.020594869692674045	0.017633070326917508	0.013815598297195615	0.01153810703414517	0.010138031954983476	0.009264155834054913	0.00880619392929356	0.008591591163512893	0.008260968484082655	0.007957023186665033	0.007677131862593785	0.007400365320894447	0.007042079369027582	0.006732079476280678	0.0062402832318085525	0.005848580119675688	0.005529701571246516	0.00499958703188235	0.004347738230771813	0.0038494424408558802	0.0033350228391694145	0.0029148886442537307	0.0024915337166430194	0.0021809434488375768	0.0019293740656904776	0.0017371863579783327	0.001604906391117115	0.001433729602705109	0.0013504144334484166	0.0013616415082864822	0.0012982074090175856	0.0012921935987071007	0.00131948898374882	0.0013504428872601441	0.001375007205719069	0.0014299590047530599	0.0014826715071944855	0.0015398371337072628	0.0015926982732618427	0.0015731731091595416	0.001593421922961347	0.0016042374982820425	0.0015840408356931133	0.0015567173449212185
CC410113	p5	0.046469998015300246	0.032638125407458966	0.027083609653536265	0.025222239291848463	0.02665654460272646	0.029207294855135395	0.02841111242841327	0.03128238496423568	0.03747089765073793	0.04708245050808968	0.05496808807768206	0.058001921062914276	0.06040128673336821	0.06660248676017859	0.10001944964422946	0.20261286652353253	0.258163726706342	0.12359914151193296	0.05402237990476225	0.04111232242897342	0.03603381379940575	0.03518411440428083	0.03597179307092537	0.03581097541643229	0.03297728098509358	0.029685218101013773	0.02773508487733698	0.025203203180717393	0.02261559442932493	0.020850859276839502	0.020374912527441	0.02150770171275193	0.025125852133646345	0.02743110948733729	0.02510423287271201	0.019628237290144988	0.014909457541811666	0.012584685182678653	0.011820010253040981	0.01079851052273074	0.010032253558097648	0.009697706056493314	0.00935042681138272	0.009026434627585915	0.008724094142401374	0.008441388127302916	0.008139718755247763	0.00787753858544157	0.007726434104116908	0.007363493451516488	0.0071308724602627115	0.006623306710681732	0.006025071169845838	0.005289421333583063	0.004733996963400559	0.00421292943885124	0.0037180631253487155	0.003412137564287105	0.003114980915816618	0.0028912281980196263	0.0026535271475923252	0.002443065067582915	0.002367403417901631	0.002262154310083644	0.002204987102139524	0.0022158873029592676	0.0022277851910281602	0.0022314290385374606	0.002251043938934891	0.002395185612785092	0.0024849177814780963	0.0026179055596651656	0.0027072534450908866	0.002817758055720574	0.0029247817235846813	0.002919009544892151	0.003042948756796887	0.003043158356929862	0.0030246555143987604
CC410129	p2	0.26857974801633244	0.13793415354043043	0.09755919451183497	0.07464869433921918	0.07155984483013528	0.060632029718670814	0.0637104182239318	0.056951783881222386	0.048277639481796114	0.04369423739812854	0.04374588160722768	0.04500926389305966	0.045085288218075975	0.041552461663096604	0.03468341971609263	0.03238201619836746	0.03136492521148281	0.03235875978976317	0.0353603741652261	0.035620523005856455	0.03407857929044524	0.03128011768292879	0.028529720308219295	0.026478834548371775	0.02536614364348827	0.024269531529186237	0.02429137861886047	0.022741361478704068	0.021810721997937207	0.020388321706124295	0.019640728929801156	0.018935510049159006	0.017874013784450516	0.017644744782753713	0.017333832339834414	0.016271979851513234	0.015668820195291578	0.015409831182317686	0.01566688883977382	0.015550760843175125	0.01616836857468763	0.01494755645547928	0.015159768499516743	0.014935625905935942	0.014727706250302952	0.014534798119287429	0.014239697542183023	0.015078033823924968	0.013607569452429918	0.01360891596886059	0.012965781529470942	0.0127244791621921	0.012526737126097908	0.011972819026095434	0.01211533699074776	0.011286037864075286	0.010873540113479643	0.010992763707966972	0.009705212378967175	0.008586012095023573	0.00801936563626196	0.007430710716647196	0.00709517387288536	0.006712264766161375	0.006583623033824046	0.006407148024307724	0.006559660774340214	0.0068864783449956255	0.007225219534502679	0.006974422901270581	0.0073862912230797115	0.007794280508084873	0.008170978198698473	0.008529247010143145	0.008969320740559564	0.009281709847087418	0.009361555363846997	0.009441436094889616	0.00952349563513595
CC410129	p5	0.1838291805641951	0.10439280963379355	0.07727844363471348	0.06349788361435016	0.06624058676020865	0.055290688978430154	0.06025088984210884	0.050250476652364706	0.04784254804330193	0.04218956302319627	0.04493482239402039	0.04296777783207188	0.045884490262723274	0.04043174153238995	0.037330970435076154	0.03333019421925362	0.03275487773877746	0.0335337273121157	0.03444773092833629	0.03482642050647357	0.03423748247966739	0.032591724620005084	0.030023449430430522	0.02894681935441468	0.028241110787956332	0.02854344129727886	0.027052938467222006	0.025255231971604102	0.02407014254800138	0.023275689652376287	0.021885503285001644	0.02166266316438872	0.02050476416098982	0.019517109792135206	0.01848025199083305	0.01753511669880281	0.017498878189076597	0.017457782033367123	0.017672739543324607	0.017055735764595428	0.016753501692932233	0.016524383558294428	0.016934413084727762	0.017047497158077084	0.01716609564255351	0.017289962115906606	0.017242473040148733	0.016968868561805378	0.01682170764416938	0.01710607072026378	0.017027644414275414	0.0169529407541322	0.01648207076892116	0.015928707976076515	0.015595768267942681	0.014285597606926704	0.013465615600480749	0.012958538396070581	0.011711442222539456	0.01066022187386881	0.009836152984348215	0.009459189240404871	0.008738673869283826	0.008309738654546267	0.00805503591990222	0.007969330617782855	0.00808938188478984	0.008116158866292543	0.008210021372095675	0.008467449014764953	0.009153979308535147	0.009611962738447178	0.009799555785296057	0.010138676418177364	0.0106222617353379	0.01093528721220753	0.011226923070108575	0.011509863787649496	0.011454055125281498
CC410177	p2	0.041076713860398927	0.02568937613209089	0.02057999502836684	0.01850701706836452	0.01653184009829946	0.014584890924762775	0.014249094793883917	0.015006355603375788	0.01648179922277986	0.019067591708393058	0.025191549951146756	0.033890024568597035	0.04348179058186428	0.058570271770800326	0.0925444694191491	0.16360948854912405	0.2979583220127896	0.3035765379089954	0.16356888619553056	0.08349351141983552	0.04196501202823155	0.02805020397845981	0.022267712718456453	0.01925844000529718	0.017321861351366475	0.01633348491331952	0.016157049875538815	0.016036057167384408	0.015811151729240327	0.01610211240155554	0.015981049945431067	0.016187691376955318	0.016241264475708554	0.017403772972213603	0.018749251040964723	0.019538772238669542	0.017401099086927076	0.015374845628725799	0.014976346910850504	0.014167395449948368	0.012160360459228359	0.009966197326814275	0.010491847222584534	0.00981549355400148	0.009214926584811907	0.008679029602090877	0.008219414943860883	0.008239705261276896	0.007949680900146652	0.007654389304606044	0.007429986904169599	0.006825096666189151	0.006271342591222204	0.005703350749794499	0.005026697328542438	0.004522091021630374	0.004109442481302862	0.003699878454817936	0.0033908910063349135	0.0032810379328814016	0.00279208192300486	0.002253857383981444	0.001925791353359275	0.0018419421759430126	0.0017514585847523928	0.0016725031092194426	0.0016326173626971725	0.001644402793414527	0.0016493763122412486	0.0016821524361435743	0.0017439626411076682	0.0018107924953843413	0.0018795413709724554	0.0019135135841630536	0.001941946427552645	0.0019246693044213756	0.001969971157815186	0.0019275557953263801	0.0018905166171971726
CC410177	p5	0.042358712482683844	0.031051691432988873	0.025369321975833112	0.021586564435640467	0.018781946904022705	0.017116095449969063	0.017087152451436324	0.017274405848658986	0.01855760654135841	0.021396634608912737	0.02430645691308316	0.030579933953488223	0.03841887388441626	0.052631068736667876	0.08509894665370353	0.1584461434648656	0.2885858136152823	0.2436109847119598	0.127371920061955	0.07735740017491426	0.047793215161544035	0.03534426429805258	0.030506497026716754	0.02547140128848496	0.023240994965677025	0.020927433473246493	0.019127158278639714	0.017712105759170715	0.017470201836785954	0.017958419495035845	0.017794450844501587	0.01723236920628118	0.018244990319964866	0.019126096169082108	0.01974799060178109	0.019369391281212678	0.017427815507393984	0.015657378724114518	0.015602997890151826	0.01577124840258788	0.015084454089215316	0.014617819370021613	0.014106450840451482	0.013661553782784452	0.013252426080742024	0.012875565872764496	0.012410970589825506	0.012051124539060404	0.010842258792562641	0.009771838150250615	0.008789711683561187	0.00772840952418272	0.007026217861346551	0.006250426815296699	0.00564307324466878	0.005054359175075556	0.004414332733880135	0.004076664698782749	0.003670968899907721	0.003397265386021804	0.0031138134752854395	0.0028556902160783134	0.0026398255644067984	0.0025282615852295406	0.0024223164569214042	0.0023434935509517555	0.0022677936351967885	0.0023063754665214615	0.002262425516418371	0.002340837402615677	0.002448582914777882	0.0025837739077021068	0.0026752740166318643	0.002685661578171278	0.0027445022005792266	0.0027927307667104384	0.0027963495709024885	0.002758678886476671	0.0027459651341911716
CC410179	p2	0.03436870777869269	0.018596546212804873	0.013281753814661536	0.010851060181093178	0.010096704955434643	0.010220949609388278	0.01084360387431861	0.010857703646837344	0.011278497036929142	0.012159291824953818	0.014524609461241898	0.020748905541563393	0.035859341107586575	0.06911458153409226	0.08141921972594576	0.10783732749543647	0.2095469608654557	0.47157013950710547	0.3857292611955913	0.0809935224350793	0.026803703984439816	0.017019849403618337	0.014197521994181705	0.013605523073477345	0.013859121238988492	0.01553011199436556	0.016394158198144337	0.015920084657003012	0.014046270375125444	0.012672247154408576	0.01149435671599286	0.011039681262827415	0.010779295866314	0.010861858919648904	0.011651388706436637	0.012643988936098544	0.014835637096226303	0.015225474334095244	0.011640866043558663	0.00851400387267724	0.007919824718035592	0.0076370857211395	0.007470738304953776	0.007295891758115652	0.0071370815984274725	0.00699293913383172	0.006956357209679775	0.006214187399902978	0.00553675935120544	0.005268841564084081	0.004684116798275508	0.003794646138107485	0.003422365728197755	0.0032269678566035935	0.003102908440635225	0.0029190274442001565	0.0024786953152095116	0.0021735037006615013	0.0018471324030990912	0.0015111060153569127	0.0013566396520923699	0.0012326427720569532	0.0011101391543264904	0.0010544828278909056	0.0010138341221700834	0.0009952141798375588	0.0009795700617297525	0.0009722135466080694	0.0010119535053430486	0.0010306618070207013	0.0010649923610741303	0.0010972138236461295	0.0011342935693031703	0.0012074387099456553	0.001266618061759214	0.001276676745961456	0.0012752194110156653	0.001262079549659683	0.001236923592683679
CC410179	p5	0.03211360293115887	0.0200095917377236	0.016223078564313237	0.013999638406143811	0.01335527001753159	0.013458002331676568	0.013554568121178704	0.013331246362620196	0.013274084949333577	0.015090654332085056	0.018803120787935015	0.02406407985760435	0.03914144003371801	0.07697592057832658	0.10975730106565	0.15571358258433063	0.2645557911125262	0.4084438006936828	0.21327726434354674	0.06110765136256658	0.03163707679325704	0.02393569821968728	0.020624969183463328	0.019488732853720526	0.01839392811314063	0.018256785004178794	0.016902406076022055	0.01579281257034791	0.015054850526902468	0.013822380381065317	0.013234221236853895	0.012961034046354323	0.012564764726660732	0.012555914403020218	0.012995561909717141	0.013313452616684655	0.013086971561808549	0.011400908086813646	0.009624571319578138	0.00877670112160948	0.0083582629098846	0.008425379759944233	0.008176133571552556	0.008071283211553069	0.007976480145693044	0.00789097916814499	0.007684603970177899	0.007502276415736141	0.0072650296859541365	0.0068525242862070915	0.006303436131083985	0.005614230851335005	0.005336615890222199	0.0051278946474870996	0.004517978290103226	0.004059911870385508	0.0037468747378836707	0.003399324975139645	0.002961486698007605	0.002650201644958203	0.0024461694946925645	0.0023406621633717023	0.002193758940300378	0.002096538314038198	0.0020609054691474306	0.0020182854692982802	0.0020782436156872187	0.0021227650940429397	0.0021007791699822966	0.0021521825126497177	0.0022813621519155655	0.0024058788500364242	0.0024956792150550946	0.0025533164352238504	0.0026204087659896787	0.0026515913685722778	0.0027194720560542703	0.0027653259173187838	0.00271827335242094
CC410182	p2	0.1793975149774189	0.10146347862706569	0.07053370575943396	0.05309396941423861	0.04045921956674916	0.03384322545845559	0.030107100941142058	0.026910578408996584	0.024947599528865938	0.023797410601184385	0.022607763162029292	0.021921935945902964	0.02220710761619138	0.022995795523941917	0.02376449505389151	0.02463197673208105	0.02597989174871103	0.028991869823062236	0.03399967056348427	0.04130529667288572	0.04649202542420071	0.044398300112763425	0.0394201006121234	0.035827177255677266	0.033280847712194084	0.03289843059740209	0.033069054075885375	0.033796415387531864	0.03609925474062925	0.03691840858955712	0.03722489255219616	0.03899267630698402	0.04025193903370028	0.04087367070403719	0.04231413469444362	0.04146391303342837	0.038015034945895095	0.03558229122938443	0.0336220918765959	0.0320891718022482	0.030862632986775586	0.028043384183424766	0.026810748133543432	0.02515406592770148	0.023645298499699527	0.02226793733166475	0.020743758909559738	0.020201973716078184	0.0187462338796215	0.01800523634203361	0.017063066820748016	0.015818303809310656	0.01400825286636938	0.012995793148115489	0.012371870744132566	0.011113734088476518	0.01064772733474688	0.010054528639140813	0.008761547327225618	0.007861753173397568	0.007245202889545314	0.006734002925441888	0.006364041505353947	0.006226999080306349	0.006008237289161726	0.00613343931416987	0.006113128663936851	0.006032570817632864	0.006278451550790092	0.006478236181350156	0.006838009204788854	0.007063181056843307	0.007369703318728845	0.0076478371760222725	0.007863393995478352	0.008169245805012812	0.008246963588741493	0.008073626335960407	0.008090404230135675
CC410182	p5	0.09539667002218184	0.05936541192736866	0.04413335437284854	0.03493971229528871	0.029901151501866948	0.02611277576200212	0.022436797401588205	0.021634307724279708	0.020643506175862497	0.019449175677861832	0.019758363096897942	0.021350553462332483	0.0234833830605364	0.025269539314764847	0.027329514439245993	0.030728983119028316	0.03683480600769468	0.044080228081733314	0.05057355091780672	0.05539505436988215	0.05741739043470526	0.053735393030076635	0.04899675310215203	0.044566469125488145	0.042795720286371235	0.04349521721643518	0.04260458572696441	0.04356167160586711	0.044359206231510594	0.04655186185193645	0.047676183639995116	0.05006894713210548	0.05067287236622587	0.04846617384971477	0.04633105800472125	0.04405977142660831	0.04058734454513826	0.03749137820368151	0.03487021636387239	0.03356031767343333	0.030662994243367974	0.029998371204808135	0.026624541056754773	0.024762885934335958	0.023079453965745678	0.021553218890636418	0.020169309134706263	0.01870302459056884	0.016961525140180667	0.016126995239512616	0.014676711945477814	0.01336451653280094	0.012533941163095164	0.011553528984850207	0.010602565471200476	0.009628802857264055	0.008660046046298352	0.0079647285171662	0.007440495646734816	0.006706643263353726	0.00629985744280547	0.006067724537843402	0.00552553508276088	0.005320238440533374	0.00514177575824705	0.005022853228451866	0.005038665219040065	0.0050640749886443764	0.005139771005642355	0.005311359517017949	0.005400504043824915	0.005714073118939205	0.005802580173862675	0.006014188398264093	0.006277696578370942	0.006301340105571453	0.0062529400778125995	0.006411397402529907	0.0062641790279887736
CC410243	p2	0.16369348751939766	0.10074975810761991	0.07004291343314502	0.05618286521181149	0.04602160028851612	0.03842474970315618	0.03250431564777634	0.029061851218996952	0.028604480611841326	0.0276805203208177	0.02610503841117076	0.024626063103302884	0.024540493950519975	0.02572801435987073	0.028347611210238852	0.03340618215334074	0.03576719015544213	0.04036002947839778	0.04468134579468629	0.04556901217370827	0.04610406792748362	0.047971619784010745	0.04765621248206961	0.04753144016454339	0.05019121203542184	0.05192689171875267	0.05310687308978253	0.05408273890823246	0.05549007110906223	0.05558171665638372	0.051101686244720536	0.04710651506112839	0.04173012663854272	0.03777521339240513	0.034901070911784626	0.030275520509898058	0.027085755271848335	0.024356973457285158	0.02192422387502091	0.019020854162949213	0.018026620569544325	0.016795132775166213	0.016157019302926488	0.015349360051291928	0.014608431264937662	0.013927090012939985	0.013255224863904187	0.012729479372603913	0.012486845763665228	0.011989109517448198	0.011402921313659097	0.010753647909354834	0.010127052924360691	0.009959136090916894	0.009779001776670354	0.00878338211972575	0.007192092178017069	0.0063911146566692795	0.005654135928765309	0.00523974799095884	0.00481133003369761	0.004534522415187726	0.0043212334865165665	0.004180063802533168	0.00401396841982265	0.0038665138004634644	0.003909444668444375	0.003988683939805555	0.004056748483499273	0.004165447363095295	0.004382367309121097	0.004527564217423864	0.004799502108210995	0.004894161368474319	0.005087553311663437	0.005377392610425083	0.0054456038697502	0.005291564525385168	0.005136450775138528
CC410243	p5	0.17531860656969342	0.0969589760601241	0.06756287738599714	0.051491604863395525	0.04126204131309368	0.03416422121568772	0.029280070382150792	0.026756548259435454	0.024836808456267182	0.022343420151155362	0.02188041164433329	0.022648678940958865	0.023267066491679304	0.024323962590072003	0.03122096886420693	0.03952105464127543	0.03803323685567869	0.041859553180775916	0.04467858639349792	0.0432033053758707	0.04420624218366548	0.04361693651581873	0.04155210997680595	0.04197354805451216	0.04307361807083506	0.04208963521843123	0.04421207805855279	0.046339130908151865	0.04715027503761718	0.04645180188358456	0.046191128977596134	0.04527341629224814	0.04178384184316466	0.03583538918071216	0.031929302078990224	0.03009731805418379	0.027363423398129083	0.025221390160058293	0.023039742029176028	0.021593007522667913	0.020389421528533867	0.019427268442534392	0.018923078211334095	0.018286436155514684	0.017702330779079085	0.01716532755114145	0.016650468445273126	0.01578025219572395	0.01545782915970347	0.015362473195756152	0.013987928708350916	0.01323073765508897	0.012739171294398692	0.01210062721426816	0.011004366087488898	0.010099080591257142	0.009768104013217583	0.008988238452718749	0.008322388787561856	0.007423443604406673	0.0072514000633406486	0.006999778445005777	0.006470609884129398	0.006402408216853497	0.006400017686204375	0.006222725077104906	0.006130396483526453	0.006429377732175381	0.006669759446629234	0.0064928758957267995	0.006793384243072071	0.007371468883390871	0.007712125495169397	0.0079595128567938	0.008415598045900129	0.008852801008895017	0.00916179861942414	0.009055091584026986	0.008907732927749913
CC410297	p2	0.09912327361627127	0.0467463091329021	0.031126969006463424	0.02703951327891516	0.02587099581332635	0.027350811926558066	0.03047249304317792	0.03245329232894248	0.029440192442415428	0.028302116400821396	0.029917027746189734	0.03108402334873998	0.036207228847677124	0.05498809652031725	0.12346772252557109	0.19678810849453338	0.13500933054367623	0.09510550284351271	0.07408406769800825	0.05418336553559336	0.04423314420745704	0.03768945410667083	0.034466532201777436	0.03419138156633371	0.03379665455182138	0.03340788351016779	0.03331654794250078	0.03306727105931973	0.033010227384831156	0.03224704976750374	0.0347250277045349	0.034913098968216795	0.03233895967375997	0.02933602259134352	0.025962151893124653	0.025142394852441644	0.02444435992349339	0.024239196606899167	0.022839910697258985	0.01998900528566037	0.01818585539147386	0.016322339965595907	0.01461969818159495	0.013207778283907422	0.01196990784194027	0.010880707920338736	0.009887281649517514	0.009187622672594027	0.00859406625447022	0.007730594164067577	0.00714846848968111	0.006303506409820039	0.005834390598570861	0.005511201605589416	0.005101567999970773	0.004665820216122044	0.004326130807058734	0.003866756979788544	0.0033962785897763636	0.003090713838910398	0.002844114503437956	0.002606892679650676	0.0024464663116786018	0.002317856863795065	0.002249821070159725	0.0022512979477084844	0.0022679936424634946	0.0022186949796214953	0.0022886511099485577	0.0023699467974548985	0.002489336062879221	0.0025864122245419776	0.002672078827015829	0.0027399015470299993	0.002866820943819903	0.0030286112545334625	0.0030311442706063268	0.00287887967325544	0.0029186252980319977
CC410297	p5	0.06448856002971722	0.042251604327185985	0.03378788521713353	0.029748984661112678	0.029340567614740694	0.02966422484745768	0.03097166848110326	0.028545789515241272	0.02661926956127659	0.026430538866232166	0.02959526873933564	0.03658581791455303	0.05550492307351793	0.11911752578970006	0.2108418368089087	0.17631311097273142	0.10777934711706387	0.06560718968698968	0.04867434877395792	0.041410207274064796	0.03797530252275722	0.03733166698529288	0.0383256293127522	0.03735352883091297	0.035334827739538874	0.03503505357037193	0.03393350690352943	0.033903848818023205	0.035241543991740926	0.03625397275382719	0.03471960478950591	0.032486458790796105	0.029254367320512526	0.02633837890816447	0.024192888651736	0.021990185865614412	0.01960789302208134	0.018640447942089983	0.017283568831365278	0.015102142087021285	0.01412598261081718	0.013227225320671164	0.011805221269246683	0.010880249594428636	0.01006860821233697	0.009353412272834326	0.008670829114047249	0.00792410741886495	0.007154597746478671	0.006690627759166671	0.006302495311863606	0.00591517872459276	0.005493021198458669	0.005100121295693373	0.004693516597645729	0.004285692585589103	0.003912609577875107	0.003643472807698605	0.0033671950245623174	0.0031302940657402965	0.002901384821829944	0.0026934362725168524	0.0026550174040171027	0.00255172419282146	0.0024586569106486975	0.002438470969476151	0.002517896678642011	0.002535969181031091	0.0025705310234921236	0.0026233083816071877	0.0028066201162093955	0.0029503526783720806	0.003036786266547599	0.0031007507955698494	0.0032445906709902615	0.003270814460200264	0.003328984226283949	0.003509946502476659	0.0034421860877108467
CC410325	p2	0.18816560683902783	0.10954632993362262	0.0850728559787056	0.07008084562418365	0.06326264179485329	0.05411446279842164	0.050661461434811775	0.043237624515218134	0.039884129371052277	0.036403120106992176	0.03432649846264069	0.03136747336500236	0.02969153970101993	0.027290763479045587	0.026060063101232663	0.026662818906986456	0.03438401929431486	0.05949034212291532	0.06784053336117077	0.051820741765510714	0.045797975325329934	0.036954168314203166	0.03227462606102851	0.02765942127612304	0.02510065907566764	0.02391957240165399	0.022558992316516632	0.02134109226692344	0.02056136642693354	0.020192801041422737	0.019612170263969754	0.0191610260173315	0.018318770507982002	0.0178836846590343	0.017101129697426318	0.0175043448948632	0.01836625581057049	0.018790411439764357	0.018586496275612097	0.018541868989623043	0.017816387488084437	0.01779294020561856	0.017988061270785116	0.017993413639896632	0.018005750541842794	0.018024657912499326	0.018082004041594647	0.01876272313730731	0.019465493480526504	0.019871431846373924	0.02003740369427635	0.020014016568568143	0.01939466596664436	0.02210847255822515	0.018823506906851303	0.01691191916659943	0.013492486101538168	0.011352294463366237	0.010393946233319028	0.009672847312993298	0.009347575214927963	0.008736385349117628	0.008261691197570812	0.007986128281582117	0.00792332973137529	0.0076739539240680025	0.007274797232938127	0.007352600745363344	0.00765390508371284	0.007705160239206751	0.007983885885001676	0.008419960389493393	0.008818243148853266	0.009176994623414118	0.009542759347621999	0.009853698046496596	0.009851842217414057	0.009975090769959298	0.009899348871556168
CC410325	p5	0.13494330874171065	0.08787865427453526	0.07461075120316349	0.06503825304903561	0.057203737272531766	0.05095061484271638	0.044757808132768154	0.03982626832510795	0.03461270470157124	0.03053126217586871	0.027831893575834824	0.025642079964483668	0.024268585775724497	0.023696424834511932	0.02435095725170345	0.028869373928473864	0.058823375538796324	0.12180449170836981	0.11243576434321556	0.08970144921652726	0.0579927270555657	0.03955212220241744	0.029837884147990483	0.026674448499252136	0.02489511851013996	0.02313895298890884	0.022780998724205602	0.022337478885414385	0.02181246633182608	0.0210000105822888	0.020407518786737792	0.01964567815611368	0.018417033551047117	0.017931594101393618	0.017644680058396388	0.018815198878802713	0.019663364932582753	0.018186751186696812	0.018119744203698343	0.0178248338561792	0.016682435927748266	0.016383996192130785	0.016259900530213756	0.016027191462546407	0.015817227037747426	0.015628153986892265	0.015226619080603795	0.01511587594981373	0.01504634800895848	0.014684614353245752	0.014518058650314417	0.014342529205514366	0.01400683332495864	0.013384954629688332	0.012839681165595881	0.012030736325838683	0.011083078808822215	0.010387246047159083	0.009636459533058125	0.008795541477324736	0.008394443438186773	0.008170252772629673	0.007750008399729186	0.007496993576776608	0.007130014500578979	0.007102270302653767	0.007009654892343668	0.007152996079417779	0.007358547027204677	0.007765656081935135	0.007916183124682348	0.008362701203195964	0.00895639326550403	0.009310432764459777	0.009918530842833256	0.010057560620842955	0.01005098196936039	0.010074893771861713	0.010278587084350284
CC410354	p2	0.14710702026882777	0.08157770514294026	0.05929932870957139	0.04913958534023717	0.04366957613023329	0.04245589392346973	0.041957461309924636	0.04321361633266002	0.04303398990845462	0.041343142377616125	0.038277505367320844	0.03741347599585329	0.03662771582727725	0.036156112892168184	0.03788631356164604	0.048641018762368704	0.06813554041543203	0.08314768250815509	0.09007880745532987	0.08971188763059633	0.07719076726543625	0.05523152508122978	0.0390991711496417	0.028209233144266103	0.021702673089962043	0.018748020131635287	0.017450393202024093	0.0170794818349761	0.016885083139250044	0.01708065081054633	0.017043727411567764	0.01745192926280927	0.01791337581654832	0.019748356901437933	0.020839265497471955	0.022375417949755536	0.02388731825482245	0.02536696235906843	0.025544822232723356	0.02561391431545742	0.02557916584583536	0.025218769018850666	0.021854775586985953	0.02044143689861424	0.01921960317204986	0.018159179870708808	0.016982081417264712	0.01674407240980202	0.015812277081737578	0.01470181300366704	0.013789125002204222	0.012642736923017222	0.011862489430100268	0.010784516047388192	0.009905133395047566	0.009131667077210871	0.008407901363295158	0.00767189931311919	0.006991175278112038	0.006251046985717736	0.005799661762760242	0.005396593680600669	0.005087496102563907	0.004904363568323304	0.004825100708044069	0.004589631977744823	0.004530125796397982	0.004578947376063046	0.0046508465368383	0.004726820042633654	0.005162071929776398	0.005315022176817324	0.005559546445418678	0.00566260544770934	0.005860844371781115	0.0060207879026523085	0.006192958631470933	0.006184333439814597	0.00603883681112323
CC410354	p5	0.13264491913540566	0.0747224456702241	0.05634421103431607	0.04579653476757669	0.04235010892104971	0.04223944440718102	0.04235037961058273	0.042225070898621896	0.04123486067888276	0.03972262875222608	0.03786158911514246	0.03433450609980322	0.03222720622053245	0.031544666413687306	0.03408034430112823	0.043860865036789966	0.05971977651090931	0.06660722763961253	0.0707614353418112	0.0664752728046618	0.05727765049584748	0.04427135516826097	0.03186114498017667	0.025714028931177017	0.022004966128980286	0.020653078251302796	0.020018987950856482	0.019991545540099204	0.019176703650686428	0.019462066743470657	0.020732474775677284	0.021654265571711774	0.02250327591223551	0.023531267101360127	0.023088365761873467	0.02449135145905739	0.027076537224917218	0.028745396907011243	0.029355118264285184	0.028186448019257695	0.02815185466009819	0.02573577789664004	0.026612927398077045	0.026287796770716465	0.026105688853102736	0.026057897861919248	0.026179352674282626	0.024099280787300406	0.02153064275787918	0.020525441478466036	0.019316861632073887	0.016178644349554926	0.014209832577471378	0.0130694944840341	0.011979582284811502	0.01091261718843448	0.010014122352671902	0.00925733685269604	0.008336309265709241	0.007569527134701324	0.007264194335409505	0.006744821768688196	0.006313085563780371	0.00595380909903758	0.005855836724418642	0.0058037755191907075	0.005786444851872364	0.005952097358310899	0.006097870752609688	0.006248611949440831	0.006562557103199134	0.006864829721634303	0.007204545426375455	0.007495349724154573	0.007833989893962513	0.008225650773154597	0.008457447978095828	0.008499680928234079	0.00825469727420487
CC410390	p2	0.1881877227099657	0.06649957214704644	0.045514956431158285	0.04034133917244684	0.034388871909785464	0.031962360547491735	0.028601133059102852	0.0284277959936159	0.037349641204394816	0.04335606421016672	0.034390900867454575	0.026126502477981692	0.0219473766795967	0.02310578215382342	0.029597758797238752	0.0428901573893161	0.06933764753340602	0.11420799053981165	0.2055355177884642	0.24268558847952684	0.11863523643983255	0.04793677986980742	0.030339881661539576	0.021317767094114468	0.0161151751292326	0.014415623296372778	0.013921872784257909	0.01351043669919578	0.013794925873743489	0.013237775010611783	0.012813483534715056	0.013046081129322208	0.012895244147077881	0.013066781682073415	0.014071717717186813	0.014478915542746324	0.015243975580480837	0.016578670840218898	0.018676118556511474	0.02086521466426497	0.02028444488858516	0.017362167340272044	0.015669383696576382	0.014103849338754694	0.012799840564798973	0.011704428602471027	0.010782682257815859	0.010058207395070544	0.009916909978040797	0.010159467703676237	0.008923060642402673	0.008206507026913095	0.008118988533416322	0.008072611189049258	0.007599631368936766	0.007229538912172055	0.006531862169857132	0.006210664644156659	0.006028253968936892	0.005611287503857693	0.005217560778693008	0.004770352048156421	0.004505667414031663	0.004256081662005018	0.003951751353145482	0.0038254335465278807	0.0037181963285086352	0.0037271038229489246	0.0038144102729568688	0.003851614875261028	0.003935030768354884	0.00406207683445842	0.004211250549905013	0.004384016532087149	0.004498070736405376	0.004690409648061815	0.004786120124940266	0.004756392526763975	0.004684352921820381
CC410390	p5	0.23062201250657394	0.07482224276349288	0.045951629689437924	0.02883576110905035	0.0269947529278913	0.05065299356289633	0.038069088659384485	0.02912575869463971	0.022825343961627484	0.02723115971837667	0.029045270839903336	0.03209609563321268	0.02304879562639773	0.02456870715963557	0.034804572305246896	0.057900893391982185	0.10759829378991295	0.20964763657126098	0.2431058425172468	0.19964276679623244	0.06985443614641695	0.029744412626221635	0.021172643584690464	0.01658666450570123	0.014730546924273835	0.013582702105924415	0.01306173544170243	0.01291675489482621	0.012495328701807473	0.012521208476066798	0.012154394648879931	0.012140600499681868	0.012096244327019006	0.01249357714351916	0.012827068291787794	0.014090044907005623	0.015494259444419583	0.017140142056326583	0.017649646856094405	0.017198511983265337	0.01504057063626386	0.012402645921746386	0.012095013902620735	0.01096094827361521	0.009994643003112553	0.009166186047811086	0.008454692489107492	0.00796194112022538	0.007375408869886929	0.007198604309795657	0.00671787109626051	0.0065758898969635856	0.006386640461918904	0.0061480860354389995	0.005799373982971492	0.005420750151753435	0.00516738492785377	0.004798779023808199	0.0045771763318996515	0.004151883878433727	0.0037657908232659196	0.0036048478217118847	0.0034171923655742596	0.0030803621905448365	0.0030238849649021488	0.002853443999592135	0.0028421644328533876	0.002872475491647621	0.002929907980155271	0.003061476950081042	0.003142103459550217	0.003326923052773295	0.0034351359722828117	0.003516862406054406	0.0037972011647146938	0.0038813972509341797	0.003835124866851201	0.003980335439061173	0.004018686938431535
CC420004	p2	0.13710892919659481	0.0765525138437452	0.054371017934273125	0.04265150913427514	0.0366800791811874	0.03282993776428416	0.03016426911317524	0.029356699784196794	0.029154703517251003	0.029490850561036897	0.02974801567952715	0.030753961609938252	0.033139246694420435	0.03620361438921526	0.03910819706718457	0.043421922591799986	0.05070691219677583	0.0795960525751052	0.16910803027587407	0.16609663425571053	0.0795111401779467	0.045416948814538935	0.03368052608295626	0.02959115499878575	0.028079720852614867	0.026847812671247962	0.026765524347177088	0.025807831735175514	0.025595282022615604	0.02551248540294573	0.025269144472457174	0.02446716049423253	0.02395843123545285	0.02287290119629951	0.02111856602051585	0.02009911905636324	0.019390562975362725	0.01887852467009341	0.018379085387456317	0.01822728235419104	0.017149732026376614	0.01622613355970907	0.01564695481701305	0.015006471792960663	0.01442173077677074	0.013886343378643171	0.013439030120564903	0.013252123054680463	0.013600448714477707	0.014698206010412248	0.012500382315575766	0.011058404568948348	0.01046334701635444	0.009155849317384689	0.008578837847013278	0.008067138128700111	0.007445684508958209	0.006779294146377605	0.006295864326067936	0.006031571109187083	0.005783404463877032	0.005111377646095542	0.00494588833568564	0.004625976794694887	0.004667894699425163	0.004482198806921159	0.004420094598672985	0.0044883729741802434	0.004813811986868339	0.004918177016403765	0.005252743926981895	0.0054394168151578265	0.005673553422937204	0.005923553956772189	0.0061239109451567625	0.006321911177517054	0.006363650796228843	0.00651248592438815	0.0065403808803117395
CC420004	p5	0.10016310456575496	0.0615200812706779	0.05125608996491007	0.040903736654975605	0.0403457105141912	0.03592849020389933	0.03683306589537729	0.03150813909977457	0.03138860489820273	0.029265909884533425	0.0296066560755344	0.03059909207342752	0.0352365871267655	0.03677934651202685	0.03828420433781789	0.043555191605199335	0.06116535196616668	0.09878947989080643	0.17478689578257178	0.13621870265619382	0.056116540126318955	0.034537969399932526	0.030108536581892633	0.028923441657388603	0.0284950020693808	0.027793820689403472	0.028243797285437987	0.027178272841826907	0.027346019453511266	0.025862930409296027	0.025459040465212142	0.024784091338074594	0.02466820475354162	0.023985127949060984	0.022618788677291755	0.021631833865505386	0.02091181983467891	0.02096658304168199	0.02100090538151039	0.019465361659823884	0.018332969377555755	0.017651302722058552	0.01775664261551419	0.017476805882781582	0.017239902110499878	0.017042460100917874	0.01664707453178057	0.0159882339359802	0.014835651529199143	0.014073288085452077	0.01279024599514662	0.011867870045296294	0.011259430687877542	0.0106128753203493	0.009362907840322265	0.008732697157511614	0.007911023689132988	0.007175110003292251	0.006748636167309043	0.006279957799519515	0.005921520496407663	0.0055584733989851795	0.005222186943801395	0.004900957993598762	0.00484144399423957	0.004722582323781094	0.00485913779468916	0.004891986272192806	0.005088323351946341	0.005358966374306675	0.005550882966050007	0.005772188044679546	0.005989057950247434	0.006235969769357612	0.006673716549705197	0.006832901035377721	0.006988802568322656	0.007121919319004692	0.007065842158216828
CC420075	p2	0.07369380817858827	0.04317674591142456	0.03174980008589946	0.024950823669125908	0.021606006029449034	0.019861311834040336	0.01917375291455602	0.019247630957793554	0.022023068240753473	0.026030024532986133	0.022834315433172665	0.0229374002246619	0.02573913157107628	0.03380025268728166	0.0476674122602189	0.07248411318324283	0.08685437679175198	0.10095400598992588	0.1052130157034883	0.06721956254331009	0.051417408508485044	0.04117391787870101	0.03938191559200734	0.03815762303177838	0.03649781390542523	0.03777968207654922	0.038737538525542216	0.03995256649912765	0.04272938343283111	0.04348684839812443	0.043972144692676456	0.04470051626927297	0.044087095907974376	0.041385444240716385	0.038276361527282234	0.036228235998184484	0.034053710891214464	0.03271159452355036	0.030252970100792063	0.029307889285383637	0.028194286043543345	0.026321608063147522	0.02378746498250711	0.02209334801023111	0.02058395009971974	0.019234513732363547	0.017981624923217233	0.016483753534068238	0.015166636017861104	0.014080196834326748	0.013108193295654161	0.011684824144812088	0.010304235518027663	0.010137837295336129	0.008961653298060554	0.007643199955207054	0.006663197872836249	0.006007462728747322	0.005453312757697819	0.005035374486271494	0.004688477528885518	0.004265019106605504	0.003990648733891382	0.003859274398099531	0.003787062769897907	0.0037675368073795895	0.0036463858440601103	0.003577798766047961	0.003702472831521359	0.0037361020624597312	0.0038890226234350868	0.004081652041041558	0.004172194495832385	0.004369118065838577	0.004476758392915083	0.004594329644453909	0.004735052086354551	0.004764622771973194	0.004618962993197468
CC420075	p5	0.04603441759963978	0.03014488509148919	0.025628810286233546	0.02360951933648858	0.02158504892467204	0.02058650424625903	0.02151943120318808	0.02731877312153188	0.0405572930807325	0.05559747177258288	0.053200352567354156	0.042905670653018396	0.04072326625952634	0.045534944812038784	0.06953387756262316	0.10822249418528791	0.0973446951661222	0.08899147656922336	0.0829103437213014	0.07031493269139816	0.054631669280485795	0.04604537200858649	0.04063301617537959	0.03610415346655337	0.03499635199972569	0.03191422059479876	0.03132430257611326	0.03269209194947533	0.032455042587449134	0.03262955118308987	0.03315502361650695	0.03350361518818573	0.03287148715477231	0.031116186782262387	0.029712833785702157	0.027995350667909435	0.02762305042231756	0.02705804209085676	0.02629917014597206	0.025409697789883477	0.02439229050704594	0.023616930569571763	0.021344790832823483	0.020065926643972495	0.0189192197329908	0.017887856993797496	0.016935851946488396	0.015064759403467498	0.013770892736857575	0.012315638456409235	0.011266030641272328	0.010279132981064315	0.009355848260997708	0.008701950804824249	0.007879378780785021	0.007143419844975311	0.006346333146959471	0.005895197812210398	0.005459003304313846	0.0050405202211922795	0.004630878189998209	0.004500741760617317	0.004194330492343058	0.004027133402462361	0.003995779586587438	0.003800967079605527	0.003718014316142012	0.003871838707082404	0.003992124594697688	0.003970629157093483	0.004127176249129318	0.004350251044427768	0.0046157376256912306	0.004762093443084376	0.004920715589105108	0.004951262818062006	0.005025593808594599	0.004994009644228511	0.004905038704220521
CC420094	p2	0.24481260247691683	0.1350284112327523	0.09253749796530551	0.06836288079230864	0.05490770021780363	0.04669295868656321	0.04099604227242579	0.03824360069450292	0.03696396094031134	0.03605906644009576	0.03611542100568291	0.036443370869314685	0.03643604156098086	0.036245557023377645	0.03689729489105347	0.039052206458069796	0.041075037965361216	0.04320046372928399	0.042611452096504604	0.03993246371044077	0.03637879574610611	0.03281176371094246	0.030687284238918734	0.028685101872293377	0.026584410531191063	0.025504158668167264	0.02431770464600835	0.023131643219563607	0.02298496935461638	0.022614703442850628	0.0205157590542879	0.019176361639426664	0.018180941363985393	0.01812584971542322	0.017486498489256586	0.017811860641154503	0.018126351803059253	0.0172272480450881	0.017220194048645217	0.017647369535319174	0.01835576123856258	0.017654328304390662	0.017854800425613188	0.017817837236245335	0.017787286542151268	0.01776269189234316	0.017640147753916157	0.017956002484253088	0.017658831004286744	0.018798731048057637	0.017044385822757618	0.01664852944456859	0.016020596998243545	0.014629783581653474	0.013521846548993044	0.013093114091403317	0.012041624253065838	0.011255680586211115	0.01075331029096568	0.009954656432869686	0.00949077926282788	0.009257085038589154	0.008444585958385454	0.007891206291693686	0.0076798811514787665	0.0077029452533449744	0.00783891944000016	0.007930437337061832	0.00842408350234491	0.008337470546815698	0.008751811522777812	0.00907534818574387	0.009603357401100838	0.010210777214126956	0.01034992361193298	0.010910863114007697	0.011340598355368577	0.01152641276187611	0.011113737026139187
CC420094	p5	0.16684520619164017	0.10296389271898845	0.070919709381734	0.056914332507440525	0.04389627088096215	0.037280044307528924	0.03401290406662999	0.03125782490942279	0.030378529704769695	0.02940905528427084	0.029663910177017493	0.029429883644579803	0.029997155979817045	0.031245636331873147	0.03368362447534934	0.036387059878640056	0.03652047272439552	0.03900550771330203	0.04086811472443163	0.04358184613565658	0.04331302597915356	0.04130589334272026	0.039844886450482064	0.03784974518438738	0.03705894393785742	0.035593134079900515	0.0345159616800789	0.033868774721125594	0.032641316269393164	0.03160047204655777	0.02994242019136328	0.02825334277174399	0.02755585360073844	0.02711044649789978	0.025842790332852587	0.024596921082639507	0.024440265843581502	0.0239748399430791	0.02352857967960008	0.024409022070097482	0.02446660229098151	0.0237656139589325	0.022898852517716114	0.02228155829280501	0.02170571213075471	0.021167606558707273	0.020433213868092215	0.01990468302598497	0.018958515035103263	0.018555720414026814	0.017176961930679937	0.016415470692656302	0.015449252580399588	0.014173673543897244	0.013064285700170446	0.012294832476378059	0.01129827333120504	0.010266815565450315	0.009712289270464075	0.009223269679554712	0.008606299582947426	0.008047477713693064	0.008006927123103441	0.007495231360191385	0.007267890161645454	0.007070666033770802	0.007262063454265744	0.007162272885141808	0.007397997704076082	0.007748803819468811	0.008275466476501124	0.008566898776752568	0.009089759803578113	0.009749778178237644	0.010082850890496056	0.0105219832586649	0.010529477058048733	0.010564708713418011	0.010510459588312029
CC420149	p2	0.1424946675221488	0.09432094540661225	0.07171424181999532	0.05613265183744719	0.04501209714200895	0.04080992625187224	0.03915716752614196	0.03880998280029702	0.040049732571538606	0.0449253165767707	0.051931742790850936	0.07155652187416416	0.10227341094011591	0.13864635882185367	0.1648443634662085	0.1287309878959228	0.08652336622857507	0.06219870910330967	0.046697069974774276	0.038682817353101605	0.03269335173812149	0.029159044564614243	0.027381243852281478	0.02577439979193668	0.024486892347450048	0.024112292599629694	0.023126940983380414	0.021740970820193627	0.02091791446531118	0.02009310738134571	0.019100345215136278	0.017375681082237724	0.015819507780549188	0.014513408742758133	0.013507492063483006	0.012640966323010525	0.011919217669932348	0.0114303060055788	0.010575162332629149	0.010083287625274454	0.009636395837690201	0.009177604514041515	0.008891592543942667	0.00856192857783547	0.008255191358653506	0.007969236168262329	0.007652433813227197	0.007335323738051494	0.007770721782023657	0.007453554329332161	0.006400398984799393	0.006012792405390612	0.0054820404625639686	0.005082557498780251	0.004742517144374429	0.004428587889621971	0.004058389368725986	0.0036618075706753906	0.0033546275134837115	0.0031535352000091627	0.002899047671164668	0.0027068627454214515	0.002534489316538655	0.0024313035918927116	0.002375042607251414	0.0023279984131732248	0.0023452646179583495	0.0023817769253397856	0.0024507899199775465	0.002509301426372226	0.0026302820368809144	0.0027234871791935963	0.002874913605859827	0.0029211966967130974	0.0029571549237725264	0.0031414513379272955	0.0032664561975627735	0.0031789525875834143	0.0030934279408848385
CC420149	p5	0.138406302586005	0.09722736378232083	0.07414998444921296	0.05995448039050671	0.05246518110175386	0.05039304967905409	0.05173315711021084	0.051307432566487246	0.05433260812214641	0.05922374596666494	0.06961099353302407	0.08248735273096568	0.09866758056138175	0.11879239984698028	0.12267414379129449	0.09953979352855288	0.07367149889013186	0.05683178033844053	0.04602530545749392	0.039901241503047406	0.03594271277671117	0.03277554475377395	0.03070741463040645	0.02940851451252464	0.027432708640105392	0.02583535328321057	0.02413021091388486	0.022623358816265052	0.02132322479924839	0.01956164202248823	0.01852709933901027	0.016973486105603088	0.015385867441238254	0.014241946879848895	0.013167852423445975	0.011914164930759514	0.011475101068418871	0.010666121170632158	0.010421183765928339	0.00988708143037338	0.009376679059002755	0.0091050440092752	0.008691970893284365	0.008373375841835047	0.008076010096826198	0.007797990666450505	0.007486080490933797	0.007147714705325463	0.006816690204233259	0.006638749698924263	0.006340330526375944	0.005544230888193712	0.005136771569556202	0.004885517686844829	0.004556350918194163	0.004161852979192538	0.0037424113072815493	0.003455578397940516	0.0031176003663114195	0.002913385663500776	0.002739978150960018	0.002572179073759808	0.0024033423403234384	0.002298155270456232	0.0021977073050277562	0.0022014208959082455	0.0021729731042899048	0.002197739498226324	0.0022361722878581425	0.0023180521904754164	0.0024026746628335754	0.0025346461762708102	0.002600148315752672	0.0026470338744886963	0.0027264034814348955	0.002768393850900061	0.0027853460033164744	0.002852432385917653	0.0027760616315330665
CC420157	p2	0.15172454460620766	0.07365897163738316	0.04916770489758463	0.040542019171353735	0.033878557040490795	0.0331323815110514	0.03209272288098879	0.030940955964485196	0.03396360203031541	0.031614620932808035	0.035859218225219015	0.04562394817361915	0.0672128887379252	0.1277413297941503	0.20382095342345186	0.12293747892388966	0.05631337088367358	0.04324582618987561	0.0431278353141574	0.039562028610590876	0.034268339024948094	0.02709711211746334	0.022871891699810958	0.020729430962558484	0.019818070848184134	0.020068600521936424	0.021208107734295906	0.022058083055641272	0.023419933636057266	0.027773697798937545	0.0297217920419309	0.023082257935668135	0.01855252877861056	0.016500813580876433	0.015445294659875609	0.015403054846971676	0.015595337833608945	0.015536350530458855	0.01595540426619769	0.016255423134130045	0.016503755017875387	0.01615252293380695	0.01591760496390196	0.01574730873781072	0.015597159749767222	0.015465302398654755	0.015360398797274787	0.015364041307050363	0.01407482108299616	0.013272465549949215	0.01218436193492669	0.011319629404763602	0.010810868781691872	0.010624945804282717	0.00952470000334376	0.00876051119017727	0.007951505534818685	0.007125385248439953	0.006629087164597133	0.00630474657445953	0.005877732810815762	0.005802136420356546	0.005386747253210685	0.005166574062875885	0.005010059893078384	0.00494444821773858	0.005137910256065368	0.0053509674937419595	0.005454530768372212	0.005701329029135454	0.005982324153383961	0.006285136783842737	0.006742846360949622	0.0071089669737273535	0.0072275347779792816	0.007377559945675667	0.007522313554995571	0.007756642586952206	0.007625809644468607
CC420157	p5	0.10433115775727407	0.06832342942856591	0.054749206058122134	0.04756092335095164	0.042753192201007484	0.04031174312705211	0.035004842042650516	0.035826844529730166	0.033338688435692924	0.03137368208945278	0.03287250519891824	0.04383682815175282	0.07005544213502471	0.11253853263365929	0.17722169837432308	0.09533576341039493	0.04907661502182016	0.03774615149468921	0.03326655032048166	0.029167270351742068	0.02598943074569898	0.024056254037296342	0.02319171419467373	0.023452373733656114	0.023111367592672717	0.02220293957666026	0.02220092146097003	0.023524143615658362	0.024509502267698484	0.025810564082348185	0.026119064113271376	0.02194593388125381	0.019540924446469644	0.018586747130622652	0.017161423505489687	0.01740040354936178	0.01741908709923402	0.0179731791809648	0.018143916155531983	0.018282630725183144	0.01899973347197289	0.01848594895660849	0.018604397183002486	0.018575183910995212	0.018556524195710366	0.018547682091195568	0.018472953848935044	0.01715807802453584	0.01642187389054102	0.015323468353486773	0.014138818711838513	0.013472429546373415	0.01277893702720861	0.01214922064325358	0.011558808775160431	0.010708918195033126	0.009741020223126185	0.00924802399949123	0.008697476281186068	0.008285496524492104	0.007728102602834017	0.007467376790393445	0.007158732686815612	0.006870680355395225	0.0067660813148457104	0.006872420633542568	0.00709969575924852	0.00727678681093968	0.007478028772323702	0.007807383098136164	0.0082209806277181	0.008671266598173771	0.00921348776103122	0.009532705191036217	0.010090666444528126	0.010766342612024141	0.01115744414376061	0.011094414120757895	0.011308802985926339
CC420173	p2	0.1436551995824779	0.07793285689289091	0.055252191515814474	0.045252378504962075	0.039922694592884306	0.03785254529740652	0.03755794188612866	0.04281240340445747	0.05565143159959213	0.047443229434901535	0.035978534478001645	0.033445041164928795	0.03221196179689682	0.03376499969230262	0.039185306703616286	0.04744136598595977	0.055195147590940664	0.08205608865423351	0.1760048391952366	0.18320370252265203	0.07674399552783301	0.035830025500034966	0.027894204679420897	0.02330889733984885	0.021454154363038096	0.02012222329205621	0.019948632621447016	0.02080625630755164	0.02267563804827217	0.023518865331308314	0.020811399000615294	0.017414116586428684	0.015758380857148188	0.015184175277398378	0.01577897748540499	0.01657226637451375	0.01732296328936379	0.01949493476127583	0.024097448768902775	0.026676324492568567	0.023426362548973075	0.01739106925679536	0.017320179063363667	0.015089153684903921	0.013243493989917489	0.011704761382151143	0.010430312097767395	0.010211873888715356	0.009742727523478335	0.010108399028596985	0.010099167022537464	0.009168752110960826	0.009150433119349866	0.008971917218274622	0.007438678279921932	0.006691983294843797	0.00607225739468837	0.005726635855490027	0.005456990977851079	0.00516855294197457	0.004660473904363762	0.0042680568861739486	0.003990063317068586	0.0037551560554666776	0.0035492054719992623	0.003476652764338622	0.003409943250041443	0.0035015665171084544	0.0036667678334687055	0.003717897633892763	0.003889060854310226	0.0040865428765929305	0.004174812709430817	0.0044067086584433255	0.004678718159418054	0.004741153116710909	0.00473000461669593	0.004858111960775807	0.004838524247335213
CC420173	p5	0.09554587061143853	0.054580661407322734	0.04027524985368674	0.034183581896862915	0.03014161341660504	0.02989036642360768	0.02987458130965179	0.03319901162557284	0.0397148388404247	0.03203160342833414	0.02718927706267911	0.02709216802687219	0.028226789175604453	0.03267695322313953	0.03804620230706486	0.04773710464131845	0.0732783847612154	0.19387182917924023	0.296488799098726	0.12238875621833052	0.04522817898799669	0.0282102807560264	0.02330697501223247	0.021328761658551378	0.019960201985901673	0.019983246310885286	0.02164298683179967	0.025715449256921968	0.027182856223230762	0.021426666673697137	0.018103032092848127	0.01678003422452519	0.017113920877091755	0.017055954228530536	0.018443608603444954	0.02135079233808555	0.028032522066465518	0.03538476948763753	0.03544675944806233	0.027958542833787244	0.019986559677747408	0.014929340704384403	0.015394666379870714	0.013615450767863057	0.012100134685919589	0.010802818465539635	0.009651825794643498	0.009332680697731062	0.008630660729509267	0.008061416958488382	0.007331713048555483	0.007022153899553138	0.006343127794725012	0.006044552355671512	0.0060205785015668605	0.006345149501429339	0.006404050926234272	0.0063281962398034275	0.006073310696315141	0.005824866198503642	0.005600377267975523	0.00515571359964724	0.0048442287823963716	0.004630443656634837	0.004464691161421094	0.004275766320211046	0.003904642686234667	0.003698565624977791	0.003448049462134827	0.0031394569232093	0.0028361302313897854	0.0026658078850073283	0.002534590312505284	0.0024681854944947563	0.002460802962487115	0.0024870313646218893	0.0025933036296245985	0.0027500198617850208	0.0029653832989725583
CC420198	p2	0.07740202007476521	0.05031350494259589	0.040744880399672966	0.03754134927792279	0.04853286706514136	0.07241722136171538	0.0371729427299645	0.031835658712065895	0.02937005966168898	0.027860720309384947	0.02860441836391593	0.03202886702976724	0.03736784979924212	0.03876851679118016	0.04511567182950142	0.057210201265032186	0.07698331469310196	0.09169545129712188	0.09980269429116885	0.09784653714495943	0.0848886644885476	0.06842178167986647	0.062067178025198504	0.0574363852353553	0.052388350921348394	0.05108040201179319	0.050094632220826794	0.04529326793417386	0.040512662385697125	0.035071201644840976	0.03153380457904973	0.027822304008611236	0.025018888911576307	0.02259613225110194	0.02029081999544653	0.018349415786381683	0.017070358902517565	0.01634543789926314	0.015143556210093948	0.014525616446121126	0.014035345335932687	0.013461544573337224	0.012953629762098224	0.012515199715834039	0.012110815843731719	0.011737138953758323	0.011334930582730385	0.011079651170106392	0.010926029208489955	0.010333241973083319	0.009557894172174038	0.009033166464939004	0.008281623731452843	0.007150008724547187	0.006411299662060093	0.00551937960338412	0.004647012494674828	0.003988941817040437	0.003603755976093022	0.0031961264558101835	0.002888301601783544	0.0026269097142417605	0.0023905942585786127	0.0022614653393827422	0.0021262681267035038	0.0020878509711045198	0.0020362954696051955	0.002023584016121995	0.00197460560023731	0.002037239041280923	0.002108752442899359	0.002162476793487307	0.0023012682612203604	0.0023794711592366267	0.0024227232927468046	0.002431407608344675	0.00245503714622832	0.0023732825464851527	0.002342263697390748
CC420198	p5	0.06418007967218317	0.04405090576117969	0.03512353248693822	0.03534531728489894	0.05146760144756534	0.054313522731069874	0.03524530240711841	0.030852482774979845	0.028729821158786677	0.029666136427058263	0.03415394483444994	0.04047547925200447	0.04763733211898841	0.05917783217831034	0.07923176332389814	0.09679723353374117	0.09972850733475482	0.10217147086407014	0.09013604756207262	0.07370842619070167	0.06667029067908911	0.06352450414015923	0.059810920793264825	0.057681826290625675	0.05755053705678727	0.051400479396105335	0.04617008843800248	0.03955291616007987	0.034754182055441625	0.031131333937172757	0.02755196834937584	0.025199403462806556	0.023104577266616015	0.020918187633956007	0.018849701606321587	0.01730587510926203	0.016654175286288413	0.015900502509384046	0.015471497838289409	0.015396713478928084	0.014819575041694294	0.013701148917288358	0.013095474894308418	0.01240111552600504	0.011763586555569113	0.01117697380459292	0.01069988913330985	0.009799329272416609	0.008668310042917212	0.00783602963023694	0.007129034015109697	0.006046138420133012	0.005327327308835615	0.004843485154790788	0.004207454965466797	0.0038208120400455834	0.003503027158200178	0.0030880914306380958	0.002801152478709875	0.0026014941494219733	0.0024082240852429985	0.002217400388511211	0.002140882419512239	0.0019423685517340691	0.0018494601577233693	0.0018440976326217953	0.0017661214964960383	0.0017779289579326815	0.0018094866756503119	0.0018740258282422542	0.0019493606974359478	0.002013436908087117	0.0020613154586750474	0.002135012978417611	0.0022209752755330066	0.002236897403884644	0.0022681902345149814	0.0023027047443777006	0.0023005583381643666
CC420202	p2	0.12034499891750607	0.06728698231203781	0.04504313912053718	0.035455719315641496	0.02971808302303579	0.025959767405243146	0.024556431421459354	0.02320870925714399	0.023288313472144818	0.02420446526255477	0.023967863080329093	0.025643582122185003	0.029338473698346103	0.02959199352428065	0.028708048059197962	0.028668255879799067	0.02900923629228967	0.029484991683466622	0.029941010521051588	0.029070751578869566	0.028184644042974022	0.028393116930603347	0.027288069536475477	0.026122157307364856	0.024968969165434986	0.025128374415254364	0.02464524484453326	0.024516876760890857	0.025639263383161734	0.027822312561179147	0.029937480976016798	0.033749114011231075	0.03652360572146968	0.040090702436176635	0.04120583092305111	0.043716575931476535	0.04545524011526958	0.046966039688200664	0.049236017081609434	0.050187491198521984	0.04846918988350374	0.043457801165327284	0.04209460677272488	0.039596295658474515	0.03739373677169716	0.035443744622277534	0.03369311299765269	0.03232872386728534	0.03118972026867815	0.029701666099119655	0.02824632485157842	0.025905826378706604	0.023827835581985663	0.02192109162144497	0.02012327345899271	0.017819361824196925	0.015366678881337798	0.013208499068753677	0.011297592453854723	0.009729301109268031	0.008851728974287746	0.007787327713516508	0.006943230500417846	0.006432143354197245	0.005951024940922881	0.00573997868467145	0.005490255556724467	0.005497856705911843	0.0055300051686654386	0.005581939410672538	0.005717585778459983	0.005962050655769725	0.006123192739603224	0.006079022116026406	0.006427600574786878	0.006564421267547955	0.00657776164842073	0.006559824347189378	0.006546446012170121
CC420202	p5	0.1531046008827687	0.1116449104133959	0.04154973028409975	0.038478060580697394	0.030853888753676038	0.027761203484773317	0.06290113226910948	0.03592179380508747	0.02460077340238764	0.0280359216995249	0.020612096926106233	0.032893548699873015	0.03850183217267057	0.02904371099825726	0.035842909901654806	0.028007162450831593	0.024799381671562388	0.025865647904726705	0.027384160556391864	0.02849969190589277	0.028810904292181867	0.027665919583154397	0.026895797009890886	0.026102037168488693	0.02530741827234949	0.025374733829169955	0.024798797535741456	0.025194703967798274	0.026896200090259705	0.028418888928599628	0.030773784097809627	0.03430606130028641	0.037358680128813035	0.03790423022089506	0.04065150029093107	0.04311376590747802	0.04657941324662386	0.049368475942676654	0.04916403443855301	0.04699911800789078	0.04336575970623502	0.03913267515949987	0.03641334211725026	0.03364365327372475	0.031223482970249985	0.02909786834240827	0.027202475409043005	0.025182475846264853	0.02317393775735833	0.021711602607885717	0.020440668278706445	0.018424081595339068	0.017075979861826837	0.015323713559161555	0.013665066032464068	0.012092997499305277	0.010760536316233112	0.00955572617622547	0.008601556252916883	0.007726840738769023	0.006984464268476073	0.0064025068594352535	0.00595013410720033	0.005496891881556174	0.005123534454422994	0.0050080351529805615	0.004976743287175176	0.0050406863785841865	0.004996036725816061	0.0051579027346557674	0.005366257180179676	0.005362533176368912	0.00563644129071871	0.0058851399754735086	0.006091240621071207	0.006066369444013197	0.006147464330566449	0.00615204403789161	0.005813624021701874
CC420204	p2	0.059519515742836454	0.03534519083090213	0.027605402805586664	0.023742811340919438	0.022144832139899435	0.021946252474800962	0.022460629254861607	0.02433852902479167	0.028114458265759326	0.03074050838238245	0.0348576022858467	0.040782882852735285	0.05447912641965714	0.06667948438662352	0.0718491594465172	0.08469314416221858	0.13383955209723153	0.17189624794579156	0.13690731839608675	0.0921791694407318	0.05137404476324353	0.036672132726757116	0.029813811815807365	0.025852289542643393	0.023327709310273077	0.023850082671597023	0.02652924672565223	0.02915820885110614	0.030632682193491516	0.031129594240569172	0.03131648811139895	0.029933349984558388	0.03027574676085421	0.029400648368720618	0.02888720856326978	0.02842493213232324	0.025310379754659086	0.02251305391403647	0.020620581120484933	0.019456952814189472	0.01772508357772811	0.016439543227553664	0.016029112204495884	0.015267349403479678	0.014568934174898325	0.013927116984770819	0.013149756777213677	0.013132379026686743	0.013214331207570693	0.012962740065394688	0.011126264929798005	0.01021719356568949	0.009392200791298341	0.008091333364864464	0.0071477946260967385	0.006344784604290379	0.005496415939136395	0.004864577520812402	0.004301965654874154	0.0038719845646422563	0.0034966582384947814	0.003322797083988595	0.00306901013086104	0.002813707356305393	0.002712703575950711	0.0026487434621437584	0.002542343608934483	0.0025280643460443663	0.002646416013827293	0.0026467952377857568	0.0027159106480280425	0.002829021725447981	0.002929267764130599	0.0029666168707397564	0.003018436175302659	0.0031430976207278702	0.0031937977548736024	0.0031107913539962996	0.0031075092614489003
CC420204	p5	0.05898198355653709	0.041235558647734455	0.03446013349533072	0.029488742062027933	0.025219349492715384	0.02347642144014879	0.02457457251986523	0.026047733481415796	0.027677046420397634	0.028286903641404824	0.030726138591551537	0.031303047689295656	0.034598319465750024	0.04206484618481766	0.04843665153036594	0.051476767507166586	0.06358940136401406	0.0873196041319124	0.08620200137480692	0.06460672800761438	0.04864770305415541	0.040322170944907636	0.035984170366526715	0.03516856461783172	0.034560712480911866	0.03390667877683181	0.03641659544368872	0.03743589165552754	0.04016556664999094	0.0410123104688102	0.04162897909728169	0.04142163650213437	0.03984741948461116	0.03846152944149428	0.038722671594934574	0.037831463216606825	0.03478557674935706	0.033405949686317916	0.03266485939290884	0.029480447675845945	0.02790158649157809	0.0277707494195339	0.026345714070304765	0.025522674880553053	0.02475325017735671	0.024032836634865194	0.023320106293796536	0.02127937567634389	0.019567435212162594	0.01800028176307241	0.016025081483929546	0.014178895206338854	0.013037789713826835	0.011807435991830855	0.010343620666840084	0.009100310684750465	0.008349017103840787	0.007317014048621124	0.006305748428739704	0.005764145635470546	0.005100407698740639	0.004683098392570673	0.004332994405784946	0.0040477994971920795	0.0038683672096153465	0.0037278931694064363	0.0036709953530443635	0.003570051005266318	0.0037704992614112365	0.0038142512536983816	0.0038810031786695063	0.004032427269026356	0.004118683305717312	0.004256122831340735	0.004470405601531878	0.004588805850491709	0.004544828780237968	0.004474028903916572	0.004344822642604164
CC420231	p2	0.08715558816137145	0.04963910095496859	0.03219045098598214	0.031047860939748047	0.03152729081815592	0.03700645975826214	0.03334556558725813	0.0279075962243181	0.038015951038717355	0.02830776937916152	0.029220725896887963	0.03364898651152116	0.04066737318753374	0.05372842666204424	0.06483675750054091	0.09662892381042122	0.15969882428646587	0.1997635107486538	0.1322944384413419	0.07224174567774556	0.05328863833337154	0.045152005731634706	0.042693612276210394	0.04383819137479746	0.041805591166114715	0.04102161885711878	0.037075521429646416	0.03303833072573272	0.030138952962415574	0.02693158180892448	0.025469266092662375	0.02257949048383951	0.021202267277812232	0.019907675553105356	0.01826530213576287	0.01869700763424013	0.01900232578019126	0.017409823812239135	0.015959462048487538	0.014743125125413608	0.013406947850776818	0.012203408346500568	0.011700033266294601	0.010994469906343077	0.010356121754118385	0.009776959696105635	0.009246375205428412	0.008208592927871045	0.007430060982985509	0.006608662472289797	0.0057083693876616715	0.0054547869294684715	0.005100707771684874	0.0045897075878899435	0.004215557318579384	0.003609482878703386	0.0032642526426493548	0.002904971632816296	0.0025893424920564096	0.002312408906229805	0.002177851283453973	0.0020640465313415033	0.0019067593399928265	0.0018093162810646872	0.0017763140086495622	0.0017295442600612741	0.001645886961265611	0.0016954730923137693	0.0017645301018220886	0.001846225159008046	0.001915790982501311	0.00200335660528396	0.0020839447070902877	0.0021330511977353315	0.0022494381963606195	0.0022813358534000752	0.00228487558500965	0.002301344352030017	0.002268704890054086
CC420231	p5	0.0540782101908001	0.03998197443134125	0.03289334542411298	0.03223491896707962	0.028690844287348166	0.031225536815009117	0.02663414497359483	0.03144459515298623	0.0341136630609868	0.030041029608574632	0.03557463108975082	0.039089558638671945	0.0507495328930481	0.06288319677807833	0.09020853752075053	0.14737378611475602	0.17770873914605032	0.16071812754591255	0.09396694467852347	0.0614601294395525	0.05491616699795861	0.05258474577394791	0.05037393190309636	0.04854642587561038	0.0453620385794708	0.04092575321158575	0.036148101704320604	0.03205484194580685	0.027222913539235453	0.02458512790571301	0.022574783112776067	0.020801857232346774	0.020405931529642717	0.020415170006339144	0.020316922461251632	0.019365758155370165	0.01753030578587541	0.015196211168113948	0.013572872278681336	0.012188836896733373	0.011272466739545805	0.010993362258682393	0.010099873675982281	0.009568149999442926	0.00908448994171594	0.008643620876478157	0.008206740902846685	0.007101084888286631	0.006555504729064707	0.006346884820985649	0.005912993196331	0.0051102209495691225	0.004743790565715215	0.0043296078346918765	0.004021805366919731	0.003738747322986048	0.0033892376673660424	0.0030515774533585887	0.0027794482591677132	0.0026405900226488758	0.002464325253310129	0.002247810583787431	0.002107869606094899	0.0021031251515502797	0.002048326131768567	0.0019906750342376803	0.001995554612482693	0.0020234033171506825	0.002101772491990414	0.0021705370808446384	0.002236669551791292	0.0023326241784184312	0.0024486975228230927	0.002564404657280162	0.002692584314444178	0.0028032541239614264	0.0027954939468587984	0.002791013838513767	0.002741246811002929
CC420241	p2	0.06580049817686717	0.041807737124468114	0.03673723362982359	0.031966045360981146	0.02857885757237362	0.027342814316565475	0.029922741231483942	0.030637522765741988	0.028733023987059094	0.030028314018537762	0.033331790725869115	0.036331052925119595	0.04024738036535898	0.05109272350772734	0.08100454376848916	0.08654325859127225	0.07745828821924257	0.11117487247867011	0.17398290668695865	0.19604944453318277	0.10455612191455588	0.04968829210491916	0.033850320372788956	0.026517164917597254	0.02393037740701653	0.02255771603423801	0.02141027513944683	0.02084265060551436	0.020779250653071853	0.02073649524361837	0.02071529309655409	0.020466341219827426	0.02124473585929467	0.021159319697086208	0.020694135932707584	0.020291502449496155	0.02014332504126348	0.0197910044853022	0.01965462977315019	0.019666827686864383	0.018646894251771615	0.017365521818213343	0.015830305138380532	0.014717048305892991	0.013723751934500488	0.012834583436465484	0.01200767171868341	0.011436651707203418	0.01080695143461639	0.010544991700083597	0.009733504745977081	0.00905066340632271	0.008145776002022027	0.007477719890574889	0.006812638666239147	0.006015780651981858	0.005250450302143536	0.004414978473597828	0.003923611884756082	0.0034908464962404135	0.0031793943868019827	0.0029841485653606475	0.0026593745563702306	0.0023532369390070556	0.0022633408729602037	0.002157585479911773	0.002121895095998818	0.0020890320132588847	0.0020864292462692956	0.002148511464751367	0.0021180781147589504	0.0021634307553870043	0.0022003750270561213	0.0022489824081311323	0.0023152011762373197	0.0023119102590183935	0.0023341532064464756	0.00232994867085193	0.00227609852816701
CC420241	p5	0.03534585866161555	0.02983316269198089	0.028678304653490604	0.026878085346920592	0.02483677240969757	0.024065868654645724	0.023924574716440043	0.025322179682338634	0.027337813957500207	0.03124609872816405	0.03566316213442174	0.04065007314587845	0.04789951364126978	0.06707002358944841	0.11308416601649966	0.10008591815537357	0.12383217003306682	0.2140230158295098	0.23584419805074405	0.09637920309091728	0.04864734420865357	0.035693299339385996	0.028672838213457084	0.024654764470656804	0.023487980243640877	0.022177906154220564	0.02086191646417832	0.02128816104815047	0.021498397136093104	0.02185184455763634	0.021249741826320143	0.020444561162525673	0.020584710122638072	0.01979058384681826	0.019845244130772082	0.019292317679153244	0.019177308756275022	0.019617966645308755	0.018783602567961584	0.016168788933102324	0.014795826492732167	0.013946542896497426	0.013107363802154782	0.012358054398365629	0.011674146522074377	0.011048504116164842	0.010442109113669436	0.010204658044332298	0.009817572522642846	0.009012935843290264	0.008069215175063038	0.007303304597310326	0.0064263379819479525	0.005582900045467644	0.0050900278160250275	0.004483692586180318	0.004038751088192359	0.0036418429189182685	0.003233114966446048	0.0028456860598196475	0.0025815233367677375	0.002309937026117744	0.002100487052615108	0.0019338620844803305	0.001871564284093992	0.0017807342124117362	0.0017034138661284335	0.001667037108017158	0.0016543064206599766	0.0017251926860744973	0.0017469595196727174	0.0017613481447194927	0.0017942698133902382	0.0018051174614876605	0.0018599904456339043	0.001860449370061891	0.0018469651187627359	0.0018432898112205804	0.0018289077686507082
CC420259	p2	0.29864191240632704	0.12787744830889494	0.0752427391506644	0.057940383909841256	0.04228072681043573	0.03545419033189499	0.03222285390252292	0.028937363827998788	0.027817384219431272	0.027198093818685508	0.0271168408551892	0.028413810994621425	0.03049066937223939	0.03860524561535639	0.06095207230625656	0.11698502897545164	0.1898258718193924	0.13768574084028443	0.061349682039897664	0.03580695203253782	0.025976492359118284	0.022600768028927083	0.021278361989799488	0.021255147186200748	0.02249294931414614	0.02190526588400225	0.020599764854857074	0.019175653763408105	0.01902808552693933	0.019195831256094524	0.019351072389602937	0.01939187310322752	0.019253914271218277	0.018457010358462488	0.017865578911600913	0.016269572932438216	0.014866344650394532	0.013557628831040959	0.012774287744507729	0.011861649659006344	0.011232424304068527	0.010803138677089832	0.010978996583384863	0.010858244161482254	0.010750077102898254	0.010653640075995003	0.010707023924875266	0.011184506598763655	0.010220881949352166	0.010388568909236768	0.009826346521781883	0.009684733614856021	0.00934486323365921	0.008807276367313663	0.008244176708930302	0.007792687255675759	0.0071417258267703525	0.006832111101385277	0.006144641073391761	0.006055465317212689	0.005968501995571727	0.006125398744197208	0.005595741558542464	0.005166077938020568	0.004867936888066368	0.0047648266172773835	0.004755572221585035	0.004848438938092384	0.00495296653294507	0.005176467139554759	0.0053241401736554925	0.005368052397429183	0.005697917066705973	0.006096204621440094	0.006265081323825247	0.006444245968700871	0.006527368720130842	0.00649200587645473	0.006460435239856362
CC420259	p5	0.1806586127705509	0.08715527071778405	0.059403442593244885	0.0475059717416086	0.040065964010196416	0.03717376555846687	0.03546315997905178	0.034613261684639546	0.033839088595464174	0.035047703459361146	0.03848156262686229	0.04457099934450815	0.06435619979269117	0.07896677124895835	0.0943139564215105	0.11002176282037876	0.0944418839688513	0.07207379165639191	0.051903375017682316	0.03863283396498994	0.03425123478242233	0.03188439342147137	0.030855702766854516	0.02937857354533512	0.02953877123771023	0.027987136341704088	0.026280077986219896	0.025293288216417353	0.024191292073220193	0.023039210782334035	0.02271312768046423	0.02115108755083401	0.020474279884543627	0.01932696508459027	0.017464808338327156	0.016187352329626915	0.015402833825001938	0.015086546635718916	0.014628220538533418	0.013997884975972432	0.013397927559427718	0.01297683458175145	0.013520648262091312	0.013598261069603879	0.013684297175106896	0.013778407693573818	0.01376250639793379	0.01245026041188226	0.012025183675610692	0.0115893378372035	0.011636795160325399	0.011239200478474947	0.010679677471214993	0.009959014508077374	0.00974478591511899	0.009436235741164584	0.008698347360040494	0.008040066424524466	0.007534349227870055	0.007165912923094822	0.006622915452290711	0.0065504740101488415	0.0062153504404903045	0.005974015415251455	0.005884254970183718	0.005846435309443292	0.005899279215517957	0.006018131215677975	0.006160753794160212	0.006295061668172647	0.006531221776005802	0.007106140470118214	0.007398667195922235	0.007610884392915246	0.007991311091139047	0.008309348177944714	0.008349827514071156	0.008573175238777316	0.00850368638491614
CC420286	p2	0.06617218323410712	0.03609757323661218	0.025706081400791832	0.02064839881171204	0.017603100609059452	0.015754755941609102	0.015111528501673754	0.015025852347872053	0.015653100064696893	0.017447006259306237	0.020108776958673805	0.02367198629861116	0.03101625115385254	0.05366961995672109	0.1691443326170448	0.28663345966764636	0.17070691664487664	0.18408006143037173	0.16937060967040352	0.09254977712497416	0.04786780578790143	0.032857777580199476	0.023654631224711745	0.01835144759223537	0.01548019998974092	0.014309927650477451	0.013704777870669902	0.014387595041092086	0.015466986858468599	0.017330803858509033	0.021847693999286016	0.02872383076519132	0.028810320701127153	0.02084910190434664	0.017065934297591647	0.016175133574241697	0.01541552527509254	0.015014570591834397	0.013550130207205134	0.01173816598970887	0.010471706732324964	0.009726484051044777	0.009381901272099364	0.008913960191227404	0.008494121610878647	0.008115929172587404	0.00781595785104009	0.007724734536919933	0.007545443630462847	0.007840603327247647	0.007130026898704122	0.006216944422071237	0.006124858205086174	0.00564424814979728	0.004855842738890771	0.004359232983855545	0.003990331692480669	0.0036837930778762336	0.0033350844532082234	0.0030339711833726178	0.002802197097804761	0.002687684104246138	0.0025959144434412056	0.0025566883003198255	0.0024529809082369084	0.002363584779466178	0.0023672884667165343	0.0023237285727080665	0.002379707707810092	0.002431846905477221	0.002532913496296261	0.002610175155561001	0.0027882854338484543	0.0028943581102538157	0.0029999511426671444	0.003074519721263589	0.00321233096001133	0.003249337781360303	0.0031673793162811416
CC420286	p5	0.0650811639913506	0.04153495809755065	0.03228538302885388	0.0265951360801757	0.02385514571560752	0.021891298386960408	0.020317400083208755	0.019983419856641465	0.020571292429731127	0.021307556342836133	0.023484066544464933	0.02586955086217643	0.034002462204934226	0.06264821984690387	0.16512546908961248	0.21566229644851187	0.13098898990652189	0.13652148385914248	0.13957325655847616	0.08154929082009113	0.046901827317740154	0.03476452971301332	0.029696756776251297	0.02503655537290263	0.020670282125884648	0.018745070558169017	0.017683620652501633	0.017779811975214072	0.019430540344943466	0.02116182370051369	0.023991444530965425	0.026822443839926862	0.02442592558399846	0.020327410105778477	0.01697887008435966	0.01590862093048085	0.01586370487108481	0.015377233669263071	0.014083007658403106	0.012633572466737453	0.011926575049337494	0.011078403501974981	0.011833994372096888	0.011847445590584328	0.011876604480466743	0.011920144205862059	0.011932741755657658	0.01102441878785641	0.010774701345646611	0.010853973272251915	0.01101240829573442	0.009410704316351534	0.008792287650437327	0.008226988190005719	0.007633050315314422	0.007309023357871134	0.006447613154938325	0.006013235967629269	0.005493470126750864	0.005147637665109219	0.005024764929649313	0.00476835168438745	0.00436768927163966	0.004240343739729961	0.004292688493806402	0.0043250703611384155	0.004337880838674791	0.004386158855238266	0.004537547347172861	0.004754082212071539	0.004934696119058234	0.005297545216616192	0.005576559820222448	0.005695915160047904	0.005975692195632349	0.006201219125402888	0.006350063521877624	0.006603956256054741	0.006368086026986809
CC420348	p2	0.15122684511974996	0.07746006637106748	0.05125243368821541	0.03952828176708113	0.0320495980402366	0.028373046428877367	0.02696972069267237	0.0266457513423495	0.026138406866957488	0.026341038913517148	0.02686088375447187	0.027054960286736398	0.028513457660012842	0.03180499298716139	0.04020507624200106	0.055690095205317314	0.08188814594934724	0.09224169090617569	0.0664928347100355	0.05887035821098485	0.06179917835040059	0.06021578761040103	0.04722777148000119	0.03459693256340953	0.02879837999234197	0.027561099133494568	0.026336724277797693	0.025386584324975717	0.025267261486910983	0.024866762634959	0.023772398997555965	0.02323970473121619	0.02339332610031656	0.021789907305187737	0.020945040165206923	0.021336585922739817	0.021180092903089278	0.02026321842668792	0.020032495888398238	0.019078101253926113	0.01935591641896814	0.019621910727446776	0.02174276832211674	0.02310469240819995	0.02458586124223307	0.026194831578550393	0.027931765874200504	0.0326826919184554	0.033926869441634346	0.03181865524973267	0.02829247127275195	0.022826170017672127	0.01937701673639958	0.01625122841302701	0.01378057146899374	0.011614831932680982	0.009660276892337638	0.008525315852919222	0.0074024718713036775	0.006772078307324462	0.00613332283744038	0.005655891414686343	0.005194658820947994	0.005010718019746877	0.004841959826091168	0.004643499345210412	0.0045182720952184115	0.004479585253846726	0.00473953732881343	0.004694351128936005	0.004909941826117519	0.005208413486334816	0.005486377948281838	0.005573173324151559	0.005679393058083727	0.005746636615715744	0.005974073459364912	0.0059720590632629115	0.005976246137380786
CC420348	p5	0.11181658946885215	0.06827762383034912	0.04920235461051627	0.040436832184727836	0.03521924946025435	0.03093613294164956	0.02900949491504442	0.026530149986899915	0.02594497152353983	0.024974373809169715	0.02560473048623069	0.02659422495533023	0.02799998095560972	0.03230935595948075	0.043408541525017955	0.06755833263263789	0.0936890122042801	0.08065115211985091	0.08344147151597643	0.09617297839144039	0.08323426074229393	0.054471672878548774	0.03896464294462573	0.033758318633711676	0.030992287833977082	0.029041713790858018	0.02761975053206334	0.026722091222811106	0.026213520374023372	0.02601901595053328	0.024871371851897285	0.02465330322171166	0.024595843740982264	0.025051343915332005	0.023452173129033447	0.022701334050807598	0.022254626008161714	0.021615555069426053	0.02130728427040694	0.0209985407531204	0.021254740998230836	0.020345393504236416	0.02036385715601197	0.020122516728588957	0.01990730108616499	0.019716201943916812	0.01911888446124714	0.019374411349530402	0.0188133220677746	0.018751982096895842	0.017502206019314716	0.015142158166042197	0.013774818311443848	0.012073247795487987	0.010924664667380294	0.010096067119186107	0.00930856686207158	0.008431295627404791	0.007687857908738453	0.007121315642237558	0.006737988258169879	0.0062285234023375	0.005712284013023923	0.005530753104987558	0.005467624716741446	0.005389542773143673	0.005291097311848972	0.005496702684878322	0.0057345312636527535	0.005833763444142065	0.006001492262374406	0.006246784388147403	0.006613515513097468	0.0070783463813544716	0.0073934355958325156	0.007641233870395686	0.007825919594756661	0.007711379933633848	0.007652724637635698
CC420392	p2	0.078496181604017	0.04370870342488722	0.031191501426673318	0.0260314746086832	0.023968108544904124	0.024230391897917876	0.022340274611991746	0.02106630679567765	0.021386030026635385	0.02227547318917755	0.02412643390226634	0.027481017467250006	0.03272777684743643	0.043100924220782696	0.05974055559410958	0.07924585372198605	0.10370899715431468	0.1346631529363272	0.1521229252509483	0.15346881659043257	0.14628890300234565	0.12157185579922741	0.09072586592485898	0.06675736291418415	0.049408046989616906	0.03834183740092551	0.03148573113384767	0.028015972974221516	0.023054694638416594	0.020049876655219245	0.01833088373809481	0.016148185162780763	0.01476737095917545	0.01376473200313705	0.012773075237305018	0.011808524438419505	0.011659096732499314	0.011396426211417515	0.010998339996674262	0.010061099668663245	0.009586675466147377	0.009183858449623003	0.008588799593472736	0.008143774414906577	0.007736184958750246	0.007361949150677754	0.007000625519895702	0.006804655713624214	0.006878190349024888	0.008026058726297863	0.006139523853018593	0.005598294987255579	0.0053034140231132685	0.004815937021590239	0.004642942629187877	0.004280346555598155	0.00385413519279439	0.0034905199659396747	0.003119650871770357	0.0028847766396652235	0.0027055372194540743	0.0024928958744962434	0.0023116861796185382	0.002154665005258678	0.002087388384345844	0.0020152797470303725	0.0020554490596393304	0.0020941550223717094	0.0021327653427711535	0.0021488048244310185	0.0022381411681891773	0.002326383882422527	0.002375069193204783	0.0024021111741715463	0.002501111771775398	0.0026231274588291212	0.002672190575236951	0.002655332018745638	0.0026538028404262566
CC420392	p5	0.23853700860459692	0.08569848802577935	0.055424237247582255	0.042853110823662284	0.04209220825582554	0.040062326047923	0.059295776134530576	0.04351671985036539	0.04451340843435197	0.032319344341565255	0.029750983757801386	0.03044544890547303	0.034942106264928934	0.04111236808882308	0.05342311419398612	0.0677112227073907	0.08321154377789938	0.1001481092945796	0.09997591238041545	0.09984882589671691	0.0875864506978386	0.07570038403698015	0.06132423521788773	0.04583994540584559	0.038553917840559525	0.03266326296088515	0.028172664067752567	0.0248531624160242	0.021965455050982626	0.01903725896180523	0.01728839586159756	0.015305882707637044	0.014345497756544352	0.013411763114555188	0.01276278733587778	0.012205138115714408	0.011618854497942976	0.011241976929575521	0.010982787590284362	0.010293299334397255	0.0099687172870105	0.009788263330870402	0.0097189938800508	0.009603685629588684	0.009497706661863559	0.0094003693555385	0.009241590476166945	0.008834596730703867	0.00846138830679962	0.008053323878529967	0.0077664712413534655	0.0075432511584867055	0.0072130751079686585	0.006690022985536219	0.006164954564320955	0.005976080817365569	0.005548698622402156	0.005043762536279757	0.004698194240817606	0.004458389929529588	0.004046189056471514	0.0038685488242826424	0.003643155473318741	0.003561740344360506	0.003476123848161457	0.0034560400464765054	0.0035127528610093173	0.0034695171114905556	0.0035721001467303387	0.003722252337355853	0.0040060315820593636	0.004247814758580238	0.004361995463349607	0.0045762189909218775	0.004773346885294123	0.004806974670035621	0.004948614283350015	0.005043971718274548	0.004936392449413997
CC420396	p2	0.04237880838148379	0.025803060971520086	0.019673812216901728	0.016073818937945447	0.013947981978290613	0.013392591895162368	0.013010346072992375	0.014630252756829963	0.013354977868569895	0.012350604346314515	0.013058801709963408	0.015341892812893259	0.02052899470952314	0.0367890458276415	0.06605252297447833	0.1292017911063892	0.48060666048202555	0.5714097244477085	0.10933293235810787	0.03718512423810525	0.022334137551005707	0.015140693566599146	0.012047531096993462	0.010950875275109174	0.010132745066033656	0.01058453887472462	0.012225622931464127	0.00977499253557013	0.008170427129250396	0.008012271866544709	0.00807128704802497	0.008195086307164577	0.00884799084065905	0.010353162942141735	0.014752714709390009	0.025442119557788634	0.01987070239099219	0.008451528956608813	0.006180741404478275	0.005479138439266732	0.005194600292446564	0.005187609440769817	0.005139425067934808	0.005107981912497867	0.005081907971538377	0.005060846089086612	0.005053829548126435	0.0048035654798731	0.004644961113623471	0.004564892735002746	0.004316475034111856	0.004304435546529773	0.004503414503058448	0.00478134119651154	0.004942948221745162	0.003885404982841002	0.002834000340924452	0.0023843464258510695	0.0021689025905981315	0.002003592184795796	0.0018429133440891132	0.001771264258525146	0.0017232804132924994	0.001704642838438337	0.0016545756896480946	0.0016110578855460444	0.0015936161346879743	0.0016298587973068487	0.001731759535271629	0.0017728714402170192	0.001904959939241871	0.002050689340872015	0.0021616182148167917	0.0022809252259627694	0.002338029030330259	0.0023266975681828553	0.0023974719102778396	0.002405084666049916	0.002363105394921398
CC420396	p5	0.05460868424986737	0.03835420791870412	0.03001477160862889	0.02458593394139496	0.021755978420416988	0.021589807312720463	0.019520927350578744	0.020070707040971116	0.01931917314966628	0.018813004906937332	0.020439796170178024	0.023417818907260322	0.03223164775599801	0.06272108176217027	0.10356539228229482	0.23030738551403845	0.4327760105924628	0.21282933984102134	0.08037838250068906	0.04776359299480204	0.03375287731626313	0.02650355534021503	0.022294101598633438	0.020319129762730443	0.0195259447507477	0.01802175189350218	0.016729991265563203	0.015986679185174258	0.015175053968199317	0.014882306290040866	0.014654171356773996	0.014305982568405493	0.015436120222046355	0.018305891850351846	0.01869135046482896	0.014319424083588118	0.011439979831024365	0.009898184863676886	0.009284110265230587	0.008981680565233172	0.008809886346568109	0.00864933817474413	0.008574075148998567	0.008471287328430315	0.008380095265558607	0.008299695293871602	0.00817284626702703	0.00770034271618936	0.007355160721952781	0.0067821479905570735	0.00633557063405846	0.006072072756689797	0.0057606271432914125	0.004971101532202327	0.004407824048652071	0.0038736907806133382	0.0035874620221407515	0.0033690868634136876	0.003016922723856599	0.0027662328051995208	0.002602674058024067	0.002449878689564607	0.002335287729659504	0.002224398406406163	0.002212905238257555	0.0022214809423960744	0.002217994807268969	0.0023182336044963604	0.002400730394157634	0.002395652909245854	0.0025314755814887825	0.0027130190359463836	0.002802587747165129	0.002938937211694573	0.003068649212962298	0.0031284928345170536	0.0031346787439526192	0.003116201429881726	0.003127330641604264
CC420433	p2	0.06005805164209821	0.03863369049759446	0.03092941631627949	0.026182032505863116	0.02364471302759228	0.023383855207018647	0.02378366731356022	0.02615664494206855	0.029440609380020587	0.03346945645150937	0.03892622219173636	0.05192000238442681	0.08312601364554298	0.1847914273532889	0.3018089281000133	0.3001149848739626	0.16607314099233725	0.0706420970319581	0.03746465785987234	0.02536817259321943	0.019655274599431508	0.01682489680512347	0.015470935376458817	0.014519883524907896	0.013726055997782536	0.012985237278586645	0.013242808097428739	0.013442933298368981	0.015342223197945037	0.017859460275282377	0.018532324671011496	0.018543835365270364	0.01859127459119654	0.016021773397585207	0.013711840114421144	0.011567030319823137	0.010246997922042807	0.009365443020134437	0.009165042777689718	0.008998146714103386	0.009171412255978666	0.009282651963685128	0.008978005162501596	0.00889653935212457	0.008823548219333576	0.008758467056979044	0.008757786086203586	0.008376867950851245	0.00806133455596945	0.008190221248927649	0.006343203966125701	0.005547905851502135	0.004986615547581967	0.004445197144197271	0.004022219708989917	0.0035627965222527645	0.0032106455222318956	0.0029992754411577215	0.0027275278261816188	0.0025202303429214066	0.002296916191691351	0.00219656683631351	0.0020522435763417265	0.001941577096680402	0.001907045944553759	0.0018631874546835344	0.0018667747373697695	0.0018521854392543724	0.0018834369734025492	0.001908967640831493	0.001982389012363791	0.0020494592685577646	0.00211921731980108	0.002222248736393993	0.0022696598788361205	0.0022888117812685897	0.0023881049425646447	0.002378109545509209	0.0023369401287545613
CC420433	p5	0.07135937867464621	0.04719021534407608	0.03677738726196887	0.030996691180800468	0.029197863306369646	0.029714020713591555	0.031239429745576603	0.031972742260451034	0.03262422972336742	0.03413798413876265	0.03941095188194678	0.053222180421434	0.09228094745269773	0.22647842142561553	0.3146217755578313	0.1985577394339075	0.0853935394215088	0.050653453298858106	0.03383243592148146	0.026969755123740346	0.023052391095339374	0.02016111032739905	0.01819120408312545	0.01708843534654332	0.016748326395304613	0.0160954447352978	0.016485518476839323	0.01910372282041735	0.021034658283337622	0.02299121090574692	0.02253664531920933	0.02136946492951278	0.01768537544885261	0.015223975156689166	0.014051561331265184	0.013002493009305206	0.012453241025768037	0.012093414067527215	0.011642560546754607	0.01096150235924152	0.010839136853247921	0.010573879880118067	0.010401601787299423	0.010233507960000115	0.010076301052549981	0.009929065846560732	0.009705106167973689	0.009096282101053312	0.008345407717717008	0.0074154390458641235	0.007003476587701139	0.006376325462611243	0.005807297664292442	0.005348072164696478	0.004965027717668244	0.0044993231152616565	0.004174293870898549	0.00386748713743882	0.0035590606853366322	0.003365270366804064	0.003075683877771025	0.002903592184238694	0.0027061832341131837	0.002599378153150779	0.002462722434013785	0.0024193965229341217	0.0024046626720342296	0.0024619125761081275	0.0025085486859964057	0.0025734000981644327	0.0026373542461025344	0.002761499294048114	0.0027716336212921613	0.0028833633947679877	0.003036414150083634	0.0031567060528271125	0.00325345295163191	0.0032681572249924403	0.003221733651700777
CC420589	p2	0.05776287686491631	0.0345268728976313	0.02606173668030664	0.02080852022738569	0.0185536671206434	0.0178544577381472	0.017005488815496562	0.017886685543378886	0.02064366796698411	0.02073698040897949	0.021164610704575926	0.02395130238752896	0.028881360043569074	0.036669582144898016	0.05570161047453942	0.07391309902956227	0.09188749739970888	0.17025029495173202	0.30031928208745157	0.2802440348318207	0.1401792935757612	0.07097409286804253	0.041199249905185024	0.03100248370108234	0.02448022512817952	0.02015328111933587	0.018159243300913747	0.017125076767901773	0.016330246034917388	0.01597692229550542	0.015878440833142455	0.01591808701603416	0.014938221565806608	0.01399182191471651	0.01347020640297399	0.012840529276870866	0.012566273323623891	0.01294265517426474	0.013230928276448856	0.012620108714026792	0.011469326517362016	0.010057329008195713	0.009259309614207246	0.008377066319003437	0.007611993946481106	0.006945130201592946	0.00627494714803077	0.006184595765180425	0.005876116395824779	0.005729635042019106	0.005289521299121622	0.00504201968391225	0.004606419664827885	0.004180896466149712	0.0039525627543264856	0.003744731795732429	0.003543730900907265	0.0033504533326101614	0.0031336119689270433	0.002956124898567777	0.0027501945853411988	0.0025630431306212973	0.002261131679599129	0.002162480443696905	0.002114697875316349	0.0020533959639474735	0.0019955920720654344	0.0019426804628305582	0.0020003824234345693	0.0020503033761136292	0.0021576381406681775	0.0022331313187435903	0.002335890503542928	0.0023598314679689585	0.002432813713055967	0.0025356222797832412	0.00258821694890916	0.002667321731938745	0.0025810641558215303
CC420589	p5	0.03657542060783648	0.022793180782178173	0.018359084484316387	0.016173374536469724	0.015284998146397864	0.014692785946986942	0.014650569912277162	0.01591766260425174	0.01883426773312354	0.017143012169096406	0.01686120395377653	0.018551262475590115	0.022094299369118386	0.030195186801957576	0.0480547902326979	0.06812811840033321	0.0946676457567295	0.1676367947000074	0.3427777341437751	0.3732125789614762	0.14778570414234465	0.060350364361410946	0.035299391361600464	0.024467898570948995	0.019578352870536928	0.01753111730376728	0.016006482534427213	0.015185278450879035	0.014168709747344497	0.013857610393209844	0.013829387342172813	0.013912339089479892	0.01370432769830209	0.013234332092307365	0.012418622585361512	0.011922631830212659	0.012085467569364973	0.01247041716574954	0.01306933193920181	0.013600815133923085	0.011928635283424532	0.009843045160532424	0.009257396788721383	0.008239381885437635	0.007382868324694737	0.006656908886299406	0.006001372472029963	0.005757515577920184	0.005399469075720201	0.004985029086627328	0.004622318011344099	0.004268826757808596	0.004151366326530265	0.0038498089232057633	0.0035657743105896676	0.0034578510969722957	0.0032850672945698984	0.003091427233056951	0.0028747143887721967	0.0026890291298033602	0.0025283374783428565	0.002355338399843222	0.002158612859919295	0.002053088370342957	0.0019358286051975812	0.0018639114650768223	0.0018664789768301252	0.001825113277539833	0.0018811352739291176	0.0019332972707750173	0.0020191458438559794	0.002076846444833029	0.002212966965779107	0.002343653331689186	0.002393852205967328	0.00241005386005613	0.002434873747798465	0.0024033732357532003	0.0024028855507714332
CC510237	p2	0.068579571850174	0.050153092825812866	0.042841778215361316	0.037083740815338884	0.03467351093756801	0.03301923523436554	0.03174816631007265	0.03238827474400624	0.03527415799166414	0.037731549114551434	0.03866613809302229	0.044179122205570125	0.05592528012543826	0.07645304057492083	0.12189766168742441	0.23443670988567525	0.23201185703704078	0.14571768790131667	0.08892936828215425	0.05925888981184313	0.0446691542856623	0.036824251699070804	0.03228222008344161	0.02905965589303005	0.024826195146983556	0.021917714188774452	0.02074139995270302	0.019283256094006062	0.018115361650396723	0.016720989694111708	0.016393085393445948	0.015617252186338868	0.017283795586767355	0.0178019047354608	0.015408093883398765	0.013315835456167617	0.011675517590596669	0.009930633684689225	0.008777980067957094	0.008315759295319415	0.007609602249519778	0.007210123104701831	0.007156087067249671	0.006942400557691212	0.006746487029135031	0.006566738254989538	0.0063045880592414	0.006918436289754112	0.005929911718514249	0.005656582095829398	0.005305878968929363	0.004779345515186793	0.004347777416460573	0.004069433039835064	0.0036563556925616964	0.003349612650144769	0.003048796613749327	0.0026784725473964054	0.0024154008176864106	0.0022016939701549605	0.0019881420644400865	0.0018495833006224466	0.0017932586709273318	0.0017027204839925529	0.001593354292779074	0.0015445165988763135	0.0015273368499992709	0.0014995054428532406	0.0015171769407134575	0.001577729101018668	0.0016236798738717233	0.001670270852869797	0.0017011186768187225	0.0017322125135242883	0.0017854479342826702	0.0018137233542447556	0.0018566444949178482	0.0018281506766099056	0.0017251998627012188
CC510237	p5	0.03465801320684233	0.026328051508950293	0.023232358302808166	0.022150426265692146	0.02102979310201044	0.020286072581895055	0.0208996928811946	0.021629746600652755	0.022761765016174877	0.02497679389269277	0.02831123373677269	0.03649697007494776	0.053283308195794125	0.07725798189056243	0.10172384601624734	0.19040730572370496	0.36702477586528215	0.255542382531787	0.10971751536778114	0.06195067334531996	0.042400875697587354	0.03351927534400896	0.027976723932981184	0.023977386612193657	0.021124011082111212	0.01885549783319803	0.018099066907189213	0.01787812065397159	0.016738158952536886	0.016057399248233975	0.01622826897776315	0.015996825872979147	0.0171006798544267	0.018407552330406543	0.019911795038069967	0.017224052090070437	0.013209278212911237	0.01089988565251173	0.008810085658494619	0.008001308096158857	0.007092157091529336	0.006505131574173455	0.006367330486578631	0.006048174906710606	0.005753789797285524	0.00548169150696606	0.005157622387521769	0.00501593782784254	0.004977822893510859	0.004809278959016603	0.0047228857779890625	0.004507580249412935	0.004101848954090033	0.0036940515929546856	0.0033568954678395587	0.0029900048256422933	0.002615201973950786	0.0023584205504907094	0.0020474517574783973	0.0019011624579254476	0.001711417440701925	0.001615370222423465	0.001531755991573617	0.0013710477819791666	0.0013112109960340026	0.0013172273787394914	0.0012938374530941375	0.0012685366093639465	0.0012703686346028377	0.0012857705416071444	0.0013478220056670986	0.0013774602215352422	0.0013755427522035145	0.0014134684847233634	0.0014156029373532503	0.0013927494800893459	0.001380462853069191	0.0013710489303934668	0.0013778213888808591
CC510256	p2	0.1750681230236945	0.1072331254987535	0.08157963218931012	0.06364301446138038	0.05163928624688954	0.045102532386568354	0.04323851656217218	0.044429848230776434	0.04459468255079145	0.04538073556807683	0.04757297843873624	0.05470705915192233	0.06599371793994259	0.09110606485525244	0.12063991635242668	0.1233295466832252	0.11100766434523535	0.08380509182670681	0.06334815116763119	0.05046797143405644	0.04078417473831986	0.03488873928841896	0.030639501833606204	0.027147844109841376	0.024055366613391603	0.021496496008214155	0.02015919025585994	0.01821053368822234	0.01695576866696978	0.016042430808055112	0.014973230602820844	0.013931317269480806	0.012825131719286911	0.011951662238662456	0.011383706513725805	0.010855814475324377	0.010603577550007834	0.010133509092186289	0.009680904888235186	0.009703380166196903	0.009943176691848856	0.009390145249995051	0.00931242831601611	0.009150277149315114	0.008999174210693774	0.008858275455665875	0.00877729409959494	0.0085455842665529	0.007878623946582989	0.007727415882551518	0.007422353546547017	0.00705090372124303	0.006504461908581047	0.00608863128619896	0.00553814702604855	0.005069594259274872	0.004781501441601465	0.004291042936917064	0.003960429357954784	0.003700867623326655	0.003519904455343223	0.003413209757288538	0.0031409338051697727	0.0029867930726940215	0.0029452210030155943	0.00287310640058848	0.0028991580521475695	0.00291021869229648	0.003038910022422311	0.0031758724816379684	0.0033203303249614417	0.0034532118079265576	0.003726930221459775	0.0039435640688695135	0.004057835974693967	0.0041354584328708284	0.004268695900367344	0.004291007535293737	0.004266863371828714
CC510256	p5	0.23859523461923068	0.1673958385539289	0.13067512694349534	0.10237181958656798	0.08458501178104844	0.07373185102841734	0.06696987347468358	0.06532303828996318	0.06441438545576358	0.06559092825997787	0.06615461962109061	0.0650000851026922	0.062478184959641844	0.06362580218275114	0.06180108095944801	0.05510172844572081	0.05036365986676027	0.04467145498131459	0.03940001098987067	0.03465098395792313	0.031327724246938596	0.029466414738059377	0.026904053937952425	0.024222867130484053	0.021122185653124216	0.01900685084429716	0.01831977603843188	0.017249897906997668	0.016405548414273944	0.013961525493633218	0.012190029956244705	0.01150241303406007	0.01077314626854904	0.009594298125141964	0.00914377894978449	0.008842669268649012	0.008426630336546625	0.008149101224841549	0.008033235091300031	0.007718790044448642	0.00768875766802032	0.007765356409512006	0.007635857363132313	0.007593993729825571	0.007555741775401729	0.007520849485194314	0.00731326195665112	0.007322585567282695	0.007043233772588159	0.0068456831299768565	0.0066069439188014304	0.006244690299365921	0.006017189263382295	0.0055988417116914725	0.00549816345494123	0.005136706895149126	0.004803290573750083	0.004535603930899925	0.00436267373180692	0.004053095767472525	0.003994594618449451	0.0037861945968466577	0.0034896637812407826	0.0034303904083943645	0.0033835722366111556	0.00340577577643369	0.0034739535885527813	0.003518604253704315	0.003615850480184794	0.0038005615298745414	0.00402918377058257	0.004246772819518066	0.004565705411683918	0.0047593885401648415	0.0049182665902053595	0.005121881592732785	0.005383551252064656	0.005311204880660838	0.00531665002563001
CC510329	p2	0.05463987727123192	0.03108661297229775	0.023069773381953387	0.019145233855180705	0.01597543956729174	0.01587840577193191	0.01670592471901931	0.01872427088671659	0.02117907350876775	0.02558482671902008	0.03454116121033201	0.04684982525700095	0.05697864105952877	0.07427276494599004	0.13035710288689498	0.20521370253332166	0.2015500835891101	0.18537639667601194	0.16998839091399495	0.14729670706578965	0.08463508786782781	0.04337213625479657	0.02690409069842608	0.01988845236597172	0.01552615555762692	0.013252589637281965	0.012662437254106335	0.01203202040521941	0.011555657665102933	0.012144258020673405	0.013010482236836346	0.01396474367004171	0.014724296195983035	0.015568536585789456	0.016183509948143524	0.015043672922679382	0.013072524954485094	0.01163204836294199	0.010581471927766917	0.009517398456050326	0.008625055835660414	0.007700059361356924	0.0074662526060287875	0.006998060407182805	0.006582898856540972	0.006213317025822005	0.005785167543570583	0.006014600115655066	0.006014152691067889	0.005633248159139666	0.0052262812971399005	0.005085589052235038	0.0049652495524573365	0.004578237959698303	0.004461778498956345	0.004108067029936626	0.0036494622155457675	0.003293419409384892	0.002960388094199351	0.002652340271833332	0.002410250105116954	0.0022055352297601404	0.0020556825180074803	0.0019465203274895528	0.0018410782626885757	0.0018177253333816845	0.0017986216830576664	0.0017947994327289322	0.0018286017948146716	0.0019225001302275294	0.002002319927824681	0.0021199697738054175	0.0022127267667570935	0.002329172882073491	0.002437653875851938	0.0024875212964704622	0.0025230452794924333	0.0025987026673689696	0.0025761991722977337
CC510329	p5	0.060574636820290996	0.038119769249853594	0.029757328169278823	0.023309894011692322	0.0204460269827936	0.020166951063825527	0.019309329622772077	0.01927050755469396	0.0194007837790314	0.022244344094686463	0.02960664765463334	0.03944135905009473	0.05638894722691265	0.10402277904151011	0.23135890314490123	0.19281235745132008	0.14492837091717506	0.14704950207757309	0.1373914413831858	0.08866110908238578	0.05295315901393155	0.037006055683956214	0.02534020446531035	0.01942652043957859	0.017063592695943923	0.01527624608297728	0.014721847996299145	0.013732074895303564	0.01381933973694709	0.014270441606128993	0.016398014709616757	0.01624913096136652	0.014914214582223216	0.013990398030239245	0.01329697090298933	0.012790739997176467	0.012102584840192552	0.011095140977871436	0.01077113399583255	0.01002249242055056	0.009747185954051999	0.00949204283435402	0.009236899578265935	0.009036738598452934	0.008856862632065162	0.008695204198276749	0.008524897610126283	0.00835088885856585	0.00804327458419427	0.00755600558167258	0.007300409079302284	0.0071952012061135525	0.006841818622443587	0.0064128389607145085	0.006235653201038155	0.005532725203702019	0.005144276753722701	0.004867441728540049	0.004655607614607403	0.004467949472415347	0.004190862410576816	0.004059981922540526	0.0039144806580986135	0.0037418612914127164	0.0036983368791199665	0.003797721377830841	0.003965961347192699	0.0038847155617298527	0.003906253983426142	0.004202352222628682	0.00445075348896947	0.004605775264182829	0.004859660372446017	0.005373168058465155	0.005513392348160777	0.005764950977758834	0.005818342954048943	0.005847817862862357	0.005991429486045602
CC510392	p2	0.11869790308567682	0.0740329064030593	0.05493511998961212	0.04365798263982301	0.0376412879507283	0.03773045693394557	0.035843963196680255	0.037307786047718734	0.04421770631151894	0.05437018648481796	0.06444846133739524	0.06970229599687842	0.07636564287403912	0.08053509268832301	0.07317479550029216	0.07082843478719844	0.07273509009455445	0.07347021895518828	0.06846892921764038	0.05943233477576366	0.05382997208110469	0.04699209978348942	0.04270544463023516	0.039648385755662256	0.037358461083560855	0.03525249401872771	0.033842552423449454	0.03146842278177104	0.029442721181460976	0.027242460323517705	0.024833157173318115	0.022875648020007376	0.02115615171430642	0.019293587841274953	0.018702880252919673	0.018033302365030923	0.016821792994513494	0.0162872554202813	0.015222226590513496	0.014640731035040513	0.014184766199049036	0.013553421410930801	0.012925230563355972	0.012382315321743843	0.011879291240099716	0.011412296541161934	0.010908164729603159	0.010538553411527485	0.00989702296282851	0.008981332411956908	0.008271147147986492	0.007873580914483135	0.007272729019883285	0.00664948523497819	0.006252742866567734	0.005794998979911234	0.005284426840697044	0.0046320251300905665	0.0043628196549707655	0.00411242144027746	0.003822537361294888	0.0035399406288589663	0.0033407133562493147	0.0031998537936498658	0.0031859920918257847	0.0031377517442598203	0.00311387818365587	0.003248247662441483	0.0032394808732119787	0.0032748552617110657	0.0035530495139648463	0.0038054984082797174	0.004002219263073212	0.00409249357843409	0.004344795475264817	0.004528160685887814	0.004615014169093503	0.004628277143442974	0.004522155170190579
CC510392	p5	0.09880186865100109	0.06471815452869659	0.047566910609283045	0.037826457885691354	0.03339588285849716	0.03148808116542772	0.03438322114852825	0.03632699592978522	0.04510495028588468	0.05586455889471135	0.06469326348268052	0.0763895845149842	0.09225758546595854	0.08075468333977104	0.0663764196255074	0.06784146633629748	0.06851042561951466	0.0621038508125034	0.05979880047118681	0.05866245911566197	0.05250370162438923	0.05169665584050494	0.04882303171973275	0.04539292809915459	0.04252112752785832	0.03943113113384844	0.03752064436574876	0.03378714614941251	0.030149338278489306	0.027569775874604678	0.02560696354978402	0.023988860465536818	0.022054256102570963	0.02044839645470481	0.01944499932156685	0.01854073696875399	0.017759453244866233	0.01715277989041794	0.01651099717540149	0.015318444698207038	0.01546904870252653	0.015073742225706276	0.013944547560671016	0.013337256109329378	0.012773224532730647	0.01224837468421578	0.011691784648943616	0.011126805880919017	0.01009947297824564	0.00962029944882438	0.008925064791727878	0.008074711365205224	0.007438468380134976	0.0068980864236503625	0.006502115475508689	0.005971827996316564	0.0054704915443487415	0.005151318821065222	0.004758687270849063	0.004328658085188309	0.003931506662514156	0.0037931322123171056	0.003826108667534118	0.00344903403922729	0.0033129500121098178	0.0032328564611887687	0.0032801798911619717	0.0034024156436967094	0.0035413295950787104	0.0036439986696740973	0.0036597934992412696	0.0038042836013250747	0.003989263023727703	0.004115444688379407	0.004348247018893556	0.004617379419293726	0.004611416635222194	0.004527539193755605	0.004646158475852336
CC510433	p2	0.14446015603134318	0.07175067671766654	0.0484028429366152	0.04194879389593184	0.04071928022154515	0.04186524726653304	0.03906986901156553	0.03801878564255618	0.03963262772591147	0.041568356097274745	0.043325489963875766	0.04933479879118512	0.05113625342514043	0.05564432519931062	0.06238928413295047	0.06632128555959918	0.06456594282368673	0.053698360980394245	0.043848595225213845	0.03751744146511756	0.03280964353825845	0.030123299449867618	0.02929681602728603	0.028998262669164887	0.02752976207910922	0.026167320901796427	0.026462540160366994	0.025904411794404582	0.026590158083912546	0.028165097371538377	0.026583048416337015	0.02725203439001947	0.026672880292856263	0.026063534960284573	0.024645509079015467	0.024126709241662162	0.023390745495509267	0.022916128503662973	0.022378502300344983	0.02365149982369411	0.02454485402437386	0.025099884397251894	0.024677585000885766	0.024867644816257146	0.02506806826479584	0.02527843468967485	0.025789912225035745	0.024134014811739178	0.021893242088806015	0.01976491000197814	0.0180876348632074	0.01640774524715612	0.015225673661450638	0.014848901338411628	0.012785149964193204	0.010965347941687015	0.0096417211482012	0.00856171851976626	0.007569554850080833	0.006781700075462094	0.00618832790151191	0.005783461880240982	0.005472894633729663	0.005097618651518479	0.005046622547226443	0.004903979220670743	0.004875964797698637	0.004863287531413992	0.005010585897838087	0.005252128388682164	0.005607223719114483	0.005761332155093425	0.005846756086156326	0.00614196675830906	0.006350591576073138	0.006525233348346088	0.006664380636481449	0.0066261419008211125	0.006543129523644548
CC510433	p5	0.08494603140917806	0.05082454064560496	0.04223633670219533	0.038155624154288685	0.038973001323376666	0.03836134123255663	0.03787172885402784	0.03886841685167045	0.03989103636256965	0.04629232734091358	0.05759366055985012	0.07107029912330377	0.07174463524277358	0.06906314085516867	0.06709691330034642	0.06611419501427168	0.056667537975529994	0.050497936645460983	0.044580801799482046	0.040508602226670756	0.038043754069476944	0.037820057175428	0.03817350995154673	0.03815476961121448	0.03932644889311733	0.038947889024470356	0.036711352236664184	0.03512457019604768	0.03555382549565585	0.034259006794366574	0.03266796046042687	0.030883034655234856	0.028581694546489896	0.028021016979800504	0.02777330464335597	0.02616133368430206	0.025622528339824893	0.025948466916730792	0.025291811544017325	0.024904979353046697	0.024647019009702432	0.023838409196827517	0.021329813118694526	0.01995756621831091	0.018709041288725504	0.017570327147879827	0.016425905134781666	0.015475900738111155	0.014164531747466406	0.012782109432729108	0.012054943726810265	0.011102324108208455	0.0099588668922717	0.009428709626394645	0.008298448167722516	0.007679787983200393	0.006996206263249964	0.006257304647905521	0.0056879974595609025	0.0051536680049099615	0.004678836136281208	0.004495020763558969	0.004110096810961973	0.003802627494557764	0.0036686176571380587	0.003642537385963753	0.003519827171337049	0.003602069344976839	0.0037102698303063887	0.0039054072476712785	0.0038915543408326483	0.003982598028240882	0.004100321864825561	0.004292560823930799	0.004402188987418986	0.004468917668079635	0.004571794934084601	0.004560144195360892	0.004438645830280501
CC510438	p2	0.09540466622781191	0.05273857112710852	0.0368371102148495	0.028102526594260883	0.0238004297659367	0.021466632984499433	0.02096760774838717	0.02140004209203785	0.022823595772020804	0.0237651260992415	0.025883282949770273	0.03448709004525711	0.06077559195052722	0.08747538124367953	0.09004501417441686	0.10871400721889514	0.14394603912425624	0.10099306714552661	0.06147130637678839	0.04260856591675539	0.032317900825898895	0.028760979981599377	0.027205498862909447	0.027220526004049502	0.029165297659313753	0.03245704492498926	0.03611810797519115	0.04096659026420699	0.04177669005481202	0.04041835655627441	0.03822574987577494	0.03612159995101356	0.03451113127508623	0.032970483227260164	0.030262640486073748	0.0274769350080717	0.025758706173644556	0.02409171813905487	0.02221195585917427	0.02068489910981607	0.020077074256234253	0.01836319650547469	0.017379714978352667	0.01637436041592643	0.015455669788628957	0.014614100250740468	0.01363869876674978	0.013711667093737305	0.014056961410254145	0.013710677731625286	0.012404261060438944	0.01067769699061988	0.012105332589983305	0.009999603065962141	0.008791792869750634	0.0076297845208688165	0.00605827034399086	0.005510738762043835	0.005064429105546908	0.00466717117941877	0.004269234652519822	0.004039190996163996	0.00400563344208589	0.003861529941686188	0.003615450507448965	0.0034979343362398297	0.003515299573026914	0.003543346093055936	0.003601575818610196	0.0036995494220803814	0.003850085912662624	0.004028802310901668	0.004186380488610208	0.004266619617778547	0.0045083379670876455	0.004651878162886169	0.004738648600840939	0.004760302717457197	0.004685727760345254
CC510438	p5	0.14025178876689254	0.06990110389069719	0.0486071085031745	0.040738053471469665	0.03500940363875415	0.03425963103458513	0.037083847258165444	0.03425104609804858	0.03439538202477764	0.03759014304644176	0.0408764441644725	0.045210701753019646	0.0564838649232218	0.0655107607495609	0.09154107851567689	0.12214169789784436	0.10100888439039095	0.06874821888666412	0.05583319145426022	0.04965869069322213	0.04478461312844258	0.04260329559012144	0.041041605240701294	0.039590094339166736	0.03951253189084401	0.039771355010174494	0.03833436364017975	0.03533172605056256	0.034383740291986195	0.03248835707931717	0.030788477615800832	0.028962777415222327	0.027103179812938763	0.025046342422950247	0.022536250857861033	0.0217178556026505	0.019849013853313672	0.01804060907561222	0.017551213139640507	0.01658061696273051	0.01569712386311042	0.014584601130134007	0.01415084723928096	0.013475384663878997	0.012851778884990117	0.012274871446541312	0.011790656053834846	0.010837352018622994	0.010268018368960947	0.009470160962886451	0.008640078317081147	0.00796737567483943	0.0075753806496413455	0.006827364474574252	0.00604234679251073	0.005521722212895361	0.004857186515793962	0.004423281739523187	0.0041473512221417395	0.0038546520255405593	0.003561146365715649	0.0034145138346213686	0.00312992260548813	0.002995282853533026	0.002851743173969875	0.002771778128338999	0.002806775962928507	0.0028095774464710543	0.0028738391437843486	0.002978259251451064	0.003089031323758683	0.00313374011012559	0.0032700878425768252	0.0034634871650582213	0.003566152178029126	0.0037260139314675513	0.0037197038247158824	0.003754338426036657	0.0036678127540716123
CC510548	p2	0.2250134467372229	0.11993592645513085	0.09030341430483925	0.06729403521734346	0.05932659326986464	0.050576794176445755	0.04656214309117865	0.044761941524561207	0.04530042356340592	0.04020334197237449	0.03778990206152964	0.035045730966855704	0.03610447763731316	0.04017824316367772	0.05388033983093369	0.059445091263047596	0.053143013226576566	0.04583739996969195	0.0401969435635053	0.03501935881264981	0.02987367496648985	0.02677130636937222	0.024966889112247495	0.024496972475309936	0.02492322987941632	0.026108996906005558	0.027425605448276942	0.02716032070110556	0.028071178075311072	0.027582603223294287	0.02623738406791729	0.024584434306035352	0.023201198089402124	0.020779064496347414	0.019143240826548325	0.018027391359409055	0.017758884521379956	0.017321518928740766	0.016553236555393484	0.01678400523538766	0.01867169490337138	0.015991067436123413	0.01611369807316104	0.015776350194548722	0.015461123032268357	0.015166249926300177	0.014782004284186079	0.015049470116732702	0.014739610374219938	0.014357086401166508	0.013654358529046371	0.013377321132014498	0.012590849260268456	0.01214866878530139	0.011720203417428469	0.010973717430440693	0.009709298571946898	0.009001296020276092	0.008560310636353591	0.008338594585879183	0.008327635508206184	0.007741842852073804	0.007351044966543006	0.006784521865759159	0.006674877112703522	0.006753400045270739	0.006861000162364737	0.007020861108748846	0.007463575919391206	0.007644190620368779	0.00808919597169561	0.00833766445801856	0.00864052807683715	0.009192977619600846	0.009686785638438113	0.01012704000904303	0.010033291584914813	0.010554363694852393	0.010698513382417106
CC510548	p5	0.17435270280027804	0.10170769008408499	0.08359650933953594	0.07850948026909817	0.05938203474183001	0.056573926963399884	0.049926821377688876	0.04650198659007559	0.04414176425827212	0.04004510015554695	0.03706989113168259	0.035408521418098485	0.036714078972251256	0.042502697894348324	0.04873016957816546	0.059747463170945495	0.05829736422228819	0.053476447323356345	0.04617496123988438	0.03487816559486223	0.03280596587746046	0.031324364848952	0.03127962371910931	0.03348552001523091	0.03449767495005781	0.03639071776487665	0.03677348838018045	0.03550255546495386	0.032396736536877954	0.03035395028339161	0.028187330010381116	0.02662544094474624	0.024386809737306073	0.022708460360652365	0.02163630930635644	0.02044202222743176	0.019489697628327005	0.0180179600942824	0.017331446230843928	0.01702887924450786	0.016312390231366016	0.015972942408712477	0.01559495565991999	0.015254687619058821	0.0149363776688145	0.014638096674030066	0.014224739897138065	0.013881938741643679	0.01345103317496276	0.01262452997104479	0.012283894044377994	0.01157707324942337	0.010879200008264065	0.010048691348091564	0.009459397471874322	0.009044444484807653	0.008304090979283711	0.007623288501134207	0.007048314568653279	0.006541659322660258	0.00607448640902354	0.0059962821546268984	0.006121032535685958	0.0055307484631953166	0.005152126274114971	0.0050563369827387305	0.004978254801303593	0.005113303394038739	0.005258914381498869	0.005443477593310143	0.005658900690482041	0.005889415279590264	0.0061053805397612735	0.006210220228025276	0.006602225319286011	0.006810022393173143	0.006767196487293262	0.006849339686460267	0.0069084220192990806
CC510609	p2	0.047932237662924544	0.02561833586666524	0.01942880038944047	0.015764783012487182	0.013880925842908143	0.013622446784929515	0.013532995529135233	0.014515869966820204	0.015811935882719983	0.01798068566093484	0.0226843149473531	0.029282350331614977	0.03243808725199882	0.03338789485740664	0.038258569999205586	0.04342653232468389	0.04632446056815617	0.05065177554792132	0.058601582992637895	0.0703122219143861	0.07652484772844315	0.07195969446139205	0.06913885054061764	0.07188515901628506	0.07458211383330547	0.07417335267661347	0.06800542605384778	0.062326040380494635	0.05806784705197773	0.051791014398848145	0.0475419036228504	0.04492088245433817	0.044138463599184774	0.042287047099248264	0.038652553431338076	0.03587523052104055	0.03423555454490014	0.0325692821341084	0.03060268059250409	0.02984829762047361	0.027783897918548888	0.025721092257842665	0.023319585284851126	0.0214620116780336	0.019798848488529714	0.01830535977802772	0.016920835072926063	0.015563797525861409	0.014297685645678482	0.013134079079324195	0.012086278960897898	0.010673983471142543	0.009462272893310905	0.008703328400778898	0.007985992639565606	0.007048548546357483	0.006384545274250274	0.00571824856455882	0.005293539011123613	0.004822204291259646	0.004296742075676083	0.003989520940713047	0.0037003715758636615	0.0035631911778336825	0.0035362008081246967	0.0033608775896350625	0.003291675729345763	0.0032517550730124726	0.0032787464154226554	0.0033849478031508667	0.003452243453633066	0.0035572775414331697	0.003599015637973619	0.0037076753099787967	0.0038122501024949566	0.003755095676629933	0.0037750684496423415	0.003744946724360391	0.003678665735054228
CC510609	p5	0.03779999520726448	0.022370960490090647	0.01692992431544847	0.014439333097339429	0.013543797402130166	0.013263456151834165	0.013243858998560986	0.013134106183730223	0.013907212906565302	0.01568940398974671	0.017371268537938692	0.02107104335403591	0.0253144320248383	0.029742603473573	0.03560917487377649	0.04381138713209815	0.05530911537979445	0.06410460477283501	0.07097269403545232	0.07170277550202256	0.0714397153552997	0.07189804334425275	0.07440421620512853	0.07402999225420222	0.06957308717827121	0.0660650308897111	0.06395672631795078	0.06408953857457952	0.05879445420055908	0.05539449535278833	0.05283143629678013	0.048718964510995784	0.0452364238758494	0.043105163905384866	0.03984097968375032	0.03699790307775812	0.03319113184974794	0.03098641869443787	0.029350923133039244	0.02865931452408066	0.025860345255199188	0.024295628964352077	0.022189310362021153	0.020618935916841184	0.01920245267773091	0.01792109092898171	0.016694191088942423	0.01568320782407274	0.014716627374486407	0.013401550045154318	0.012385828131801214	0.011363663364059372	0.010100403313542703	0.009258554849716414	0.008563101303266277	0.007622621665456601	0.007001072228909829	0.00651881038675113	0.005853000366379705	0.005379438476334145	0.004929845414134759	0.0046322218509925375	0.004338037349538572	0.004091001213361384	0.0038337363539528713	0.003766570709727113	0.0038276537416962885	0.0038505082202937046	0.003784408237797757	0.0037613240560153303	0.003847979451187689	0.003948869008717802	0.00424326222350072	0.004351962982438338	0.004305326706937748	0.004295048150109001	0.004271117353642568	0.004234216742139435	0.004123932519613292
CC510639	p2	0.07486010674540733	0.04376105413825669	0.033042485415390066	0.026432593545223045	0.023794244232684912	0.022795238118796003	0.021504985275766043	0.020608756320208	0.020448561144712232	0.020113093792220208	0.02094760330175619	0.02297145006621574	0.026409473608722	0.03285547820226092	0.049758729396597	0.08501847988462548	0.11199750917893195	0.1262403559144799	0.1517977595428182	0.14046240671827387	0.06463153326211148	0.033508717395444525	0.026905999003140408	0.023665340920381733	0.023109852730222185	0.021677910372844944	0.02085924660092082	0.021239662283644923	0.021852050714752783	0.02282675392618985	0.023043933685583683	0.02348297764694082	0.024646944815201258	0.023268486397305374	0.023558621980782447	0.0237836878786566	0.024190651157325056	0.024907687791250396	0.02523330679041787	0.02526996348189284	0.024708907620472467	0.024185608252059173	0.024177583657174248	0.024100160398787925	0.02411038397152781	0.024200591632080257	0.024614322499876534	0.023411902551832637	0.023905678388669062	0.02137242320101936	0.01849034284474061	0.016510886434914024	0.014745599599560325	0.012775162503850959	0.011398991603634718	0.01011067054224285	0.009062577246889693	0.008017936986181697	0.0074802299595704185	0.0067580697476815775	0.006165007153834778	0.0056589530507763375	0.005126030856473195	0.004878086354312012	0.00457086714791034	0.0044193727498822305	0.004255455770020426	0.004290626852923483	0.004325713796098769	0.004182095314325305	0.00428313381706811	0.004340117236811596	0.004408179424008865	0.004508237668823367	0.004533942240624044	0.004457197667407371	0.004556328070298073	0.004609901866301944	0.004478166627363524
CC510639	p5	0.07186827714159767	0.04516131990934088	0.03506671771610872	0.03104640519043516	0.027763275492834614	0.027599454766450798	0.02520764010502644	0.026573787663313708	0.024189404086465704	0.026646526082286355	0.03283152541263524	0.03086300757711816	0.03090771039240527	0.04115281785994782	0.06825698171120494	0.1049088835998622	0.1340244460533452	0.12081400950728215	0.10418980628209486	0.07638711543416382	0.045809196726218054	0.035443220262550784	0.03008359899775924	0.028049459779256034	0.0266387361760086	0.025256250310921134	0.024532683912319365	0.024830619750162437	0.023868662104704588	0.023871339898252655	0.023868279487947022	0.023915447496160053	0.02450750499297006	0.023730138620778298	0.023959297451640858	0.023053418599027813	0.021766740714047	0.021610202797563715	0.02170113942707599	0.02148813523492983	0.02065534934439259	0.020590808477562606	0.020666381775940754	0.0206380385935719	0.020631019527210963	0.02064411888247712	0.020445286568176447	0.019973332363636912	0.019375921602754316	0.01713336520590134	0.015627517085476373	0.014301225035707646	0.013616692281932187	0.01259096172949472	0.011447779080680197	0.010660959275390675	0.009603308729398184	0.009065526848746371	0.008322484985873062	0.007376319717572258	0.0070566756726116895	0.006864732518030658	0.006236032235167605	0.005827734744542986	0.005693984039755227	0.005729237768069936	0.005523829416736817	0.0055029922494325475	0.005626575819860459	0.005906071685620729	0.006132577648443851	0.006258937546991135	0.0065144338504775565	0.006885859714768576	0.007164939041457976	0.007426066736121049	0.007517736718622384	0.007465261990643837	0.007581754674668407
CC510648	p2	0.054392038501592355	0.026143658359670672	0.019476417405612366	0.015873080184819102	0.01563110797220246	0.01707960139562727	0.018024817615439104	0.018264746159488435	0.018232045664039877	0.02134783770145921	0.027912545587743073	0.037282328362136755	0.05353718360704786	0.10492001840565042	0.1715010342533818	0.18558826073712612	0.18685759070402957	0.2511266120561577	0.22304118449265783	0.09485534825921703	0.04155602279871606	0.030149007029134506	0.025405823025716236	0.020164757197949214	0.01753853000292931	0.017010589448311606	0.01683100287015925	0.016154844208981327	0.01638870761986691	0.016561854068411656	0.016435750120959953	0.01682709666768736	0.015969519555210303	0.014107938963178187	0.012516773259325832	0.011261951087400572	0.011097808624106918	0.009952609241471743	0.008734172953204408	0.007725837838619033	0.006973155520167283	0.006554847136703453	0.006419677027236746	0.00615846666585719	0.0059193520528017214	0.005699919114530015	0.0054978802840964375	0.005283962458623845	0.0052504996191620875	0.0052141550402570675	0.0044458897222231465	0.004200400468063982	0.003895105728551205	0.003651860650551723	0.003347342129949081	0.0030105787769489096	0.0027188519859495087	0.002541854060882123	0.002335923457143839	0.0020925167239491983	0.0019754498218867906	0.001827197246319637	0.0016752519412132746	0.0015984912042197913	0.001532038990185881	0.0015377992649318166	0.0015700903743308106	0.0015940494483000977	0.0017291130167544262	0.001691576483445254	0.001685117931750298	0.0017088527436772342	0.001786786264050906	0.0018707542392994922	0.0018872943998835866	0.0019287621555581262	0.0019471323601109062	0.0019772128382031548	0.001965511793173268
CC510648	p5	0.04549038392179822	0.02345823188174943	0.01724299313912532	0.014643373712974153	0.013075429477950111	0.012489984110822267	0.012562328572035389	0.013754704603160573	0.015235777240425893	0.017482965295398348	0.02257880910849164	0.03057317356151653	0.047501575574132725	0.08240819719092828	0.12587649751245586	0.19917689214136175	0.21586547942103684	0.25910736758935227	0.23729563060077288	0.11838290155761275	0.05355170328933708	0.033411281653291	0.027637974498668668	0.022974185658820465	0.020012253888841702	0.017244128232422714	0.016733237156007788	0.016449717811383047	0.016157493037296567	0.015384820606379366	0.015209309656923891	0.015588150074732398	0.016133732901477064	0.015246345515434237	0.013252677556015491	0.01199101332439394	0.01099016357481209	0.010143658990377592	0.009171084799345202	0.007773235678997859	0.007196225648704686	0.006595202429170145	0.006696711196364976	0.006489083404923575	0.006299741151400196	0.0061267712708153186	0.005924927987005867	0.005561878319189601	0.005216488392948173	0.005209227041443731	0.0052665363020673985	0.00455273726315621	0.004334785039232381	0.004008547288065615	0.0037737056759317416	0.003521300047323261	0.0031242756113354898	0.0027942575242706873	0.002647941273238026	0.00237799646003435	0.002173639215819008	0.0019983183893429145	0.0018979676047552237	0.0017253993467034952	0.0016653117214395982	0.0016563373690306408	0.001657255402401295	0.0016399044865343664	0.0016984408108646077	0.0017684815237568952	0.0018044315932028068	0.0019002953999527276	0.002004037869744122	0.0021099025997262694	0.0022156038832024166	0.002220041884507691	0.0022359472975280376	0.0022724870290044942	0.002248370177404475
CC512003	p2	0.11603771071935359	0.06199884213952824	0.046693045133378824	0.041214203127848584	0.037727031757525405	0.03836118374432569	0.039235853210933126	0.03935546640936004	0.03842342135837274	0.03692998238926825	0.03763969404587375	0.037213119998420884	0.040723458339664544	0.059747891185764616	0.08425910752197974	0.10236960495456014	0.14951206536521017	0.18564983966173762	0.09386799685614285	0.0477397850171852	0.03436539713503523	0.029211257716574034	0.02628265665809832	0.024232546643216463	0.022819666697142242	0.022705078458835577	0.022901097257860364	0.022101652206702186	0.022862378596364287	0.023704443449190333	0.023696345241706555	0.02406106524464294	0.02202683528659225	0.022677700025268286	0.024579527560210982	0.02608996741828761	0.026460242220890336	0.02193856698611797	0.018659337845163656	0.01680649989082413	0.015252085371156772	0.014309774035142081	0.013984661641643166	0.013396290758857735	0.012850908453862638	0.012344395453737788	0.011809307614293418	0.011347310287600611	0.010959486055788137	0.010062110205443888	0.009314666045389134	0.008692108267598907	0.008151047151866172	0.007638001182267085	0.00687898788006983	0.006079947447608818	0.005101730748056172	0.004474882286391144	0.0040200060462590274	0.003725082996609658	0.0034370627480152047	0.003190529868683409	0.0029547860879979727	0.002739841413396706	0.002661662891818208	0.0026361160359994213	0.0025833195052996313	0.0025713055342864314	0.0026368659943895555	0.0027201773405603	0.0028787174488717395	0.0028885759446181446	0.0030308047841700655	0.003175186838055517	0.0033298974837802702	0.003296269072332701	0.0032486354509002236	0.0032058480640807375	0.003117794895240841
CC512003	p5	0.057997342565547505	0.02951445999451046	0.02336106617687034	0.02008421963171909	0.01960621702225691	0.020830248101082863	0.02443518938004321	0.0250913300630665	0.024857585769413437	0.024996069110026362	0.030375449340051965	0.040945999326746516	0.0629387735010677	0.10565052758911343	0.15885334903237974	0.2711180846347756	0.3297446403949432	0.133488943738525	0.05157937804200906	0.03379333422073311	0.028397922031761464	0.024393780583351156	0.022588716524263624	0.022131461676757606	0.021973129521746855	0.02175436994600346	0.02140583322213755	0.021051550660182508	0.021515717561423064	0.021201584377839873	0.021140331275326062	0.021147463713214767	0.022950906827869533	0.02574120057414904	0.024260734609821654	0.017542535651295443	0.01299701658540449	0.010510437280396683	0.009350401934916906	0.008688220604958417	0.008183631142387888	0.007834616348220969	0.007751781928582088	0.0075383641221379305	0.007340611188213799	0.007157072964109429	0.006978084974203329	0.006414244282218957	0.006302813087540772	0.006376770376653066	0.006087614380060133	0.0058543209114428904	0.004923448689743406	0.004169404170859037	0.0035056952442204794	0.0031465335770550816	0.0027073159231971087	0.0024118452831021326	0.0022063658936033663	0.002053114562469689	0.0019287770348808133	0.0017540513703691377	0.0016431914839310795	0.001550398896296331	0.0015262904970934491	0.0015317415262114697	0.0014906306321661833	0.001464946131495333	0.0015139189884943987	0.001545935655007918	0.0015361520617438592	0.0015671330662357747	0.0016122074026634014	0.0016720006990224906	0.001699575076676889	0.001708613925072826	0.0017504301569545835	0.001719091015528715	0.0016688276304111364
CC520055	p2	0.03785318784231447	0.023311148403004495	0.018176485495268107	0.016177289469159875	0.015977606196934984	0.015666813294726998	0.0162984390444738	0.01806774496342219	0.019268042328751792	0.02164367385456652	0.022980276129086194	0.02686320687022104	0.0328624430556116	0.04657553494099697	0.0779985733306636	0.11023762056011296	0.13151976120916356	0.2456269797971105	0.22861964528626547	0.1186158982583633	0.0795741087492753	0.06082316311137597	0.04801149753362773	0.04332642335157615	0.035101183166424216	0.027741868609505418	0.02471691565448864	0.022471680745219796	0.021498222965583656	0.020341425818483368	0.01968877077753441	0.020245117167865343	0.02003834870436164	0.019536973996843142	0.019630744457890304	0.019785826421253053	0.019816836633765544	0.019910558195430344	0.018253135242839946	0.01756503732422968	0.01664064169685407	0.0157196125612176	0.013247389020390648	0.011924141042781122	0.010772769717502337	0.009766790070119357	0.008847987329076703	0.008053881255265459	0.007593667729503187	0.00713755631938443	0.006313039231466253	0.0058127195219431025	0.005334068879865332	0.004982954850054413	0.0046251984067084305	0.004231101472635064	0.00384885447388308	0.003364985516842915	0.0031163692893273085	0.0029104685276287214	0.0025896770492817283	0.0023882797584481564	0.0021999912345479684	0.002098063592390274	0.0020714745149176287	0.002014490101592352	0.0019511583185411081	0.001966012481786922	0.001992802340764408	0.002050163288880469	0.0021805640493900865	0.002199010017813794	0.0023447051730540315	0.0025181247503882945	0.002553679585456721	0.0025627247358815265	0.0026026301761476168	0.002653846807307618	0.0026535801486487418
CC520055	p5	0.029859509662422984	0.019301482451952474	0.015954167990889553	0.015505919346753612	0.0149722047360495	0.014800118019580286	0.014933254245272644	0.01588333139476656	0.01648566538157414	0.01784587659147009	0.020538735706349127	0.024744665078622878	0.03274703584207056	0.05209549771455449	0.07277584891990263	0.10438638740865425	0.1736657363875402	0.2806623709020053	0.24243744090669644	0.12461445977465864	0.07996919611132192	0.06741104192692673	0.05809644797536627	0.04591880682873188	0.03251175948376208	0.026058689854401993	0.022062064493363995	0.02001272926305309	0.01879774358450134	0.018119434235992354	0.017439378055503857	0.017331575133102024	0.017251251103518425	0.017139715482002656	0.016611359080619826	0.017518501479081024	0.0176709042540661	0.01623116333292637	0.014455007353195411	0.013036244844438754	0.012786841352000361	0.011771345095401082	0.010516521457573907	0.00964812140065058	0.00887819646195855	0.00819328730051328	0.007575551365184582	0.00648725459116234	0.006138994753208434	0.005545951311585207	0.005122443089461074	0.00464718075760327	0.004405488809247149	0.004008629915043118	0.0037218861508364204	0.0034706647241203375	0.0031822992298501064	0.002817130524200034	0.0025540375988264623	0.002308135955978091	0.002116961540082424	0.0019638626156022227	0.0018118303871594323	0.0016812667799310868	0.0016451408559859577	0.0015977488258427232	0.0015484958864228902	0.001585542101159349	0.0016120015127158128	0.001628429390859022	0.0017051918859994782	0.0017330360694779758	0.0017767296479333774	0.0018800597917641867	0.001981469332390483	0.001988916587963315	0.0020176878091750223	0.0020397956777373806	0.0019658079018848545
CC520065	p2	0.18309468406383714	0.0719999749149859	0.04050362994325766	0.028162158923007788	0.02219808380385569	0.020306854916507806	0.020876896447601496	0.022045858198150473	0.02164065103759277	0.024696935891109426	0.028590222706022152	0.03429830851073335	0.03813237805999987	0.0457355985621367	0.05665456297354652	0.05773152626137884	0.04223370895820377	0.03303268374654691	0.03258773267179581	0.030281825615687964	0.02524445360484358	0.02409142714884618	0.024977870300745022	0.025468890197346574	0.027023984784393402	0.029607088195197907	0.032501954514005345	0.03740906391120339	0.041247104250645344	0.046217547849956596	0.0478929737672581	0.04860287290721291	0.04829072075734709	0.049185433255122646	0.04860756693618226	0.04924896472577172	0.05118766166689569	0.049073025708386064	0.046539174066282725	0.04469522797284245	0.042274328618676645	0.040325401737977884	0.035363548881293984	0.032460544596558	0.02986836722137715	0.027547075891897522	0.025439355291579455	0.020988052169313685	0.017654132859008687	0.0151070348932847	0.013194172222185465	0.011157312658809537	0.009530381536228627	0.008657170716059686	0.007752298660513556	0.006948995658273931	0.006093897298049865	0.005569441466159148	0.005215269817142364	0.004783562331824863	0.004319286883433152	0.004134740411627187	0.003888663315073272	0.0036745771343524893	0.003615158565193262	0.0035172504876067245	0.0034170278376546253	0.003452129626106351	0.0036825788845385177	0.003764506103641517	0.003816656113726194	0.0038640842681928723	0.0040738535891106506	0.004177403671248987	0.00439921778614413	0.004694507290192722	0.004578925988864313	0.0044013758343971	0.0044555419763133396
CC520065	p5	0.051805075895310936	0.03329866789211545	0.026740123991575875	0.021655965485855497	0.019417865876134158	0.017913981163135896	0.017229885952786288	0.017658389511900383	0.018530671273075068	0.0212312637472606	0.024754657009455186	0.03064938917420095	0.03869249355225469	0.052430056782402035	0.07024672065774118	0.07070565935308884	0.05928626908947802	0.05509856001590768	0.04512587526710978	0.03553708185961235	0.031002123626318268	0.029754062260428583	0.02939903302111376	0.032488740503060644	0.034964164782228815	0.03845787017995684	0.04292787734306921	0.04755931049719911	0.0496688180398405	0.052720190618461144	0.05201214025501344	0.05189078231289883	0.05441654197330843	0.05614204952507487	0.05504666546789993	0.056319124814837127	0.05239464299655533	0.04942178911376075	0.044960604280551146	0.04316856724940489	0.04017670907815064	0.036842506318141184	0.03132458969462525	0.027859115382197906	0.02487672661469317	0.022298688581156162	0.020064331922575823	0.017104376661529013	0.015108968810568944	0.013297791731491536	0.011823559480177043	0.010277821457654499	0.009279430711956596	0.00836276351489725	0.007498460069404447	0.006976409794009433	0.006484826416746113	0.005859447247237215	0.005368420983537064	0.0048468219690973886	0.004362880696644051	0.004040681708582246	0.003932855559352401	0.0036386090501206577	0.003472740107108916	0.003351468515083685	0.00327144498797536	0.0033164454071560397	0.003424597739948053	0.003428811683483268	0.003445447460464511	0.003499885801083622	0.0037274336955926894	0.0037310688327855824	0.003749081247009237	0.0038165173271884766	0.0037341086129976018	0.0036776291244179585	0.0036506230788635736
CC520076	p2	0.08927159013710644	0.048360738781674247	0.035672368754713746	0.028295793315993824	0.024998813684214007	0.023269350530140027	0.02229134391264212	0.022249912940199196	0.021923668261066426	0.022092019381451704	0.023960091597904933	0.02854497034419991	0.03587780322826039	0.059667786544390075	0.1369419512621398	0.16769498942794034	0.12676639330185743	0.10224926336979098	0.08353960215389965	0.0761492432885053	0.060829854098479824	0.049364933283785585	0.04355693675420233	0.041267432345239115	0.038780268155280906	0.035380224590468	0.032638543241906806	0.03078746698595844	0.029782325689746383	0.029840021872933997	0.028427532352910397	0.02745867658565914	0.026474886162259615	0.024457108810881468	0.022132480675616777	0.021035403938470462	0.019842505629467596	0.01867397336750513	0.017715418659862748	0.01672387261740564	0.016263030170566562	0.015161675714138616	0.013854549768029118	0.012905112576051028	0.012053260582481412	0.011286575019370958	0.010588040523990361	0.010313874998192899	0.009185035057306536	0.008800116230992467	0.008341726706237703	0.007620558916422726	0.006923915105843804	0.006421649562842233	0.005904357271198051	0.005615007089167541	0.005083907625125532	0.004661576975817557	0.0043676267903124955	0.004059703664960921	0.003741775076092294	0.003530450591584134	0.0033925394942696803	0.0032823394088240857	0.003175544002806786	0.003179298214512681	0.00326839830960207	0.003434246851622632	0.0039755308488567	0.0036417079203329697	0.0035930908495007026	0.0038362530481563157	0.003997631336391395	0.00416202931308384	0.004334738707714765	0.0044502407683533725	0.004513674858190762	0.004455299264268514	0.004544291638419951
CC520076	p5	0.0758554611968706	0.04705453651930596	0.03552482097542663	0.030157082431094145	0.027426623834280166	0.02742458539132638	0.02724097462713993	0.025675440823197174	0.02436045175605395	0.02444560618465095	0.026263382638766687	0.03131494547525199	0.04171067540464592	0.0723351107739082	0.1582044591128913	0.16541281017379994	0.11288579910006372	0.08539632795896865	0.0712054388680103	0.05655743935042028	0.0484592318026598	0.043287286434004944	0.039177312651917116	0.03657490822313346	0.03472438657012439	0.033002054148154804	0.030799426429893032	0.028920714381962496	0.02799746281179252	0.028786756077530094	0.029717944370819756	0.028801785030436376	0.0267655237105108	0.024450012631200186	0.02387935421820153	0.02186316028502705	0.02072323112280115	0.019840665740433208	0.018863108722444396	0.01756152753809721	0.016722803673990635	0.015834163212633024	0.014649583541798754	0.013759492034092735	0.012958551827626456	0.012235646578324419	0.011548153130405461	0.01082230421988527	0.010224928403242803	0.009572148749703144	0.009055966879735845	0.00852088548583328	0.00783224274999535	0.00752374349486002	0.007079214753045494	0.006601956696728301	0.006130331452458169	0.005667358341523661	0.005294347863790103	0.005002604456355121	0.004653128088863251	0.00457005420713333	0.004386367769081824	0.00413412029296538	0.004074541220450566	0.004058355636035065	0.00414483402316615	0.004165200517043576	0.004316070875501512	0.004533368200227731	0.0047671325052394495	0.004977166860584087	0.005222371692220569	0.005574745187727058	0.0058127245499475875	0.005871804565872685	0.0059987354350297395	0.005985064324719849	0.005995383206761356
CC520134	p2	0.088862151194559	0.05051361567134374	0.03684369300213467	0.028338429433121655	0.025221902139194938	0.02451048016794532	0.025381784842383872	0.02593551458036686	0.026223134696418886	0.028133846844083155	0.031410982707644905	0.03991143758110877	0.05709973586373493	0.0751081462047247	0.0810174804204852	0.09015502249695706	0.08615364834929123	0.07521085482373516	0.07527084696637151	0.07406010806319493	0.07021570594959287	0.06277440163385682	0.05772037536000413	0.05321632887360329	0.04906427043171693	0.04604592524751069	0.04135456677514778	0.03792409382727895	0.035879038205782206	0.031979988771160886	0.030767470225035197	0.029609911071755694	0.02740239208807989	0.02492330472409263	0.023773248671198656	0.022933937729677143	0.021302144964576445	0.020586572849571213	0.019728555370261195	0.01939068414552045	0.01904644621538682	0.01772828018398919	0.016753268406330034	0.015822930883851095	0.014971763699452877	0.01419111425282678	0.013570381811889704	0.012387207418699711	0.011495090887631749	0.011545215428094259	0.009988535370745065	0.008841547607665654	0.007984591277778647	0.007169712234698282	0.00660417772384802	0.005970924664516793	0.0053545275843206695	0.004930970288008771	0.004490477786626744	0.00410541906342964	0.0038174867191973945	0.003581523078868469	0.003331696016470337	0.0030979793854289993	0.003005550929896784	0.002901975033768123	0.0028224684907596042	0.0027594798467555906	0.002794103344072719	0.002858658637092814	0.002968819343095796	0.0030482765417528318	0.0031974281683975984	0.003331474850835415	0.0034407904697177217	0.003575524278278956	0.00357264277669035	0.003632528203820807	0.003568707456729609
CC520134	p5	0.09675685357426567	0.05956677437605826	0.04312759953830172	0.034512875191423834	0.031865095463222144	0.0280039887871362	0.02623843982568816	0.026333665148899916	0.026817776424465672	0.027338442509698597	0.031416518235620625	0.039126223702397094	0.051784977953427666	0.05975155741164926	0.06805387428093415	0.07722165841029208	0.08249287621955963	0.0821407060074601	0.0846802383770211	0.08284975019817069	0.07690900215272926	0.07074912474680542	0.06380964833385318	0.057954905659748125	0.05264789019159613	0.04764229201485458	0.04362533676804787	0.03819716264166471	0.035134541477469465	0.03182750569344472	0.028730444093550373	0.026956363717905468	0.024608337065294087	0.02288470154823815	0.02200260462920052	0.02138967145274126	0.020452621010397454	0.019829692012144514	0.018490030585792253	0.01766884145893357	0.017285149659697723	0.016537836771481084	0.015620224004985438	0.014930806302676533	0.014289622709219905	0.013692227531466183	0.013087484148689273	0.01220077144010279	0.010716307960710984	0.009817810947993917	0.009051085150740275	0.008274077631802709	0.007665684516209299	0.007048499330056517	0.006084000115651091	0.005631885038483415	0.005098173348804222	0.004542117974994181	0.004043481857403006	0.0036702422881525884	0.0033665019435186578	0.003070536440150114	0.0027387001230983	0.002583006398680595	0.002467511981302512	0.002371296065462348	0.002268460784066376	0.00225388754017506	0.002237753491028225	0.002302461082968889	0.002445456025216781	0.002487235385878793	0.002513825659032169	0.0025545309618970587	0.0026395293813826905	0.002674219244691472	0.0026686395663647593	0.0025927719940225784	0.0025280101975425936
CC520136	p2	0.2391668881104042	0.07333739232051512	0.04400287941095848	0.02753320730838497	0.022959410264032795	0.019824602137114903	0.021206424218196896	0.020898214143508172	0.02303011002331215	0.022966332252490923	0.024281210554508756	0.02863565410815726	0.03374354361010327	0.048427433159052895	0.07575386359079365	0.10044994284513895	0.14892129533322865	0.22289744519504526	0.2039524537146549	0.10041778820269787	0.05565103947756522	0.03859881973477818	0.030085353100518762	0.025837384356552744	0.02222279297630509	0.020659243024562058	0.018835102288966316	0.01748415976064937	0.016908556056149993	0.016025359671183407	0.015435814950061364	0.014707743401290208	0.014565015542236538	0.01429287871404569	0.014991362038903226	0.015650826305645807	0.015242347511565562	0.014226029820260059	0.013385459640257565	0.012852436366774264	0.012621890115303874	0.011687674073642657	0.01123240604071611	0.010692421257042558	0.010195547204628985	0.009737323332888183	0.009302114679848034	0.009048750032504486	0.008605462629179989	0.008221437827891968	0.007325678303352295	0.006655851289871844	0.006234072389967595	0.0056849293231892185	0.005302807946423982	0.005027539732939665	0.004595240484566115	0.0042011392524943176	0.0037980221822049172	0.0035039277288987877	0.003314082289296341	0.0030550439852435945	0.0028188250681063912	0.002757017761090784	0.002683628694235231	0.002647378558715384	0.002690643932581561	0.00266518030967731	0.0027734443663384187	0.002831320897146151	0.0028980767785613537	0.002944746645441528	0.003122174421179473	0.0032776509125853536	0.0033659084842235032	0.0034003199226640096	0.003384800585347079	0.0034602582241309732	0.0035097823010203743
CC520136	p5	0.38457691322409693	0.08821112398401759	0.047810942161018895	0.030805061604649474	0.035356772113562245	0.054764263911227774	0.036508620600235325	0.04171850115784791	0.08163794635245143	0.06614065499920632	0.054633650756849415	0.05008720894037507	0.06422677783657287	0.08714163423947177	0.10583492774349454	0.10903294078818071	0.10308577851485233	0.09506324260519533	0.07951414456352612	0.059707312517707535	0.04334769456295554	0.034206381553615994	0.028452757081402744	0.024526552777179984	0.02139047192779394	0.018688520830732715	0.0171383018229714	0.01575489653207147	0.014442788839957746	0.01394117548301011	0.013228130057090079	0.01274536727611656	0.012346422268610557	0.011902554206326667	0.011837624617751818	0.011601477254629034	0.010843926374270589	0.010787627922159294	0.01086007781759044	0.010183431287756915	0.009655468648406131	0.009320671833836695	0.008700513298373241	0.008252733142604012	0.00784356584849589	0.007468738831052035	0.007049634989140424	0.006754778143148618	0.006380734965773315	0.0058990622029006234	0.005658349744229391	0.005288181761327843	0.004977692248257803	0.00481236108973342	0.004311604341439994	0.004034649065929218	0.0037269970144661927	0.0034453754182660035	0.00309021971099553	0.002876617636431211	0.0027245497534672362	0.0026669072618380374	0.0026429095828617195	0.0024257961355274664	0.002355960829416703	0.0022706846456713036	0.002267749653316699	0.002325637905830814	0.002359198281254765	0.002370120007190693	0.0025502754109108113	0.0026321229782060506	0.0026747205494485615	0.0028268014634125834	0.0029541712017760813	0.003034595380142049	0.0030564900471234486	0.0030109735190680742	0.003012485924489226
CC520175	p2	0.1719929947343459	0.0904084182632734	0.07032799007705494	0.061363007642067625	0.061959735819963925	0.07481108105312938	0.055593414582423575	0.04535802200052682	0.042912284428534606	0.05577613172070473	0.06743473132716277	0.056336602598784806	0.05583205494875265	0.07446988395161912	0.0817500558072687	0.0580658401810024	0.04492504613843388	0.03759215718472046	0.03249596500240147	0.02770676464164722	0.026538715707798297	0.025658315626357144	0.025335701255028445	0.024904521354756504	0.02482596597043338	0.024502230895633588	0.0242728006612831	0.02403041611864103	0.024693873672176483	0.027710476757307468	0.02745202272560853	0.025723799453331708	0.026186453616662057	0.026538833853371066	0.02538573652441414	0.02601985684512328	0.02665733438792691	0.02624746678789964	0.02535579398742917	0.022905189928729384	0.021272891447320034	0.02019496362288243	0.018507821968038875	0.017292319743377763	0.016192766463042164	0.015195473631058772	0.01436545346987674	0.01381446654538552	0.013974137362733764	0.013562771787318607	0.011274104915556138	0.010060392950540295	0.009386850078751306	0.008553104851553988	0.007517826800505557	0.0069179381539582925	0.006180607646196165	0.005677690269875577	0.005269740326999616	0.004856803905964365	0.004506172324547408	0.004143126319534016	0.003739823640902067	0.0035116306717786275	0.003376196232782592	0.003318712634053505	0.003242640344065448	0.0032894742063908724	0.0033150783210120125	0.003319013721239863	0.0034382751860325225	0.003521298124873113	0.0036630025328021356	0.0037734486016301892	0.0039045793806215976	0.003908276762034457	0.003994707442055141	0.003941003204064479	0.0039284470841742134
CC520175	p5	0.07446485020004774	0.04064941637297254	0.03853292701069739	0.05140496999751168	0.11473294137248913	0.07694919981404935	0.039230823552583775	0.04078911974992883	0.042816916225150534	0.05548466015157276	0.05962005399845372	0.052703417045781555	0.0603994326515639	0.09446252267669333	0.13018176411736043	0.0908352581750309	0.05854940576936118	0.04564479977025585	0.03602295142023648	0.030780878922970597	0.02856906442911646	0.027661411172329693	0.027370410739511544	0.026324135124015383	0.0256049571431949	0.025987961536316294	0.025885577120375564	0.026708644557883684	0.027655855753590426	0.02872318189344531	0.029277419511106743	0.028127479938558887	0.027759380767934782	0.02664140509719153	0.02616930667455087	0.026188227162568977	0.024596448806415722	0.022782242902852544	0.021412247811301785	0.02048720644704714	0.01803592015297245	0.016273153155834153	0.01594053907369367	0.015053163959843904	0.014246683577400917	0.013511900280599868	0.012821380568320823	0.012145559647791388	0.011177485066871596	0.010741995652265898	0.010006007864685527	0.009167916286978285	0.008482885970622705	0.007595905695864455	0.006983852285364052	0.00664354623259704	0.0060064945709426484	0.005563627583942325	0.005167436144177432	0.004680086876273369	0.004318330576347654	0.0041488782289106334	0.003950187749526411	0.0037109978083606633	0.00344498278461531	0.003388074225160067	0.003282768782243319	0.0032638615380022624	0.0033620919716651422	0.003425308922106273	0.003544814931784393	0.0036615117237216856	0.003723043876302802	0.0039091372006928825	0.00398180415775233	0.0038737591337004713	0.003905609201247717	0.003973399687775427	0.0038588967380912415
CC520209	p2	0.18206284730512617	0.07397027074869929	0.051586313608336785	0.042516680625105004	0.03789331710908213	0.034206832632456566	0.0314062925392507	0.02944161954205703	0.027326569163385078	0.026045655493820576	0.024319065984677278	0.0245205977218547	0.024249044192366103	0.02536881827989947	0.02719498968384775	0.029055725579962173	0.031404018158512015	0.034095348602333146	0.03686518812112889	0.0375783377846162	0.036190245785386245	0.033878804891372676	0.03360365978375232	0.0322055184054798	0.03117655527755743	0.030388770564020118	0.029342682410845436	0.02956276887244794	0.03129939405120014	0.031768247879278996	0.03201954392387297	0.03261828405872553	0.03367595019363963	0.034202573459355526	0.03074459601246034	0.029837102405986346	0.03168707908528651	0.03210954048915305	0.029325009917377874	0.031411436617907754	0.031724486304020916	0.030778412472526162	0.030841712375497633	0.03060638472602686	0.030391722484045182	0.03019629587108776	0.030263414318131465	0.028537688343295353	0.030132428219322355	0.03150562242861364	0.028151997600524	0.023745324794897636	0.022544489509123893	0.019656701449131002	0.017019370949461963	0.015602150387890383	0.013670273670463298	0.012274642835752969	0.010633446420538357	0.009635613743161676	0.009173444111395744	0.008470823733887268	0.00792918474622541	0.007594368522068503	0.007251833171112187	0.006987668341804936	0.006953323040371937	0.006784264421355915	0.006905590780473551	0.00711046453775173	0.007438076624333598	0.00761118512222743	0.007893375169887525	0.008067825845414673	0.008341698802332603	0.008623081893256277	0.008691655303289844	0.008819489448604995	0.008633188343266018
CC520209	p5	0.4007391062833109	0.13285947539832713	0.08704328136855974	0.09028517947810875	0.09864239666530367	0.0805311866232734	0.06312233264307268	0.046743475099227355	0.049907175283194646	0.05695680386269495	0.052453262726205374	0.037839785829158326	0.031013040576882013	0.03180911138640829	0.03404033049919625	0.032438118885050285	0.03161353542656701	0.031903598804660406	0.02943124972706168	0.025985033817746753	0.025473105056029993	0.0250702749970775	0.02519334948210773	0.025227849638595434	0.02441926374921304	0.024137856652435247	0.023857486134936257	0.023644234312239595	0.022865532125590372	0.021392454613782676	0.021077229261655644	0.02028143028672685	0.01950387348618838	0.01849000576786225	0.01801544799548577	0.017937055072737542	0.017894563269938494	0.017390260831484906	0.016636066179709114	0.016071494629557957	0.015838697725684643	0.015551697085856311	0.015082668566656991	0.014761029916546164	0.01446481959422068	0.014191672145641375	0.013897923212795722	0.012693322514602787	0.012590366905590086	0.011983613230084655	0.011305238070262126	0.010548516944843921	0.00968599984090818	0.009071221995500273	0.00844403139805791	0.007897799211993286	0.007210291345502297	0.006651446007744007	0.006357227309653928	0.0057558963221662415	0.0053605013008396285	0.005198124275785727	0.00501104438873471	0.0048606589086338985	0.004718478732939868	0.0046769516334562635	0.004727868765780633	0.004824915552560075	0.004955457994278655	0.00532304728142481	0.00562339532117989	0.005808580240913756	0.006345775257433041	0.00676310134968932	0.007013859942784396	0.00712522016607099	0.007242521687458633	0.007296107213524685	0.007148299712981176
CC520254	p2	0.18445223363909916	0.09078231018637939	0.06289727473887884	0.04636097302580558	0.036597350629259624	0.030693428316831084	0.028332528488143032	0.025008816577734936	0.023262639222133993	0.022966332663601288	0.02188345550218632	0.02142751281915815	0.022302247810361484	0.02495104155342412	0.029556004361874475	0.03222150369472497	0.033273911781953325	0.03343475469519011	0.03424746132213484	0.03523648399093992	0.03602566980024289	0.03690378412367471	0.037809453424417785	0.034688915466168715	0.03221780994964414	0.031735349090953595	0.03053140090057649	0.03060035798147517	0.03264597815611618	0.03187498461261551	0.030679233080983696	0.02944255423218709	0.030191987127504948	0.030809198940635996	0.03192769327921833	0.03451437791386144	0.03681408206548055	0.03980447010826374	0.0410725619784292	0.04141094089537048	0.04074738461826942	0.040444466421051324	0.035127059265390594	0.03289335930852909	0.030918462649515276	0.02916333585297718	0.027523251295128615	0.025147727595592424	0.0234854582839716	0.023036640662045575	0.020632074770839285	0.017760033490496176	0.01700061681297797	0.01582518793394804	0.014268156364461472	0.012526863540320324	0.0114910092102134	0.010449682925001839	0.009684787494093737	0.008575087269629895	0.007925187769290023	0.007538979393236471	0.0072438191383847805	0.0067314162597379955	0.006215245451953524	0.006168219584899108	0.005920164501341999	0.005882082179838055	0.0060181910588120655	0.005913305532476553	0.006123980528955087	0.006340398622837172	0.006614438208808495	0.006812464188470501	0.007037130801801094	0.007244411325717333	0.007329536702911519	0.007250994274771265	0.007252874766435659
CC520254	p5	0.1204052153769058	0.06713358834318757	0.04898000600496194	0.03748602243220103	0.03231592944754778	0.02906485071715146	0.026690830176689512	0.02533307524056874	0.024852626423490416	0.023123743588193673	0.023866025494470075	0.02702453849173535	0.03162533524161112	0.042180379713430256	0.05017963272192066	0.05221355142552779	0.05483866498699324	0.06034206141066829	0.06005349802668383	0.054831908782094915	0.04957920343504378	0.044947340879703424	0.04130528673406156	0.038060086407201286	0.03633471675236208	0.03333524297613195	0.03139493923455528	0.030956236560697174	0.030681648612528294	0.030126972287662635	0.02964314642852869	0.02963303533892188	0.03030551443666725	0.03098696469722263	0.032176047851764034	0.03477859885784739	0.03864367869941969	0.03827607188010863	0.03854845915173462	0.03633070236826791	0.03406270401615368	0.031180036072904434	0.027675550770230612	0.025214192351419373	0.023087870970808874	0.021239614769265804	0.019510128089558855	0.018067112390099532	0.017159709628974434	0.01598700562358621	0.014626266421554202	0.013202936629890624	0.012072983018395694	0.011080885700949008	0.0103247420412656	0.009790015508846466	0.009205690864983825	0.008654196494638978	0.008005674708805916	0.007620582017912556	0.007435755128691578	0.006917676001095692	0.006478086030477294	0.006165678801405204	0.005889992297712257	0.005865192157957257	0.0059220277329536716	0.006020761997231257	0.0060255636190007815	0.006226422524508564	0.0062810563770892315	0.006534450740367512	0.006936370782127065	0.007150851994648165	0.0073276505296760285	0.007397721691545881	0.007824231617287956	0.007655581617735709	0.0075885206404668485
CC520390	p2	0.1747478843020261	0.09731419907395245	0.06837209757308446	0.05308897439727467	0.04335931926135557	0.038076230919166745	0.03449657496793599	0.030950415776206993	0.028861141590012827	0.02745217673778294	0.02649060089585589	0.02575035661961543	0.02571520310409754	0.02546859375047769	0.026611518947430177	0.02793212467745387	0.02873592837593819	0.037220278595392904	0.06353121306046002	0.07451908129394981	0.04931823369269589	0.03299155092749899	0.02720953477067338	0.02499827950402518	0.02452159949054348	0.023953389672934887	0.024593009209604423	0.02550913634653161	0.026306839974385078	0.027209750371229968	0.02813619347445348	0.030152450339038517	0.03145605610274503	0.031874436120166535	0.03168100088477048	0.0307617013179167	0.03121240078860099	0.030209184775365397	0.02924916231114776	0.028348421023590156	0.027409073456951528	0.026805057871129405	0.026977649756061005	0.02686779854328842	0.026857439825550403	0.0269426573649295	0.026876626528074855	0.027244526662497732	0.025908493823926296	0.02629582313410574	0.022283727044990428	0.0202812402691144	0.01828981559778895	0.01695686407194536	0.015574224367570924	0.012972145606139334	0.011162266236987177	0.009882258850067795	0.008624899006320104	0.007748767863150091	0.007246183029001322	0.007077263412559498	0.006574368317919995	0.006177704027465637	0.005947142029384614	0.005879009245683631	0.005843606922504332	0.0059635506881728665	0.006183174183485846	0.006332877513686611	0.006604120570067914	0.006873401148194675	0.0071105680066783986	0.007394452087832244	0.00776108145751773	0.007982327829501788	0.007940101563920604	0.008115795717951882	0.008039227003011339
CC520390	p5	0.13049504711133353	0.09157595450181888	0.07065250225008114	0.05751838350380157	0.047903391689857	0.041638802255149605	0.038212410099516446	0.037326106267112746	0.033096451737498284	0.03062183886854145	0.029532914850130706	0.028929763143039647	0.02999699177597812	0.030983116338556622	0.030276527379905563	0.030636002707856456	0.03278493032434433	0.03943315288786009	0.04607919213678385	0.042189036371908614	0.03523988643437919	0.03067895347334199	0.029159271515729557	0.029870248734532805	0.028753138526156824	0.02925528633752038	0.02943555713188808	0.03036710050688524	0.029639651023000604	0.029024745158034635	0.029029973766080405	0.027824406973805837	0.02760368821144632	0.027980815622072778	0.027144207276139806	0.026520124937135632	0.026414971081992842	0.026488394079241178	0.026361051154438736	0.025276204126132452	0.025183413802159514	0.02594577432896138	0.024920821461073134	0.024768848635908915	0.024646056659446896	0.024550303494009693	0.02426504504593695	0.02243642463677937	0.021305227247537813	0.020748800809346303	0.020314132435292682	0.01782268386806447	0.01686805295397624	0.015391807995487042	0.013534849489807325	0.012961752375059567	0.0122973515319654	0.011352996531083244	0.010904135277222431	0.01028654952524453	0.009590273820324544	0.008666100664550895	0.008379562352287043	0.008286188636644818	0.008400053739052634	0.008632458285461013	0.008545610698875205	0.00868879126888318	0.00898017758304273	0.009909900078390538	0.01049113705869554	0.011022443024671725	0.011449865052950831	0.011864749305889235	0.01252544766982651	0.013158045891843096	0.013539102306271896	0.013735349219806839	0.01385409304561133
CC520477	p2	0.06936004269689508	0.0379248566657399	0.027767353184420144	0.022807162033381085	0.019305057467420443	0.018190920098938416	0.017029258663534618	0.01765701357039962	0.018400794842182915	0.01925794320157575	0.022170316052627318	0.025972776559494516	0.03308390231432564	0.05724637709977936	0.0883015022237111	0.07221879826021424	0.08345539922437971	0.13793976972494515	0.22125769198425058	0.24303589095519404	0.09404711273604556	0.03449503107280651	0.02405541600344469	0.02140517443372798	0.020518484937745444	0.02041800156425712	0.021700930775022893	0.0225128702985727	0.024458483181335974	0.025381715806194645	0.02487175751025681	0.023029644034683498	0.020947184906575655	0.020567794359459324	0.019931248804528668	0.02026507847279535	0.020301090222741642	0.021054869752534035	0.02220744355260149	0.022585396261243867	0.020277945231571018	0.01739757430176255	0.016673488347946654	0.01522741698415071	0.013965108338246759	0.012857389199037976	0.011862176870986197	0.011338037058040831	0.010553237356701719	0.009640078766149153	0.008836592945838877	0.00804359584425543	0.007451401838545977	0.006928942491827964	0.006393047658650463	0.005868537444936504	0.00524647471363441	0.004839178332336723	0.0043530936219687835	0.004089987690428192	0.0038291775154034842	0.003525303741791439	0.003213820967795566	0.0029793567144990084	0.002752866499743102	0.0026133061669780795	0.002571374039408295	0.0026003332969188704	0.002670304530979736	0.0027009519490108036	0.0027480090817313427	0.0028638861167101324	0.0030845133146722497	0.003068407025094229	0.0031439272186027213	0.0032010209487266304	0.0032582682603115925	0.003279872548534695	0.0031889217290706497
CC520477	p5	0.07302023796534529	0.04580887535659372	0.0354826050905831	0.030302855981325726	0.024808545316817754	0.022671382311374822	0.02087891035529424	0.020777990069774856	0.020505028007186444	0.019861485098719395	0.02115371296505624	0.024553700917593232	0.03277240892639113	0.06196256116221388	0.07999482885264482	0.055165805771172235	0.07595901536701048	0.1562259449131572	0.2633421799274885	0.14426908555141724	0.039847750197435215	0.02391847044161316	0.02115802588249705	0.020471492773415187	0.019385970462551756	0.019489852975021055	0.020255645192058327	0.021441160386260046	0.022855714923837568	0.023685875799701203	0.0220511512461528	0.0197255200907677	0.019629301536817974	0.019631880495653856	0.019812716648585024	0.020071420763745056	0.021210406077534816	0.02465295148673899	0.027849719022796964	0.024103113802923654	0.018858153205499145	0.01719475276962721	0.01713290271555711	0.016331730591611048	0.015600049923198012	0.01493026623807876	0.014169797743408426	0.013456396275918301	0.01270467014321742	0.012182299339783762	0.011983732730840475	0.010712390032382451	0.00996804712751037	0.009584907751082793	0.0092595986252594	0.0087292304842491	0.008071704400274675	0.007575865486300236	0.006936724235247721	0.0066070280575996464	0.006183259129377345	0.005742961878611531	0.0053353501931329315	0.005131442342115283	0.005125991497260237	0.005150223789059594	0.00514412465936526	0.005187252451519457	0.005534521676668131	0.0057381288277121335	0.005829498614544429	0.006223565997702668	0.00662164567606632	0.006935778860329519	0.007289502800526638	0.007391921080439325	0.007547391057113042	0.007794528656709954	0.007694963609010687
CC520480	p2	0.06230999383966837	0.032044581777720314	0.022811780832072394	0.018122901551064233	0.01578060636180155	0.01528782202578102	0.015289885229281848	0.015238286421227386	0.015474638069247643	0.016590481157024523	0.016831985340167825	0.017499019426957887	0.019309883820627746	0.023144772678564556	0.030861722360837566	0.05220261847926996	0.06909943327315726	0.06826189170113801	0.07779406477715461	0.10001055110483828	0.1068672500064988	0.08392395486559313	0.061587498576962454	0.04793225157502372	0.039578405455125344	0.034954095635262625	0.031786832684268136	0.03030032273099195	0.02832453671934689	0.026401302283606966	0.02628732977575166	0.026201620121056327	0.02550266815125322	0.025761437823423113	0.025494715760958887	0.025231012486552826	0.024858675415368577	0.02484279407004922	0.026393303990984187	0.027641469252592636	0.028617365174206506	0.02919671226256156	0.029199455305946732	0.02957786797393885	0.029986904652369462	0.030425132467007683	0.030956040967324426	0.03057878042199993	0.02937852807153847	0.027757793195658256	0.025694689725104317	0.022752256117887216	0.020276217551028045	0.0191977133565028	0.017863087491653294	0.015590291898440476	0.013702083745164061	0.012405156717351923	0.011049714958040927	0.009880163516619963	0.009104882141949053	0.008648537736012863	0.007687956733935025	0.006900133731502117	0.00649906398162096	0.006198232913311938	0.005882450305833373	0.005584853135043754	0.005441757487451879	0.005395404084299997	0.005460272099806505	0.005257896988595741	0.005376149015846269	0.005435944776378325	0.005542159660045683	0.005514862694317513	0.005337041270143582	0.005341517730142914	0.005243054509955694
CC520480	p5	0.03519538309151969	0.021984227316407534	0.01713882122136946	0.014542702789545017	0.013579978684218792	0.01283477795176269	0.012713909239179153	0.013759028310287465	0.014254056749207477	0.014862761764261007	0.016407151109630133	0.017746276916713807	0.021848584808141724	0.03208426202341704	0.0498597367914203	0.07088694100017162	0.1106960012111555	0.17593283731651704	0.17817465740004537	0.11211205024521796	0.06250123607056625	0.03848802345057486	0.028197944696818182	0.024904647357863227	0.024011614494046606	0.023791048989300904	0.023244094495213856	0.024251582718543514	0.025419414303761177	0.025381134155978032	0.02549989029033218	0.025963857288574244	0.026656697937949936	0.02673339071719742	0.02664227959090435	0.027119502180779128	0.028785947400889435	0.03045916002219022	0.028930258054389084	0.027822615410529297	0.02844889429702499	0.02810151265184136	0.02688556893991357	0.02628105145847591	0.025725341901627324	0.025213696460807816	0.024476857329096536	0.023734572481417623	0.022016906386762826	0.02067351771898458	0.0189333083544538	0.017498998060010998	0.01651816179586507	0.0148365612931501	0.013605042192003052	0.012569671878988787	0.011349162398050196	0.010085991295745488	0.009072242714494102	0.008232754057295821	0.007524867410457216	0.006889706390508088	0.006265074831286307	0.005927347440096382	0.005625320887659448	0.005309736807271802	0.005182904672589157	0.004984567436311736	0.004915720589438808	0.0049887948831329725	0.005082000991496935	0.005044450838206558	0.0050993177043413464	0.005188601614625753	0.005478199813236842	0.005314306814980187	0.005292967770222394	0.005271170012786143	0.005068670809022694
CC520517	p2	0.1358578983393669	0.08778945143841739	0.059178361197575254	0.05081896524503828	0.04694471288423919	0.03542803945456017	0.03963659392281798	0.03975729213512528	0.03358342774625004	0.03698784009703163	0.03324745371851106	0.029221350527139405	0.03573547640137979	0.03666146806914389	0.049853564857789585	0.09497894423271212	0.13007698053658798	0.10695779351812082	0.07878818338038385	0.05172266730905304	0.042244605484436724	0.03539032979588909	0.028529831363293796	0.029358877170046333	0.026564895367031577	0.023584144345103683	0.025445006559488986	0.02308484383827107	0.022994286065687486	0.023399014101668378	0.021334014312598005	0.022250014990738014	0.02361817229842004	0.023364633117710996	0.023599783897432905	0.023044287521879977	0.0206388076796934	0.020972196637579918	0.02047366392432897	0.018039716922268773	0.01769099319865849	0.01664166459830162	0.016526883958326268	0.016116432216012864	0.01573883956407283	0.015391098062461743	0.015267309493966744	0.014900139092669799	0.014232544652094854	0.01434014739952254	0.01307448612340243	0.01216502114234359	0.011806313908166824	0.011143531218997036	0.010639873590536876	0.009405778456607526	0.008074459003985571	0.007265325219383848	0.006750356356550877	0.006138760080202328	0.005716336339129544	0.005517710459422422	0.005281591084770829	0.004968938756275118	0.004868499392369802	0.0046680102488102365	0.004594095897098511	0.00479674380294953	0.005018683139439823	0.005252006263277235	0.005391827341036944	0.005659919503986912	0.005991555800390649	0.006161130669473529	0.006220909353762302	0.0065389321824423936	0.0066388864859403835	0.006764628030052453	0.006821993355956851
CC520517	p5	0.08290768051030131	0.051473461264237325	0.04033940057810148	0.034619790360925586	0.029844571321997037	0.03059958199822782	0.029634291341255767	0.030608120923872703	0.02801574210882896	0.026681353445676098	0.027306661763941024	0.030312877832339963	0.04783503450859269	0.11047884087897368	0.22564164464688152	0.17946246730742663	0.10569182698828371	0.06766808610357697	0.0449222218299452	0.03593976051181031	0.03147317958931503	0.02793340716903876	0.025989949154123452	0.023749361648224762	0.02220249753946645	0.021090561911213033	0.020457448668380278	0.02073134142623735	0.021152416221019932	0.023072414492419674	0.024301450538205885	0.021204894085735757	0.01925090730035966	0.018101268555217254	0.016438479918121106	0.015375553531118557	0.015205265475199783	0.014883719178839962	0.014777841305187181	0.014003737288409427	0.014175480835399587	0.01427747052475889	0.014373251251154406	0.014487938399983587	0.014608345415862947	0.014734230429354466	0.01483533330149291	0.014149632677912641	0.013608251279790842	0.013335152679262425	0.012460350535787812	0.01105455251148837	0.010430478504876398	0.00986494610705041	0.00938469368165262	0.00891520479142698	0.008506370781883267	0.007740219064291872	0.007298665108026188	0.00709248393373538	0.00661380929261019	0.006302150640773407	0.006035655195441923	0.005832638641889817	0.0059875444472441	0.006065618525433339	0.005987761227838231	0.006235831731379925	0.0063566183805527825	0.006773114614671209	0.007171526473352648	0.007596122982560471	0.007753268536683491	0.00809201591165743	0.009077823283933547	0.009236070540950816	0.009284332755866752	0.009748039571334396	0.009183468929510632
CC520542	p2	0.056641518824521384	0.031978428967963414	0.024464988930883027	0.019747415333953713	0.01898204930501217	0.018140051945578613	0.01812503424795948	0.02041757989119747	0.021705911334542312	0.022133822832597294	0.023430407757652483	0.023861779811809657	0.030050659115461568	0.03955618997493357	0.05621036028546985	0.08911862047707328	0.1743040650707796	0.38191397951910516	0.31999668655311153	0.08567328491555679	0.03074697672647639	0.019853752343549323	0.016151286679642957	0.014656029591428098	0.013936303398500188	0.013900935959570666	0.01439787310257252	0.014723367122572318	0.014461758555812929	0.014178475336659752	0.013866025628679243	0.01433699301581587	0.014051898449698815	0.014906140038039256	0.01587655281819549	0.01780057615087843	0.02032793354415443	0.020064279044146472	0.016149431661468556	0.013964154683907265	0.013316091505690013	0.012230362499074934	0.011910399108696313	0.011399418241525374	0.010931438749810297	0.010501821533684537	0.010198853068601283	0.009561078954229184	0.008903540008452554	0.00904535357587375	0.009123404818313655	0.007596599870330798	0.006600797482382003	0.006043002407424395	0.00592253247748059	0.005516297015159686	0.005038418253453832	0.004475597741214072	0.00400256759560583	0.003620930855395366	0.0033846140795884398	0.0031624182220455046	0.002916444938835291	0.002796642182531546	0.0028107488478241196	0.0028458824716220514	0.0027982566122120847	0.002800037934128052	0.0027827640122752547	0.002819018372316251	0.002964245714010992	0.0031236829498435563	0.0032576477390651275	0.0033703819957462966	0.0034408695371252423	0.0034689551922592985	0.003545944830528519	0.003534357132030586	0.00351152387788479
CC520542	p5	0.05285012641493789	0.03333013763554044	0.028233618644232555	0.02441164328690863	0.02371674902117504	0.022791384613186146	0.02372438153699465	0.026702709014051727	0.03000159978158132	0.02867144450366264	0.027691441024047313	0.029918806313563303	0.03376263840379942	0.04006078332615227	0.05144676860256664	0.0832670113279375	0.1326167907075506	0.2098365696981003	0.17326955345182696	0.07834408457097188	0.039931479181297524	0.029385232641144194	0.025599851305450082	0.024373418422562267	0.023805126538989904	0.023850490082380823	0.023968670130941092	0.024347492414772107	0.024782864053005435	0.024943125285645247	0.024527519665926575	0.024531440305874286	0.024000179584415124	0.023755220453721592	0.023318304979935128	0.024112170872273034	0.0250879652185605	0.024644580717638365	0.02309228543012433	0.022899278033492506	0.022042522600982457	0.02140902179421337	0.020373758555101838	0.01965539109188426	0.01899264640383304	0.01838005656517788	0.01781609063824655	0.01623593284940475	0.014885809394083281	0.013932867541088826	0.012755554289387953	0.011754159582112433	0.010645425068399987	0.00972955708223031	0.00884994130418622	0.008334540157030024	0.007696093936808538	0.007104845549377077	0.006496167129529336	0.0058712679991564385	0.005592721720762759	0.005262107822928172	0.005119018028186174	0.004855529940387301	0.004581885975769215	0.004407874060848077	0.004368698782962083	0.0044264483269070695	0.004521593355071198	0.004672328495789099	0.0047743009817540795	0.005024345949557395	0.005187886051727147	0.005318265525468327	0.005606250116654728	0.005713091235474968	0.00569321022532885	0.0058808925039337285	0.005704054757574384
CC520562	p2	0.07111173314609791	0.04119982930875784	0.03103472902479859	0.025756893789628105	0.023164685233593062	0.021161129789567565	0.020838902324059376	0.021586249493190036	0.02165873312814523	0.021424785530981882	0.02194763063851891	0.023962069567557507	0.029203238463777672	0.037107592893677176	0.05759953447137859	0.14487264627551374	0.3447292884974253	0.3262646339369289	0.09662337634904483	0.03788219661821659	0.027392176804784982	0.02290114526384079	0.022469939528646076	0.02230174163402914	0.02291470263133424	0.022370989943654326	0.022569024582928348	0.022619527278460276	0.023033910402672716	0.022130261414623067	0.02096564020604449	0.019687749739935468	0.01877992305177423	0.019015909567962525	0.02004252275541352	0.02052901225157937	0.017548978901934454	0.013565729623642681	0.011420409137120405	0.010308568876414896	0.009780067654858157	0.00928796276930672	0.009235467500398598	0.00900061261788066	0.00878338282870175	0.00858219476724921	0.008324939749153732	0.008412042536263285	0.008538766151338242	0.009558112316091695	0.008576978589230523	0.007898840267730058	0.007602994209337374	0.007390211419318158	0.007056143626686895	0.006423879074776745	0.005374021438720967	0.004715468840506911	0.0042178591878290405	0.003921877987136018	0.0036827065329681366	0.0036294129611520605	0.0033275735716216497	0.00298448728655697	0.0029640183939529273	0.002834085198998196	0.0027920379796141895	0.002888548197312748	0.0030126718339540393	0.0030330842194660696	0.003162924516129304	0.003210137103774134	0.0034080228191681887	0.0035433020888153565	0.0036045897035654286	0.003707764621792372	0.0038232760249288463	0.0037580169130640045	0.0036192819920893076
CC520562	p5	0.07583179598134648	0.049627618327675066	0.040746157387026576	0.03472529297432315	0.030995187174442603	0.028530631090077703	0.026831067485253313	0.025975466545758538	0.026051078205769507	0.025650499606937893	0.02711582137353095	0.029270292989813304	0.0316488395214357	0.03928180770774577	0.05879855384569712	0.11029687216133426	0.1914027200427389	0.19674392336977528	0.09013985761669127	0.04976219491447554	0.037727914391582365	0.03326955477057965	0.03221138760831046	0.030575755935084305	0.030035594561498312	0.031013303187611842	0.03067109399119195	0.030714956953022864	0.029143660454215976	0.027227190471188756	0.02553678937912069	0.024077213071891153	0.02340641098300941	0.02340379616412543	0.02184180184364854	0.022167738247871105	0.021215378885302293	0.01859664939471015	0.015921744855721114	0.01432683986535874	0.013776329867609457	0.013322577543628804	0.013805394421986705	0.013833112745633319	0.01387580012747382	0.013932828674193695	0.013935384934865713	0.012143011241666026	0.011741727697754698	0.011457643372816349	0.011169287143874041	0.010654436895718851	0.010256703064179628	0.009803625157465424	0.009308505028642153	0.00862738207182858	0.007810488703057134	0.007350639166297293	0.006801085774536112	0.006318416233215931	0.005816374940185707	0.0054617181138000865	0.005191202314417514	0.005057878509362999	0.004922956796694275	0.004727913335594762	0.004840443415322778	0.004907377569820751	0.005066437387270049	0.005153325389920998	0.005454100071676122	0.0058606905088004705	0.006167869623713268	0.00629569097981266	0.006456910360475287	0.006723573477731277	0.007090656851019284	0.0069061270017816406	0.006759636279870666
CC520589	p2	0.17775906558591975	0.09850746980278842	0.0792572680587594	0.06894980121233733	0.059874204520495584	0.05298505941260224	0.053433962233940625	0.048458551382628404	0.044208129881032204	0.04006224432622309	0.03622906004119247	0.03350179305734844	0.03157782961280125	0.029924694365571918	0.029449370336480027	0.03109013311477132	0.036162295926856186	0.034123412882608326	0.0321142880590296	0.03119506131024703	0.029411385975982383	0.028236957695947498	0.02741356336423488	0.026979505026929432	0.02620211272501354	0.025217369839549253	0.025335547233686695	0.024977582287265394	0.024797325230867084	0.02456245490401494	0.02421236739264618	0.024164129905994248	0.023039850037031327	0.02211810486665392	0.021950955135207898	0.021273607482382568	0.022795592901598445	0.02257037116169878	0.02345322205364708	0.023900019418519994	0.024657172412712976	0.02475435962379396	0.02505551202406039	0.025423804628071374	0.025803920985173787	0.026195806457150184	0.026848226740239605	0.027368128600192596	0.02352426057935795	0.021746068490588053	0.02076084077933007	0.018477463353830936	0.017031958385027114	0.015844840882112847	0.014683237853631027	0.013579491223399335	0.012865707225190912	0.011986671533636467	0.011178782092089886	0.01017567555638384	0.009278241103519451	0.00873880990464584	0.00798236881449305	0.007650452975990404	0.0074830598730063974	0.007076772360102143	0.006993617279863689	0.007000612060500925	0.0073438229541853235	0.007366199923780932	0.0075872367610805595	0.008027843055193131	0.008137114759082182	0.00833436581727331	0.008558367728877976	0.008944794865911678	0.0091223171901787	0.009294442555233894	0.009042887243123757
CC520589	p5	0.1402352334998775	0.06965020833651256	0.0486958231711303	0.03935574760648117	0.03418700583306415	0.03123909859360621	0.030466913608988257	0.028956143326087574	0.026881906054445855	0.024821987575859177	0.023742908437607308	0.02344318532004008	0.023580463311434163	0.02337304187743781	0.024387225699884142	0.026997243830172022	0.029273658227216493	0.02892403577296585	0.027297407153764684	0.02638011423079432	0.027316565266452247	0.027194099659389986	0.02534710536966416	0.02519060302627286	0.024717578002100567	0.023706937648292094	0.02373786096908333	0.02356389970468996	0.022168772573426643	0.021017037501673035	0.021016841235076418	0.020703418721721843	0.02113462718224387	0.02176718823245263	0.022111306598729442	0.022258666820701115	0.023419428125814244	0.02472412199900251	0.02688319463212335	0.027303995071112076	0.029153134725362188	0.03137471069912829	0.033609444700323114	0.03592699546643767	0.03836950401405946	0.04094204326235368	0.0428469117660501	0.044478412090006074	0.043514656957779944	0.04065136417317975	0.038142666599106416	0.035338405387961236	0.03313578965698043	0.029428434637992835	0.025930620231268166	0.023540164718092508	0.021323141150250198	0.019333718149560034	0.017591896165106494	0.016121396745789867	0.014489297338960217	0.013590482556978879	0.012730065843928575	0.01177225388949935	0.011266976484005145	0.011033238416715605	0.010808195862810639	0.010453263741266757	0.010612152830060357	0.010919303963390426	0.011269344028407218	0.011365693707764631	0.011822278677846925	0.012156253517294725	0.012450293662197314	0.012872349410053377	0.012972142817916383	0.013085527863882295	0.013044982065558798
CC520669	p2	0.09851616193785416	0.05511323148151489	0.03986758687926752	0.033238174396439224	0.02883472788668027	0.02839140770560879	0.026651826632664948	0.028648600631425696	0.02874235683080666	0.029971879934161227	0.033610209882521475	0.04076462745990708	0.04508464836764821	0.046042337084894046	0.0479081817624927	0.05942124355145084	0.08392337854380578	0.13054404486095425	0.2030626320940685	0.11074698409430787	0.0440634364788271	0.034668142955813774	0.03141811089037429	0.03237368992867596	0.03223825482062429	0.032180325974113966	0.03200296281975653	0.03176796785932873	0.030640826796665844	0.029766698802590936	0.027586081330214254	0.025344721791868367	0.023962907148414706	0.023514418032208946	0.023032890954065917	0.021847847776488415	0.02062379993320422	0.020387906352291048	0.021696992632931244	0.02040109413884345	0.01697858835607589	0.015081337024752768	0.014982495330709795	0.014131010091422142	0.013372292389371184	0.01269397538105829	0.012041243902311148	0.011975370718193119	0.011427583344640835	0.01418677796758994	0.012736408020322195	0.00959343539376638	0.00902133282194514	0.008823391058429239	0.008779224497044961	0.0076300820816621725	0.006834500141748986	0.006245748686172389	0.005743876961771025	0.0053654382169573585	0.004903427996355601	0.004361757658391253	0.003979105958991087	0.003740463343053663	0.003466136128064508	0.0033420876646580236	0.0034574616005239806	0.0034391855019367747	0.0035616474638115896	0.003552619337037463	0.003643376812152525	0.003759558995316879	0.003908171904309152	0.004126371929074213	0.004425145391734563	0.004315714040632214	0.0044257042696763185	0.004467865135701768	0.004269696031569465
CC520669	p5	0.10563381981989307	0.06711417738789284	0.05259181019819275	0.045172652997606706	0.039238418817239995	0.036470393524972125	0.03528557148283	0.03257210156478717	0.03277982232980018	0.03044100759324648	0.03154297765651191	0.034454470863157574	0.03605484864928481	0.039539547275706556	0.0410725130669662	0.046300593213110176	0.068389048272852	0.11391252397152381	0.14367904785361335	0.08484214860305274	0.04948753422430841	0.041026675248987864	0.03859557096484279	0.03780938113508169	0.038226645977131074	0.03725609501678658	0.036800620648890135	0.03459190249778331	0.034035295627882114	0.03216543179449565	0.029225656972929535	0.026772659977741274	0.02520062764748618	0.024675966623728045	0.02355078866325445	0.022836141928397856	0.021532903566082475	0.020676573699468438	0.019483836460081796	0.017817791726607305	0.016109739902821604	0.015041934186835073	0.014728619172343395	0.014168428894545924	0.01366775995791851	0.013219241245387986	0.012788723002998026	0.011551383988565339	0.011041474918678493	0.01076347383178883	0.010389328412315208	0.009858292431457192	0.00957851889276729	0.009255543705558568	0.008523863035957337	0.007980891299082471	0.007595412476531338	0.007231257048034995	0.006677038150327832	0.006132540769877339	0.005732074344456525	0.00547011970667059	0.005170411679749668	0.004969683391707116	0.004850419255428345	0.00494376077609378	0.004966559731051492	0.00495813463724687	0.005045951035013542	0.0052748232872908505	0.005533549811412633	0.005943750723098384	0.0062095678224793355	0.006530271279234571	0.0067639661035748845	0.0070063567024366905	0.0072309751037732605	0.007450898820055147	0.007213149662345174
CC520712	p2	0.08497539359576896	0.053567792008987515	0.04666120049795685	0.042956139124161234	0.0414395890384107	0.0394578649529101	0.04095083593559498	0.044028055844634796	0.04411871146552155	0.04874923289146335	0.0554942437080787	0.06759124067406322	0.08729605237053169	0.11369935536807099	0.14001071490879274	0.14980659203932628	0.10736513869866501	0.07115705624888777	0.053119174513663256	0.04439563177418762	0.03738325424483808	0.032851923210945766	0.029542709990464617	0.02838199930247445	0.026282521193543584	0.027033611950176815	0.026090075967221106	0.025725811655576282	0.02670547799487763	0.025135498395054637	0.023963592487441506	0.0232035947788841	0.02155185574411745	0.019455928444759057	0.018014837410932544	0.016598905769295947	0.015358762836819796	0.015015730107125085	0.015288420349712794	0.014685350784017758	0.013791215772967214	0.01269014550688103	0.011768830204542611	0.010940881109643287	0.01020320873798057	0.00954395962681952	0.008923175619715923	0.009191132650702727	0.007581659071150452	0.007273106897232642	0.006509512537153282	0.0057158782295632605	0.005351860186251338	0.004910963677969732	0.00466303558248417	0.0042365231767210465	0.003910789019596308	0.0035968630893821493	0.00331016999923322	0.0030300076703994707	0.0028041645585823874	0.002625985405283727	0.0025061648985034613	0.00243359320276739	0.002365075803490839	0.0023174825743586813	0.0023615804602417686	0.002319897986472598	0.0024610361645048466	0.0025813933717842522	0.0025936522705647417	0.002704449604072388	0.0028276666357456353	0.002970448546472615	0.0030774866717509673	0.003213488016812333	0.0031969750585112305	0.0032546040292904875	0.0032395097886569256
CC520712	p5	0.07345133903982436	0.04121924798585372	0.035437213801746616	0.03522777726562944	0.033580917989461244	0.03509837007550285	0.036514579021606625	0.038473786111780185	0.040236382330805606	0.044714643299544624	0.05197333989711918	0.06300992753530578	0.08281928513003167	0.11562825381288831	0.18316930392007427	0.2617758380265752	0.16932980913551765	0.08101925892175259	0.04976752799464879	0.03675900785091439	0.0303307000139726	0.027348917902594784	0.024759693687047765	0.023608714014186887	0.02303506323059911	0.022341103813645662	0.0209607596019967	0.020532446797975737	0.020494842424401756	0.019739137514368694	0.020412125939694596	0.021656867235009782	0.02064604192212039	0.017724367392335266	0.014564338212221783	0.013010708371569221	0.011606300089416523	0.010805599911046519	0.010371082778401035	0.00972164457743409	0.00918534491598945	0.008537573498341482	0.008035547947254505	0.0075733570565321515	0.007164610711403519	0.006801480613531804	0.006412499205397111	0.006145681317413113	0.0059292132152926474	0.005614518253814713	0.005284097368560607	0.004626105357457048	0.0041579383886710345	0.0037429368214955206	0.0035167801944821055	0.0032212231736662394	0.002976290352978682	0.002721824745278904	0.002505700024980607	0.0023222862168351065	0.002151807163174554	0.0020235669610378136	0.001934948245838796	0.0018805237043057338	0.0017993731703025932	0.0017679048617525572	0.0018150569580928195	0.0018244378261808784	0.0018175638521601115	0.0018682041552689102	0.001910396381353764	0.001977391209823917	0.0020598857911296492	0.0021589916955247657	0.002219781026647104	0.0023146214925296796	0.002380658888602537	0.002322995495137223	0.0022925733701006923
CC520980	p2	0.1314596172389627	0.0658739333049258	0.04623385119126952	0.03681794209073104	0.03041437778788486	0.02829183338249126	0.02607601434401535	0.026084143094999467	0.02625520594545937	0.027965269109993973	0.028809001378901196	0.031106842246671706	0.03749246669980842	0.04353170897086204	0.049670568835821646	0.05385129984328338	0.0726791663893836	0.09314017385900329	0.08317783925552122	0.07469334594989795	0.07751892239038029	0.06545199464763343	0.05356302017204511	0.04383633171279841	0.03937164266746231	0.038944986337935174	0.03948443034799759	0.03920459527035196	0.04063396667882113	0.039091886342318936	0.0358523924513157	0.03256355293523488	0.02867197255513334	0.025436952797295628	0.023346676474886672	0.022389516931524526	0.02149487302621042	0.020446466975258478	0.02002000657255218	0.01994260453047496	0.01992250562199067	0.019396734239350382	0.017775705590555115	0.016906456560858842	0.016108128358629372	0.015373217139385312	0.014754570164097466	0.01362526464344542	0.012626919300649813	0.012604816904361589	0.011345134848619251	0.009841530827383383	0.009268229670786823	0.009021587447945392	0.008349229314499197	0.00764019561909541	0.006842505134505844	0.006480555073809699	0.005958274423343488	0.00537817267774154	0.0051142885130098905	0.004774447791456657	0.004397269247502882	0.00421243011654042	0.004170815054672504	0.0040459194549103215	0.0039369485539634255	0.003998426885557536	0.004110715075726357	0.004138207335443913	0.0044523637539574034	0.004567314935588351	0.004845054445945138	0.004969153729606832	0.005161957405865412	0.005291488005866102	0.005357784981362609	0.005398261158534918	0.0053516717507950794
CC520980	p5	0.37717025400771553	0.06591931090400589	0.043088453915746165	0.03326807234393815	0.027917182518333205	0.025129502339103146	0.02455931875955116	0.024568425539251648	0.02449850030151436	0.02508304279189265	0.027136181576732157	0.02964008450483769	0.0390090657288424	0.055616637625665044	0.12326496176603816	0.20207665054377863	0.11319515743201476	0.06540010855713714	0.0651434143745801	0.06197202090650408	0.04850565435554247	0.039862879708539294	0.03448174047464371	0.03140663285774564	0.029161219312270916	0.027453965400788677	0.026006033031997337	0.024210603778597056	0.023029142033870305	0.02274485998994418	0.022238461321073894	0.02235828704928467	0.020399948261210277	0.01863751250199286	0.017015222542473125	0.016465571197473168	0.01640823525774725	0.015939517137000245	0.016085151947033468	0.015650518818053835	0.015014909139171867	0.014304901774863038	0.012852864038896029	0.011995785467965338	0.011237673747086507	0.010565352698450443	0.009998575168558186	0.008526442836948422	0.007921646260012911	0.007300062639299952	0.006910114037192452	0.006437481482640789	0.005827389572119204	0.005414762990764127	0.005479385413158219	0.005436199770118279	0.005295476996033882	0.005388001932790372	0.005559749641604149	0.005540191090011495	0.0054966482888227945	0.005537630245133131	0.005366880433219903	0.005403345758079087	0.005362644059205493	0.005230490674172826	0.004900629562895748	0.004602912316410863	0.004325789789863745	0.003956770047444329	0.0037275211209024817	0.0035685960924262865	0.0034599828408017857	0.003266294858429256	0.003221343635618267	0.0033759117587650513	0.0034868356163041594	0.003625691732685706	0.0038894761210531677
CC521040	p2	0.14946532568863463	0.07361353221484117	0.05011522998601254	0.038250667143487	0.031121164318073002	0.026430221486993827	0.023811328428672448	0.022532704032081626	0.021656853618904934	0.022295242586181162	0.021206742245950285	0.020982843387663725	0.020576549480429345	0.02047672931941791	0.022358335527090607	0.02654941549952214	0.03418199230670654	0.046189950638544135	0.07424326598730181	0.1677668210023707	0.21312339481528766	0.16229649960172937	0.0849561436681087	0.042897016642994626	0.02693364376747102	0.021119905139993473	0.0203753745488475	0.019590028758570282	0.01895873486999251	0.01913469002094681	0.01897487799690094	0.018450246751602666	0.01822624934790767	0.01777872359706414	0.01690213165136886	0.01634759816478998	0.01615190811022296	0.015894365316597922	0.016328313752629775	0.017132450595261837	0.01933854521359972	0.020775007197492066	0.016897024954275603	0.016013318077787466	0.01524113003400917	0.014563646446992757	0.013964508742694826	0.01327824818803372	0.012616973644371442	0.012435149616336436	0.011491080099390805	0.01099073275580377	0.010554392109734812	0.011654255652251198	0.012129668094659547	0.00947554239507303	0.007879241292358214	0.007405449127836434	0.006654566976343091	0.006390694938317324	0.00610236324636937	0.006095651510260033	0.005647696372620117	0.005429076290105892	0.005466285722539119	0.005463824827972336	0.005321782720111692	0.00535271709109036	0.005483498539520761	0.005537598220118476	0.005609254745485186	0.005598633842152653	0.006213302895622047	0.006219071201535133	0.006522426843100823	0.006638433563210289	0.006807183184619959	0.006721621828948153	0.006711705248810795
CC521040	p5	0.05366747716324318	0.03017196124930163	0.023690640923292493	0.01973634105361911	0.016863039252330365	0.01637795295544048	0.015770179035705805	0.01565791117895837	0.014806251562305061	0.013989894030124173	0.013819391562327595	0.01486558100090355	0.017142811905868277	0.0199695854653463	0.027657726166649233	0.044410950418035576	0.07054399150242681	0.1580113634604492	0.3274644719741604	0.3012052910189676	0.16612340911325074	0.07032669759809516	0.03407138682375479	0.02403983111267465	0.020178012953276054	0.01874096649293567	0.01827816015611568	0.01794584523735404	0.017468421461035263	0.016671075728857634	0.015619846905422997	0.015479142275668932	0.014707923286508077	0.014952811279495293	0.014883260119651421	0.015583973666570295	0.01713094204363762	0.018513329524868095	0.01968942489292565	0.020019368002656218	0.018004541873340756	0.015121000234371811	0.013683255519065105	0.012121513881753405	0.010827434461299508	0.009746981007211305	0.008792574004964958	0.008404962956471734	0.007943221394062325	0.0075852354957752334	0.007310140736144642	0.006912614578284236	0.00650692001377937	0.006295028498451678	0.005986312988935367	0.005735175171608801	0.005536770059397787	0.00524783704425422	0.0049240602168368125	0.004604327199952583	0.0042984820921630595	0.004006121774963405	0.0037345798449785737	0.003571663683275407	0.0033848458350764863	0.0032461596352254467	0.0032060260003596115	0.003218242173285272	0.003285834089121551	0.0033056370555222987	0.0035275553993525804	0.0036674271631200765	0.0036936110589327856	0.0038942251262774137	0.0040865206625797	0.004207398344277406	0.004320909131789503	0.004412252603130954	0.004459396036038543
CC521094	p2	0.06651047888187313	0.037733409780700757	0.028277076390038833	0.023574735031215235	0.021262381742128914	0.019175231298786597	0.018068296581397733	0.017153405809527573	0.017019770145448858	0.01611700256994786	0.015503635771873827	0.015390606148999985	0.016558686850885195	0.018229058384009632	0.022321882572895316	0.03343887196377037	0.060239625339291905	0.14917603588204761	0.224014460340694	0.13827589727710402	0.06861015853914658	0.04053911357652062	0.03207318799491399	0.02744368298947097	0.02806181576444565	0.028007796363200454	0.029170237827996413	0.03037930637970543	0.03147427722060213	0.030600923968556105	0.03058410335145322	0.03112724597274669	0.031075724792282305	0.03058901923858759	0.0305683238599342	0.032491897109863194	0.035907339911084774	0.03895386291081317	0.04068055140066055	0.03778791706112135	0.036197243467080836	0.03668525692356667	0.029045585043944267	0.0261429623932035	0.023617100774207523	0.02140993542755345	0.019451115075514176	0.016324592318115914	0.014061329606853362	0.012418124004542142	0.011338590313585738	0.0099281329846793	0.008901931709338439	0.008187522897234399	0.007660957105928346	0.007181991896797884	0.0069708640531263005	0.006520974645791111	0.006053095007731087	0.005529922285720395	0.004936902941027272	0.00460100202758612	0.004220925326236878	0.003943609600208269	0.003711842775591808	0.0036342916972982166	0.0036456055608512514	0.00357427998057015	0.003683796833840945	0.003788950522446556	0.0038059270253082483	0.003963696251590176	0.0040125029115125966	0.004132633308403376	0.004249047404748802	0.004465258330265576	0.004419490356168468	0.004449560023213343	0.004443307267620817
CC521094	p5	0.05553005156547722	0.03136313654299753	0.02443673656471426	0.02078865433698991	0.018578604754300104	0.018058072339966886	0.016120221652467584	0.015878400231703203	0.01469896609345933	0.01410242636033711	0.013873155987177876	0.01428077184758157	0.014585015558672502	0.016126214217890615	0.020770934239556147	0.03921470450010219	0.10314611275555348	0.2188151576373413	0.17880474604470878	0.07945364886291252	0.039212275317064435	0.029628266480895903	0.027514297770684162	0.026061040737385202	0.027142805864211368	0.02729194327382527	0.028033628653833527	0.030098643699685516	0.03115967054603024	0.03115226623571271	0.03195925406232358	0.032780624622724894	0.03437983216145766	0.03339957198349234	0.03588291667510886	0.03994561915303415	0.04385843011264994	0.045794946464418305	0.04441959071183713	0.03975311317482641	0.03730104683646619	0.03627105540916147	0.031060513584599547	0.02843409543137468	0.026108633417304523	0.024042284683853183	0.022215781522858937	0.018784361518081945	0.016420897370066613	0.01445476453892733	0.012379165818249896	0.011383519060477154	0.010061746906903285	0.009138383700135403	0.008596283578904396	0.007888396280316881	0.007182145179970048	0.006554420069905652	0.00603718981269726	0.005438834935486408	0.004950206465176694	0.00447946692095477	0.004264845342438302	0.0041382306885836655	0.0039551979398103135	0.003906843512437598	0.003760043940217087	0.0037381479148662355	0.0038301885640804165	0.0039040598206391817	0.004055670670622726	0.004211416589480796	0.004400513950336058	0.004635994595397791	0.00473350824936712	0.004920435745915263	0.004838077524787831	0.004805844486390826	0.004776686820766505
CC521167	p2	0.052159763767818876	0.028421331154380725	0.02004630846846176	0.016309368331507233	0.01442736052843564	0.013676734738961764	0.01547211457263327	0.017736481235394674	0.017154851355610807	0.016544571623737247	0.016191552397340388	0.017416501940693913	0.02061322839921486	0.029427679856679247	0.053274183037700935	0.13864884578990114	0.2774928839106326	0.24345990003396428	0.14724912089507888	0.0725088434252246	0.04213528840134436	0.030919854942541552	0.026692014652267202	0.026844223425511304	0.029654393903315947	0.030974103308770585	0.03039581748707681	0.02784559534995014	0.02627278372723885	0.0257769271581633	0.026547868957510188	0.02891868494611444	0.03158980792406396	0.03516517279241053	0.03753817274278095	0.03323390312397783	0.028158554075310493	0.025237242663378973	0.0219024899146508	0.01921611790658821	0.01768285785587564	0.015612428333648315	0.01443155932332985	0.013172154593085406	0.012054709783818876	0.01106007426030884	0.010091493698793348	0.009836127844302775	0.00916609831973292	0.008627956543403176	0.008098849218774904	0.007103304433569691	0.00664591673081785	0.0061552865436893854	0.005452684992674855	0.004506510509557561	0.003976651096596742	0.0035089225656420565	0.0030872645725082215	0.0027860917863165506	0.0025865116623176843	0.002343125692004322	0.0021841440057509417	0.002085751934253345	0.001927090107851396	0.0018887311749055723	0.0019165543793552427	0.0019232075460979174	0.0019485141951821438	0.0019409999229135087	0.0020206281316722348	0.002105138141345134	0.002183506383038023	0.002217633659274291	0.0022740317480543304	0.0023342946210995735	0.0023567809981916367	0.002368381469139326	0.002334540477352615
CC521167	p5	0.045854321297214416	0.026593793495578836	0.01898907047026867	0.015482970377096797	0.014071987453378778	0.013848819845034166	0.014465757194315034	0.016402279833763772	0.016540851871946406	0.016028769340431723	0.01661485515253105	0.01827352001179613	0.021465112929409506	0.030161449787877166	0.053081565902877596	0.11558452650850116	0.2699175738582133	0.277632240226949	0.12055281600794725	0.06306525394541568	0.044161988743516865	0.036511430028331106	0.0341149387156871	0.03424207441908092	0.03442458581511129	0.03347922826177387	0.031576728294658823	0.030067906030818624	0.028030235486827332	0.02688807399401795	0.02730297616638152	0.027494474617608414	0.029265993233488143	0.03293078164686097	0.03772676740804927	0.03863591533881612	0.03218348450813484	0.026401389820079304	0.021705142280529197	0.01931680503344989	0.016859278114745625	0.015114781600624043	0.014102529625263212	0.012962082615761341	0.011944793907547865	0.0110346407608785	0.010202807109878321	0.00909009673113977	0.008538232669421605	0.00814450234181264	0.007880458298144214	0.0074148594652623965	0.007178827536884551	0.006593932432649916	0.005803896684803839	0.00508148907210005	0.0043832908385458705	0.0036591408736379744	0.003282432134998575	0.0029086756530583334	0.0026021322259523415	0.002418933396983357	0.002220591795758411	0.0020536996808164652	0.0020002143098128353	0.001909685940635476	0.0018045281443874607	0.0018490366147286546	0.001900604778763645	0.0019542930872192624	0.002049816630949641	0.002160760193194879	0.002195174394334163	0.0022239615466041218	0.002299428861340606	0.0023274011522206512	0.002305535243199312	0.0022589986817085402	0.0022463202981421793
CC610051	p2	0.0980591656979577	0.055013288162299744	0.039957643956658344	0.029270304426387932	0.02343826101437989	0.02088528058520875	0.02119125132910945	0.021080225799150715	0.019446545890993643	0.01929220339375027	0.019974974110730365	0.024316914189789766	0.03001617033806809	0.03940770318328724	0.04980323153009302	0.10531973178864572	0.3428479096871324	0.2982412736898157	0.08613453595226105	0.05505068521714578	0.04136810785242035	0.032095648002224975	0.026951723525210292	0.024090545320285667	0.022847158863174122	0.022272586199093378	0.022044399466387338	0.01926435395116567	0.01817968110477276	0.017620009533678305	0.016711548757701273	0.016346249721285438	0.016436402442114823	0.017822849415582397	0.021210692730935787	0.023168968099183687	0.017736053382122207	0.014099149701808677	0.012147106477623536	0.01146253769750483	0.011253666028860389	0.010097358338916803	0.010193502597142173	0.00983525290753334	0.009510918395857808	0.009216718451565457	0.008863942319913568	0.008726233581617775	0.008517027593976595	0.0083510076584711	0.008256820467772135	0.00799567501233862	0.007716004735929848	0.007382090147082894	0.0068042774292669354	0.0061100735694628395	0.005513693405203761	0.005027802713323506	0.004813926163218225	0.0044701454373139654	0.004211318560634736	0.003925974335771437	0.003626685941548618	0.0035627070803685105	0.0035299244041494386	0.003397677330318743	0.0034987830047557584	0.0036827648913618552	0.003922916339257468	0.003895964795433091	0.004123909612380528	0.004290479463751795	0.004408098537621822	0.00471508955890837	0.0049863472344709526	0.005166325871603989	0.005122917195492911	0.00517678773484528	0.005011403628789863
CC610051	p5	0.08829282905585817	0.046553265995600925	0.03579987912197716	0.029569781512844874	0.02642785281168686	0.028142522526932938	0.023726859447727348	0.02611248362819915	0.021856483776970675	0.024990315308280733	0.027233006882475323	0.03476986503476765	0.04628419662923066	0.06495507084621831	0.13734635956187155	0.32485889148763564	0.18804357114718506	0.06813970995862481	0.051757084650938624	0.04359376612399444	0.04361253160553822	0.041812751213870854	0.035357103127209244	0.033495974921905994	0.029514177549267485	0.027449608338196093	0.025057636472965404	0.024022997173582604	0.022533138112187857	0.02103274840888239	0.020305377523063273	0.02095248955597903	0.02437527349019114	0.01973269621803535	0.01495650312819346	0.012776760148551529	0.012386622025868979	0.011878781977578376	0.011362173927235259	0.01082643711870868	0.01037691524743763	0.010427501864558694	0.010186296062566604	0.010034009246821046	0.009895663244261495	0.0097701406997107	0.009520318759206592	0.009506537135553916	0.00932562493317214	0.008991331070621819	0.008551117048694611	0.007847462855995023	0.007234658584475568	0.006747390263306333	0.006365941841168868	0.005879110779324638	0.005466007026335687	0.00514576542964867	0.004847085289095308	0.004551876913673984	0.004303666993972768	0.004073922077105069	0.003781452395396642	0.00373907257597143	0.0036433776560419	0.003568579938432867	0.0036683072145161874	0.0037182025997017595	0.00391335347035649	0.0040974564891227685	0.00424718840750964	0.004510707537215218	0.004772256319633604	0.0049877205180348045	0.005121137463295749	0.005396090610890211	0.005558987618280824	0.00569571115597571	0.0055657832896287745
CC610099	p2	0.1196260802205312	0.05796321344558851	0.03984081283523603	0.0304669949608657	0.026427494300268296	0.02334192720827235	0.02278146066013625	0.021553188883826024	0.02083133479000035	0.019496107056285003	0.019880965569657193	0.02100861849372843	0.026117592887135607	0.03468622386497884	0.04365160900986538	0.05027569471989501	0.05297009569254483	0.055493123622166664	0.05477239997683587	0.056661147119947707	0.0601703163229035	0.06265266884868341	0.06422530487210991	0.05973567354800726	0.049722182811402955	0.04230638380638572	0.04147443390397222	0.039347265138285174	0.039420367626090816	0.03918116916072226	0.03731208132411508	0.03505299539195751	0.03349440480318765	0.03230878398230824	0.030893099196999185	0.029732057309225107	0.028234763263691696	0.027466695183935835	0.027189496901703924	0.026293286302093273	0.024593776987946715	0.023916171734760534	0.02345339212690042	0.022881620525196076	0.022354691389993592	0.021868560364626238	0.021629655588020262	0.02059716527544575	0.019128809508996175	0.018680406672272044	0.01753311118656801	0.016412748641681543	0.015142732969969812	0.014292728850335931	0.012769817398349571	0.012602486172047274	0.011561445765517204	0.009937498632734996	0.0089341051876963	0.008395146217902673	0.0076438446668455244	0.006890050697295455	0.006415375425266481	0.0060019456589428056	0.005643703402065862	0.005270172919112575	0.005165648677956449	0.005107557443019098	0.00522512845942491	0.00526519967225809	0.005405921456277821	0.005681278418564097	0.0057357380812401385	0.0059226947506168075	0.006002092279918108	0.006187471387763348	0.00623650850802395	0.006184181781408179	0.00616588042351707
CC610099	p5	0.16226134105353918	0.08624408746952046	0.0610952733792236	0.04387360474714764	0.04340427788642201	0.04165258578768764	0.045873783280824344	0.043656369146439715	0.0379936675021339	0.02944122401412235	0.03235179211962892	0.036767043316086774	0.05256442576654544	0.070711032378401	0.07537468136872898	0.07265694028672877	0.07104491194974259	0.0687272445489301	0.06770348421410839	0.06883700490619077	0.07112862649464856	0.0654942796994858	0.0504883406110018	0.042137737198849924	0.037311231924970475	0.03442068461700285	0.03262464665057583	0.029593672524795066	0.027840533719619875	0.025547187075556838	0.02319837931808769	0.021568802498450248	0.020549750392483468	0.019283639316376593	0.018273998279842982	0.0176027142526675	0.016829600272549403	0.015666497519191823	0.015461724849766384	0.015087605124902584	0.01458080911827492	0.014140333419644834	0.01362013033700458	0.013178570750920644	0.012766985380950495	0.012382637654497045	0.01193206564195778	0.011322839501814416	0.010730603166505108	0.01027416867278671	0.009852218329630017	0.008644466658105717	0.007915953447999273	0.0077573897715595835	0.007276389181503971	0.006655460999131994	0.006222303034389393	0.0056895395436838735	0.005271653166049114	0.004908573812708401	0.0044104140084294165	0.004133379059364056	0.003972976725632464	0.0037171271887819894	0.0034832730111469005	0.0034684522168409006	0.0034695949216659535	0.003419307514642834	0.0035152487390318126	0.003650269974985146	0.00381430808572033	0.003927590267271428	0.0040756682868646745	0.004273269473686485	0.004410890428570894	0.004493291767638248	0.004566909380507768	0.0045774004008984764	0.004567560045986589
CC610308	p2	0.49137933835924835	0.1671821392865689	0.09268741638893699	0.0677692672763112	0.0538059054062099	0.0462505403786433	0.04308843160100086	0.03975522786411508	0.03600899833924071	0.031656021603512906	0.031202544273889698	0.03259418005045912	0.0335892795651998	0.03365801007601285	0.03467123034476518	0.04085511308651738	0.046417617527508316	0.048058659799263354	0.047449406861969516	0.04420663590166362	0.04038820402957298	0.037486132891420255	0.034028528585635515	0.03197076757194284	0.030055380857778688	0.027969707349399506	0.02607179640379049	0.023913968175909645	0.022232238615295122	0.019825972463157673	0.017975408263136514	0.01718033462424378	0.016317350164799557	0.015558535438900331	0.015303110307929574	0.014663677020245538	0.01429221727589653	0.014185085624437538	0.013949490307181569	0.014176233916709528	0.0153406232736718	0.014911409184511481	0.014226891362620694	0.013893096799945069	0.013580989585718833	0.013288754597495343	0.01284724536223214	0.013743201221462659	0.013062203888530292	0.0154703569021601	0.014979921223119268	0.011010897400877776	0.009920419143880293	0.010945238789716528	0.01727817927830293	0.011165063085089572	0.007189765916619665	0.006484999551423596	0.0058648816184937915	0.005424909191177001	0.005194470992493174	0.004816669445801497	0.004636351488533555	0.004533489854418643	0.004320159521022463	0.00438583496495859	0.004300404338281572	0.004425200973999653	0.004628134782843122	0.004680126472038003	0.004835095650408084	0.005305549697126506	0.00567865956022744	0.005777925107181942	0.005924457291065731	0.006190886167318541	0.006116871708156356	0.006309630805667856	0.006341198205225121
CC610308	p5	0.36540461034807165	0.16576483769497755	0.11074361283234427	0.08952261290514217	0.07948670872655314	0.06964684326127075	0.0663412625411044	0.06328901723498824	0.057004996104621716	0.052257860280075036	0.05084677831520561	0.05007561381299207	0.04910171089809822	0.04708808065774557	0.04752696460896059	0.046835309793572096	0.04444697619581388	0.0418115869416267	0.03844420653135244	0.03384374677812614	0.02986726411386425	0.027225351765662122	0.024797964835723288	0.02328337392639107	0.02226242589879262	0.021216510844112312	0.018598998091415804	0.01696263261631893	0.015675054800090578	0.014177910902994976	0.01296157105894328	0.012786390613054751	0.01231068256584166	0.011427357565926898	0.010920075613504518	0.010745015558551533	0.00997667696943314	0.00966596207379642	0.009792185611475473	0.009618333069045427	0.009433626185193169	0.009350116050085665	0.009527447251948972	0.009570622229768906	0.0096163852354315	0.009664559384549784	0.009762844849219753	0.009568659525162136	0.009399105527510578	0.009025352290943684	0.008979899376062393	0.00889536695609991	0.008038580845521082	0.007953002308604419	0.008023004434493945	0.007828597240538847	0.007128499911383638	0.006484314510517541	0.006003972371340464	0.005770371098788996	0.005817884162296683	0.005460282518322751	0.005677579981718233	0.005360392665678183	0.0051477145728585265	0.005313355568225855	0.005196297321178552	0.005295689921379474	0.00576076090112775	0.006120094374344245	0.0063311193904074395	0.006583412814713919	0.0070478032993904986	0.007487347772503429	0.00778317752360212	0.008034608430083509	0.008212038348265041	0.008348766655657487	0.007889152823070419
CC610392	p2	0.05931897054891641	0.035867720811563815	0.028134020379726187	0.022590438143899355	0.021507383811039005	0.0201644207624821	0.02337145064015446	0.023250756900546416	0.028459506502475605	0.03367753863746717	0.04423081811234747	0.05810086458227369	0.10729942544838343	0.20881184436358222	0.13230739900363375	0.11560308117892934	0.1488935540361464	0.08322092006062282	0.051823409758602945	0.04288021252552287	0.038760079377886496	0.038373897012036494	0.037671785257182254	0.03689302273152901	0.03648413962438356	0.03438223358836361	0.0325701789131942	0.032285475233790814	0.03340373166417489	0.029409291104644474	0.026309130304602118	0.023636425477051498	0.022035253270858368	0.021917127733833492	0.02235635275394617	0.020541261582269873	0.018968087158171307	0.018246688263358606	0.017368407495325183	0.01682533932012734	0.016317469200229882	0.015537983463228242	0.01296247248748076	0.011678783002704859	0.010565474314476029	0.009595625977976802	0.008726892887713462	0.007999012469080571	0.007151135441736779	0.006504840054994804	0.005970584938350838	0.0054603114329857564	0.004842515390742108	0.004386524816939489	0.003985588398339593	0.0035523183435585324	0.0031539781913647426	0.0028721545378936637	0.002660144634172395	0.0024192433421954046	0.0022415303618456926	0.002099223218771192	0.0019122001514147932	0.0017902500305254877	0.0016962320224317537	0.0016845231152684214	0.0017010307474413034	0.001700339745963293	0.0018061180662650557	0.001778212640538957	0.00177962582785311	0.0018634272740879613	0.0019262446119813412	0.001991149888467908	0.0020363257598219487	0.0020943600829036024	0.002121031723962908	0.0021135515733410907	0.0020588220607250596
CC610392	p5	0.07900590774579695	0.05655265642601447	0.04496324671226917	0.04264209513818764	0.035832308980553236	0.0348010603858149	0.03255745177241665	0.0340549128878908	0.037789938597091476	0.03975874421778316	0.04919406728339501	0.0777776346087613	0.19619714542177066	0.1815499459893057	0.10373916797782737	0.07303161326646221	0.04808803294133842	0.039688792086810386	0.035813282949589714	0.034639036897774846	0.032561618812415455	0.03157741425772602	0.030193000910804464	0.028460832072182134	0.02818421127069172	0.028910525025296712	0.030415610567040424	0.030198336655769032	0.026691598714037566	0.02375902079397054	0.021554069583510742	0.020017579024425074	0.018808980142155818	0.018643306881282733	0.017300712843705202	0.016907142133103913	0.017297440054611524	0.016880463244883216	0.01595997998240911	0.01540632354108837	0.014018392528818546	0.013239152541741869	0.01241136791019597	0.01180159115183407	0.011289655687186595	0.010856871061934588	0.010145347217678966	0.00998307778516513	0.009841666436626234	0.0092895629638559	0.009134421396260823	0.008165673647937143	0.00773544401369799	0.007537287523682865	0.007249814167500293	0.007009945911240506	0.0066085891426236965	0.006107939474366007	0.0058208652566652235	0.005590859043729427	0.005256066056370072	0.005043534720097165	0.004782621032577593	0.004604691995605082	0.004617283938337906	0.0046707413141728075	0.004707760480393503	0.004865411019894387	0.005195736434621786	0.005400028122475974	0.005747594552208554	0.0061535702234721485	0.006770487582950375	0.007127118979420542	0.00713605509099549	0.0073890825386230125	0.0075589218513485625	0.00749459410613202	0.007477840344991928
CC610405	p2	0.5236680262176228	0.2587022340014605	0.1320592123055508	0.09136545502553976	0.06009990479984453	0.0507019982410251	0.031484677460039606	0.03550736452007729	0.022492710763316433	0.023633512805151816	0.020226992851300436	0.021639425709650027	0.023880740692019058	0.016264152260293232	0.018890938841581502	0.019407813966945766	0.02490398019527102	0.03122373700259552	0.04052175084377608	0.049049149947559774	0.05213571305598046	0.05540981613297987	0.04838311750386987	0.038034161585766654	0.03079802673294312	0.026604528010493345	0.022891425638840467	0.020412120841574483	0.019402041072343598	0.018384398333735393	0.017892237663455834	0.01671516716717588	0.015961834340670764	0.015006015951470037	0.014390135986016385	0.014697230558505744	0.015280760044050946	0.016254160947306022	0.01707812868735184	0.019066718986019603	0.01995433730621561	0.01959255689500715	0.016939747639165843	0.01582697125088116	0.014838809787612883	0.013957774085319929	0.013158950534216214	0.011981540972762203	0.011263580633993643	0.010316902171590328	0.009073440095827449	0.007941396756918791	0.007386053519440796	0.0065494047093030035	0.005839661756192649	0.005218710234745917	0.00468970318152615	0.004243496748200074	0.004004347200334302	0.003748758805156713	0.0035511823611250088	0.0034020468776314247	0.0032413548529667347	0.0030637438121828607	0.0030016266740766112	0.0029567526466289904	0.0029254890211379268	0.003061543742656355	0.0032065662860440696	0.003331268663309664	0.0034393931020545204	0.0036494724929275937	0.003706330441018924	0.003844907595130548	0.003971002429764741	0.0039918476877701305	0.004216288374319116	0.004212388005281537	0.004026292134404837
CC610405	p5	0.565072921661883	0.18772543673421146	0.11202039610007877	0.06934577659064768	0.06130926597233601	0.04231667306344009	0.035963964407586924	0.030345485239057682	0.030301620420536052	0.02420759496129918	0.022030663922981808	0.019201466908605223	0.01999912367155786	0.021695060368347244	0.025026210237449262	0.03063329295615532	0.03717933746278033	0.042719005165688384	0.0503864212398397	0.057694756873569744	0.0662610630279382	0.058734581685316645	0.04695025455902426	0.03784799011848308	0.030455427718362824	0.02514870676987862	0.02258418615618367	0.021435902533768945	0.02037413522020613	0.018824218342465976	0.017137203505867223	0.016294027539485466	0.01529061013264746	0.015003794025782885	0.015547992133280683	0.01568695681656138	0.015736395434746694	0.015986020163619066	0.01738595286526217	0.018002185430081655	0.018559199308013814	0.01893348413905182	0.015895284587579123	0.014852026897729381	0.01392311253347423	0.013092928958142376	0.012366694889087327	0.01140696525624766	0.010317982452652266	0.009534259493097726	0.00879981030616548	0.00824450683895192	0.007692093525947203	0.0069489019279432036	0.0065271200577162155	0.005920189170931905	0.005580044819496921	0.00533017748556082	0.004824667951238419	0.004535602391630502	0.0042648568185730895	0.004094072783747364	0.004067092025170997	0.0038967488501222575	0.0037535667888861026	0.0037622755530518377	0.003842852216797816	0.0038085336605764046	0.003908393420345177	0.00411966392994893	0.004321696302308876	0.004597108162911452	0.004876041362579901	0.005136962774232795	0.0052989530187239325	0.005517832949159769	0.005657605906235284	0.005545248621720752	0.005839649116351869
CC620017	p2	0.14937740433636298	0.07533672403958151	0.056575846267506794	0.04696575693003298	0.04008254787756217	0.03501600161157618	0.03275671656240936	0.031626795331714024	0.030988100169159375	0.034071011898725585	0.040555154988045086	0.06914904726325467	0.18829360447751672	0.18861377606333307	0.08452770737261749	0.06365123439288825	0.0647218299563528	0.05318325823546047	0.04342678768472826	0.03898552742154294	0.034062623818560525	0.030778353589640456	0.025546221355911843	0.02267545250094857	0.021815896246561727	0.02184435526514039	0.024271585810233736	0.02392273191400791	0.02111840923729226	0.017545241288675465	0.01579146170924559	0.01463973554159308	0.014120767797057544	0.013587597303471621	0.01343255936720473	0.013087634621826723	0.013264333460447697	0.013149016381739657	0.013558770296716144	0.013881423179820752	0.013483270731474161	0.013148171258379963	0.012642596569602775	0.012276371848116217	0.011936147604038674	0.011619554589392586	0.011347078416823935	0.011257335874637609	0.010481654665710584	0.010710147166615933	0.010507130108484582	0.009671223358880385	0.00915142289401838	0.008916792099560629	0.008656764790292818	0.007985063635715661	0.007595888849497085	0.007174254898932786	0.006698658825579279	0.006363994438960305	0.006000009442428397	0.005692568651839819	0.00543296550024763	0.0052819546517919435	0.005131309339392576	0.005202440066940954	0.0052609620401300235	0.005532599559715997	0.0058680830784459325	0.006123553769623772	0.006583053094420129	0.006782901597201241	0.007315683273728657	0.007604535876671338	0.00779796693847557	0.00851301836581957	0.008926213811042449	0.009276558142120472	0.009479597553926673
CC620017	p5	0.4851172475537904	0.154226392066194	0.08211588141846764	0.05665968597489892	0.04473838624541661	0.05470002511568397	0.05105113986786142	0.04915094929873761	0.04545612216965745	0.07152416249187202	0.061268583675299804	0.10454934560054518	0.1473318788861556	0.0952880421113892	0.0579097765338763	0.04939671330981933	0.03970745231896921	0.031308098068878853	0.025681951150300884	0.02271642300107311	0.020880182453445233	0.01865501099749685	0.017662309070462175	0.016351457818254263	0.015899138068748184	0.015922331573990256	0.01586108464393461	0.014348514808724086	0.012689890614545623	0.011126154950832499	0.010387159994168525	0.010535495496618247	0.010481041390866195	0.009162894609055705	0.008797857311949122	0.008919567047935555	0.009159231563553995	0.009504760227940215	0.00965328842947044	0.009688179658734529	0.009756382838203084	0.009573750728219642	0.009423231101579695	0.00929889756642575	0.009186885904032382	0.009085876158268748	0.009023094440615248	0.008417385619870172	0.008338402110216964	0.008171373564404673	0.008034471393411922	0.007644037206797868	0.00729617648301187	0.007054480562772139	0.006791981829741481	0.00642140462057872	0.006099402926279395	0.005613624702243476	0.005454361711432857	0.0051976612353545094	0.004969512676689505	0.00480038158137039	0.004635372812281305	0.004370545020526443	0.004402315529123569	0.004285933699944778	0.004262882157488614	0.004583468921120996	0.004801953962332274	0.0048793623543495306	0.0052923294838948046	0.005659620517019939	0.006019330176315992	0.006447415115500901	0.006803805013936991	0.007109614865621294	0.007067386829261544	0.007048776663460781	0.007303852207162198
CC620164	p2	0.18343208056299973	0.07495892333778968	0.0458556469494884	0.0324935619407026	0.02646512474888972	0.026440101699034414	0.02526173898743224	0.027388642143072486	0.028815039431881635	0.03040371326602081	0.029568101100346723	0.029080935147776096	0.027206346283806877	0.027853467775845357	0.029359436919057947	0.029977783313747557	0.03160674107998337	0.034661814886607425	0.03783315472563067	0.03867722221915312	0.03812002578374525	0.03902205764215486	0.03837676036453849	0.04005658287599967	0.03973255219748313	0.039870274718326125	0.04059139572951618	0.04008942911021845	0.04135203688646812	0.0418873864426615	0.04066288278682933	0.039065007337408586	0.03815623038094816	0.03729383299769858	0.037936296374590915	0.03795089616754232	0.03622400668816091	0.03565531927997053	0.03698834530852578	0.03847865765520011	0.039146149471350394	0.038359702543466996	0.03202411996210641	0.02935347868395507	0.027012116820407984	0.02494824366926193	0.023241084159906535	0.020363408765930145	0.01932275349043368	0.01936974167835836	0.015253957357393757	0.013948378177239125	0.013305734770914509	0.012052163040932144	0.01116023557543365	0.010230934840280714	0.008977211656198384	0.008364328611595742	0.007991746550443789	0.007261283994518062	0.006818013131227953	0.006714009442028277	0.0061614367192405674	0.005744087549168985	0.005519192956978078	0.0054428098433466675	0.005332665341000268	0.005313199812858021	0.005735913515308509	0.005681269142372813	0.005899128663173119	0.006256385858413468	0.006306072926971861	0.006508968945871447	0.006860424373379248	0.007120966596318007	0.0072600279051074626	0.007047029700506804	0.006916221581693418
CC620164	p5	0.0748989818532106	0.04808045990618958	0.037522577997488496	0.030061034252189697	0.02851772608557764	0.0259865800135703	0.02869067573042693	0.02736965472621613	0.028888511400794563	0.031722937927255696	0.039591557052709836	0.046509184769310166	0.04600878728358552	0.042203019736647904	0.042994267584435475	0.042638277728813054	0.043892032061378754	0.04573589456955986	0.048581396391803935	0.04837729076379943	0.04528413170769617	0.04291557052508029	0.0428702832285017	0.04161798970139245	0.04066746723077719	0.04068875932787734	0.04015460266450106	0.0397786723651159	0.039276261825794995	0.03767220136612129	0.03473378458551009	0.03469398423665147	0.03351808605172451	0.033806765770956766	0.03270701048513198	0.031095628718292936	0.03326148359882523	0.03471453443840666	0.033149743476622674	0.030208164040775472	0.02786777084571176	0.025279993482180296	0.023333862458119036	0.021519736201917175	0.019932509390485364	0.01853671925627651	0.01716612593804101	0.016572752322254313	0.015989785395384253	0.015466397293547037	0.014947492367712222	0.014224439641378577	0.013512280866105059	0.013270712219054312	0.012751178696918046	0.012059775805366362	0.011147170620943439	0.010615469315327926	0.0101582957456253	0.009471069198298375	0.008952025701611266	0.008719615719040275	0.00816736980166493	0.007943331717261703	0.007625650319416271	0.007742980257791628	0.00774938711873743	0.007854975472082176	0.007831750841311156	0.008197319614156635	0.008601027266031418	0.00881757454269048	0.009206572668256606	0.009624594999230343	0.009912491004619139	0.010342976426293242	0.010042404128563312	0.010150991826787201	0.010113882519388438
CC620193	p2	0.05629501978553289	0.03369039890039533	0.026375724128608863	0.023987900333385895	0.022487327872904247	0.023559326482554363	0.022973935584592643	0.02347085938754623	0.024335470551539534	0.024638389484003816	0.02515938983664612	0.02696115475788046	0.03294265030966494	0.04254200132983444	0.05849689461505313	0.09938593719657601	0.19957332469180888	0.13038412595175788	0.050740285025164256	0.03894756226429257	0.035949182964410784	0.035437577561354225	0.03485445338017827	0.035655103658453244	0.03467398184094149	0.03458099135085569	0.035564585659674956	0.03587816481617774	0.03636359275310383	0.03649165280082887	0.0375784279817702	0.039020435330419295	0.04037778995061278	0.04365446255479508	0.045174000310605346	0.04087834643958959	0.0347559551377276	0.029499319057830473	0.02618784348727229	0.025976225678325825	0.025043352997444434	0.02260582985495875	0.020688624890256135	0.019005032585027885	0.017510726656590536	0.01617945686067223	0.0150133494649148	0.013737740202022479	0.012915620907237767	0.012722887948741718	0.011916691614129029	0.010981429209259107	0.00985424200873958	0.009068724239172704	0.008166668375044534	0.00744523309236687	0.006498213482139271	0.005861479875231893	0.005412309668935959	0.004945267324246963	0.004573389204321137	0.004112602491540983	0.003925108417822025	0.0036935510064991833	0.003453416274630524	0.003379236720674098	0.003343948299127536	0.0033215759924852973	0.003287697116482826	0.003378305629504498	0.003488433887151142	0.0035479669669036987	0.0036175393084182457	0.0036461797961522932	0.003651891482921652	0.0035877079916339766	0.003700797711823567	0.0036073956419722126	0.0035162269817981366
CC620193	p5	0.18556103053299278	0.110010074946223	0.08118692492014051	0.07852682023407885	0.06846579358151726	0.06528616574966715	0.05935499546358942	0.0513160352443804	0.050806520176417444	0.04851354928016687	0.04976215721933957	0.04884091362111265	0.047052957806670605	0.050612900032972155	0.06542529119623816	0.102518347856428	0.07429059469150062	0.04353854624550801	0.03752009856838879	0.03496805967121251	0.035125427609546414	0.03525687586004154	0.03358091412477585	0.033960488499318923	0.03261535317136129	0.030604402263111865	0.030140150734123707	0.02748191987537634	0.026742097148033113	0.025690083082443194	0.024801108243636707	0.02596208223632551	0.026026156328122184	0.02325998132478117	0.019696889529291703	0.018050216427396227	0.016663573719055223	0.015368377632687056	0.01577094910563241	0.015535780232864565	0.013389305638052521	0.012877624349410154	0.012372709080498088	0.011856063953086556	0.011375515466620701	0.010927719452564119	0.01038388102033667	0.009948822362384434	0.009450535013219232	0.00926692830151457	0.008700960530174643	0.008139887715819602	0.007505091293143027	0.006601008612848427	0.006069272145030086	0.005541263233730518	0.0048348573256080446	0.004628251460281846	0.004343860699762584	0.003910277229854294	0.0035178953390468887	0.0033481848763865633	0.0031607796163528896	0.002962787678351356	0.002865740129278901	0.002798645586359641	0.002663604002675249	0.002636381822993192	0.002719680353097245	0.0027775114477495673	0.0027735697696973614	0.0028352664821473276	0.0029171372933541858	0.0028953454271618867	0.002991753998657802	0.0031047639870340196	0.003092066639310244	0.0030553862885973216	0.003299150915670867
CC620321	p2	0.4132627960204708	0.16195140478277648	0.09193730606121482	0.057537241713529155	0.050726041209854626	0.0457620639319356	0.06870042485435095	0.07459902248649289	0.04909100306945621	0.0623886683027648	0.03208736590725341	0.03913431248858399	0.03335572999158005	0.04625873040076827	0.05780294304689312	0.06817676157330003	0.06136283212138649	0.05851778218229878	0.053129920284952815	0.04409536278606919	0.036489638888271066	0.03041950362831169	0.024699878172847686	0.020745079540836927	0.019067635462586007	0.01707539246721221	0.016538797510503547	0.01590767211437226	0.01587935533989111	0.015104290671884442	0.014826022258240866	0.014254559208426934	0.013908711007695763	0.013155938937314999	0.013138159837313406	0.012739411947694275	0.012474621761736108	0.012371597220540055	0.012598598491015354	0.013410025737350716	0.012810916621175452	0.013076875115106676	0.013477904743846627	0.013723513172912998	0.013982120268763389	0.014253723472375801	0.014500027590254965	0.014939893841435223	0.01428361184096696	0.013315435403855765	0.011833788783989548	0.010035669033487784	0.008952116671138885	0.007935353944681192	0.0070104272901199	0.00640524845293248	0.0059609028738346745	0.005433902300148764	0.005172144272522833	0.004736602555021774	0.004268756146147189	0.004163172024760444	0.00401511453903274	0.0038891367508495115	0.0038408827134494596	0.00373809780592546	0.0037563428858771648	0.0037019863194203825	0.003868017243233652	0.003968038633655365	0.004185982330570538	0.0043797784589500715	0.004430933692725827	0.004884685426215274	0.004880415044405249	0.004990479461339761	0.005313468781287168	0.005302393090825134	0.005061869986031918
CC620321	p5	0.12679725694280142	0.06416386409173323	0.04948278804301107	0.04221519263352453	0.04204541773048541	0.04362639536568912	0.05889431597291429	0.0848275084513983	0.07454376534753224	0.06313073339177497	0.05272046499344427	0.05319911550150487	0.06466149693061034	0.07614505544009909	0.08748126552259672	0.09094499077877102	0.08831891041934445	0.07633302745895237	0.06465714617982693	0.055049452156905126	0.045807363364827144	0.03964617290420032	0.03188038841191536	0.027113064517183354	0.024402016518383446	0.022972605093414176	0.021878130716783573	0.020885920940103987	0.01950666096703517	0.017951880547486077	0.017146221682671953	0.01639315180880673	0.015836813512029983	0.015253483208783097	0.014833116068746065	0.014363788318362818	0.014325094140445681	0.014257200198644961	0.014550531649527782	0.014845494196216232	0.014542057320436487	0.01498093546517104	0.015224925606819081	0.015498111601150898	0.015781516988609936	0.016075040106823948	0.016503827710130835	0.014578322854181864	0.013292452838875968	0.011900723985799057	0.010382986554376016	0.009631914625974212	0.00832292627234527	0.007392136555879806	0.006888689020618333	0.006257336616041716	0.005679339220231155	0.005169586924425033	0.004618459196720172	0.0041772420896316505	0.0038668389894200668	0.003604999964751359	0.003385191961841462	0.0032889657388560376	0.003193392663015592	0.003182023399363479	0.0031140591689073883	0.003107687407149614	0.003117956943274532	0.003202937790952014	0.0033198454426132604	0.0035138678936731185	0.0034281324701633965	0.003449197682698714	0.0036072594697877103	0.0036934836855274113	0.0037240743954926633	0.0037533710304215335	0.0037190974015223685
CC620485	p2	0.17724160939199496	0.0885824112759621	0.0603459113029867	0.04579626919319128	0.03907621765845509	0.03361928750049418	0.031120345207925584	0.02999399218405843	0.028545419783820858	0.027389075120777415	0.026744215400910563	0.02667267204502587	0.03138815888704184	0.026104400314315546	0.026929608426172428	0.034676430179813277	0.06196988585235677	0.07896383888726244	0.06420824250481035	0.042082775034783616	0.030455578719944948	0.02559758022223372	0.022931920882653854	0.021425027326723838	0.020980352455631696	0.021454813678165024	0.021868496694143306	0.020165403455800895	0.01995114837179028	0.01985223579146628	0.020658169927062976	0.019564129547734038	0.01965572901696251	0.020823692777956097	0.021496034763841387	0.022216753592969915	0.02247040149402024	0.023726640471140918	0.024034833050652547	0.02324651912588973	0.022796508438259807	0.022253840306842656	0.025407692717723522	0.02699062796453114	0.02872368485594203	0.030621271568821468	0.03269987782524252	0.03608969178011462	0.03637348638721496	0.03694590294686235	0.03336795615027058	0.029055943699674586	0.02537071437735692	0.02183576275589161	0.019575682370039014	0.01688341617813865	0.015153025526212819	0.013136207210621675	0.012078782430465404	0.010832056487159878	0.009769719552821464	0.009067737518590814	0.0082926051470836	0.007975084432458814	0.007721892280295534	0.007684784542225318	0.007696484430020281	0.0077866064013878316	0.008458610879685921	0.008440332946945088	0.00863406069591381	0.00916687362383344	0.009583503879021413	0.010050623982721356	0.01033270568384875	0.010653416586919952	0.010842204536950593	0.010881141609889759	0.010728112938107862
CC620485	p5	0.15427830183720642	0.09235316753909034	0.0649900689345155	0.05277877199240655	0.04347061846528578	0.03980469295774773	0.03645537001466206	0.03428962930579274	0.03372943976882501	0.03054062217550729	0.029141559177124687	0.027858889242311377	0.0271096680744938	0.027059069958543833	0.02795831198047597	0.03278400427463335	0.044799652703740554	0.05207445747856675	0.045573199064298624	0.033947825272357936	0.028339976140954414	0.025853726160508753	0.025125268807649145	0.025542438162464855	0.023758156673145132	0.02289510327904755	0.023075196851573894	0.024336244001608096	0.02365491665625786	0.022081262851091042	0.020464737861465687	0.019883677550599648	0.019995380454653443	0.02041670901009501	0.021000689594986553	0.021983986931120404	0.022458826879397025	0.02336819831340348	0.022461859370248305	0.021112989006297437	0.0218348687894316	0.021812960742435595	0.02584346933497068	0.02826250544625514	0.030909685139509212	0.033805006792285056	0.034974721619778756	0.03758368302756579	0.03691638017326716	0.03621277978447752	0.03226510895694566	0.02784578801826201	0.024486545976467447	0.02126597082777288	0.019354001491110016	0.017160857595505064	0.01539863449482142	0.013910156816611596	0.012298397945362449	0.01107298010492056	0.010277559650276212	0.009462450874045335	0.00895015591708341	0.008701078530084954	0.008298280436776887	0.008201971012188097	0.008472461811335508	0.008485807161177012	0.008655280198070669	0.009086396077381799	0.009574402614402852	0.010314636612328973	0.01070606527981254	0.011099498668035696	0.011693502557377944	0.012062712897273726	0.012104119447911118	0.012723625455108323	0.012495955732045151
CC620496	p2	0.07371903204992888	0.03978681748189811	0.030192285731786117	0.02451150843031113	0.0251690595651325	0.021436016599932304	0.022359944173714827	0.01904239591790826	0.019394851778974518	0.02007646334344919	0.022994754898614404	0.02865051245460541	0.04494073303512016	0.076850542024521	0.1063824841807823	0.12561539393350235	0.1909775537515423	0.17047576977502413	0.10415128056108615	0.0694305634998971	0.05197327670440241	0.04397927226812494	0.03958662337685966	0.03525988340804232	0.03292372576441694	0.03196720075379943	0.03070699887962032	0.029017370166679737	0.028647079598418775	0.027578600363153613	0.02636913142976411	0.02366938367831966	0.02276533749049152	0.02195210039408247	0.02230176192825981	0.02149245837374469	0.018710968495081734	0.017194725555513	0.015067401791750114	0.013787891800839537	0.013090377487036385	0.011929410205959893	0.012314025309227724	0.012061803895473651	0.011834679072462299	0.011630407663146098	0.011498322257020643	0.011767461535589075	0.011899102915695679	0.011619233011013676	0.010227167803509513	0.00906564721228816	0.008325518210477787	0.007521740291055554	0.0067278026738915855	0.005818714955244919	0.005067954022611459	0.004451205030397222	0.004031209732884449	0.0037840000734668364	0.0035295784656748427	0.0035322869721024558	0.0032550413106463214	0.0029694325623218633	0.002854698965370032	0.0028105739929411067	0.0027666584977789257	0.0028161868215001436	0.002969641521051832	0.0030719262482583813	0.003177476143893527	0.003275013267971147	0.0034969666020655986	0.0036436166113279224	0.0037224352459898076	0.0037421539535466876	0.003746190428619852	0.0038065137413047165	0.0037963718101023188
CC620496	p5	0.2371336053492239	0.10103580914515166	0.04211589711194699	0.03932422357130323	0.02429840427720862	0.027405945142317728	0.019255916421300368	0.01887365797132108	0.017499432225269087	0.01655153917170907	0.019204334087766676	0.021874963659759362	0.03887061444213336	0.06402728014561744	0.07690353446792522	0.09418004123797806	0.17678089061474755	0.23331851768601408	0.12203559007371118	0.061458798807108174	0.043375393666577826	0.036356473803096936	0.03172909552942828	0.027566996134958926	0.025781142473150314	0.02317421543903497	0.022763956499972426	0.02327898981518055	0.022450941780063884	0.021553906990077254	0.02054189166114942	0.01900968565192209	0.017243872359269583	0.01703096183990128	0.017550413159989127	0.017099033391038604	0.016269758031084165	0.014468965972484841	0.012277406160092465	0.010900182277668596	0.01040782827613613	0.01020819834937365	0.010319228705391785	0.01030668122906495	0.010320546131068154	0.010359675414873688	0.010207868931948316	0.01029193295537849	0.009988202872168594	0.00975583697510423	0.00912812727238983	0.008376782979043351	0.007549086766341914	0.006766089087910788	0.006142175230002158	0.005513596873445997	0.004859687344111305	0.004304793232997702	0.003949492046909564	0.0036251088800155758	0.003408436003312979	0.003242893140395275	0.003067004319665554	0.0029114693497336677	0.0029281548655795014	0.0029114012452773107	0.0028795025364913517	0.0029161461982592472	0.003047060134944232	0.0031859451532666276	0.003299977087453691	0.00354258940759247	0.0037584704585102353	0.0038599235464682616	0.003985443715630978	0.004153582418557105	0.004163336395240338	0.004240872337085527	0.004222753123633744
CC620619	p2	0.06517679122800571	0.036909456140611335	0.02594619017837679	0.020104425084850757	0.01694193149106128	0.014421727669043056	0.013672666201000017	0.014392471441917961	0.016243122704317832	0.0183531935960235	0.02095143289498494	0.026416712995487143	0.035228978469012885	0.05044618420851676	0.08260529551790424	0.1352468759177121	0.19002934921222575	0.21666103064613457	0.18691755721113948	0.11298040994092447	0.058575017878191346	0.04287934194444722	0.03874045120726987	0.03736809524242757	0.036083555414100875	0.033484126770918526	0.030390883875054307	0.027172111743858293	0.02608858930884863	0.025003973758657816	0.023243306206528296	0.02267142160745242	0.023235596120355705	0.023499062491605587	0.022114483401428502	0.019990974522135857	0.01848708185590329	0.017480816500460523	0.017125092961409995	0.01555033513385117	0.013115397588271807	0.011249248280865345	0.010663930008528284	0.0097016936512654	0.008871044674793513	0.008149437534530079	0.00754806970439833	0.006952769724781172	0.007055406965713254	0.006764496792333454	0.006385576109416063	0.0060964639891286695	0.00556006987783892	0.005152715566151174	0.005019451156449919	0.004341206574439122	0.003911248070025885	0.0035742361925169205	0.003362994055440344	0.0030703811528511693	0.002711667529579638	0.0024129439745318435	0.0021687494795458156	0.001964823572918179	0.0018198733747301272	0.0017570122021841298	0.0017116357101267298	0.0016953413303787352	0.0017041179088375267	0.0018149929742838687	0.0018417933573291695	0.0018838709598704342	0.002007233534870761	0.002050338716552559	0.0021012070294062386	0.0021673720152005607	0.0021543992426224334	0.002177507167945834	0.0021351143383865016
CC620619	p5	0.18820240997875182	0.0762284331175785	0.05078304488852633	0.04042792077241504	0.032588206961796644	0.02923979840139243	0.026166489258832016	0.02537095356677164	0.025801265638302113	0.027255627440249404	0.02948666642415305	0.03459566216831677	0.04817435792787642	0.07342342908169255	0.09939098605724755	0.1412013860914129	0.17410838863813255	0.1108747941773185	0.0760283810670516	0.05844057886506841	0.05024432783756031	0.045380174246026736	0.042047283255400525	0.038140802277325934	0.035220480848991625	0.031862981514005656	0.028727908784377105	0.026382220304691856	0.02456285625631455	0.022745374235346935	0.022109370242944165	0.021423451641289795	0.02102446277927481	0.02006926093510055	0.017694666540142512	0.015193415370494704	0.013298797150026928	0.011911314350240898	0.01096282688432434	0.010310586981023197	0.00999336580663112	0.009906335150507156	0.009670522712250941	0.00949875295847914	0.009342304367166127	0.009199929124067733	0.008973105761021503	0.008341240774976012	0.008102760528729125	0.007644764572320186	0.007655513520122467	0.0072423275602445224	0.00675854740370756	0.00622956844847452	0.005819453239691115	0.005560627651986311	0.0049030051065262785	0.0044117371413875785	0.004168914568008518	0.0038625670279397433	0.0036227865584827724	0.0035246199702296515	0.0033780757534119985	0.003281293662905432	0.0032553646951881316	0.0032336565256167117	0.003285086424437723	0.003260706572350839	0.003281891166253986	0.0033613698667547026	0.0036249040436422387	0.0038577716394174824	0.004118861924880361	0.0042980069329944595	0.004523345964853848	0.004393081334905868	0.00449407150809487	0.004606954229577062	0.004625339666700807
CC620659	p2	0.1367109110930885	0.07735313801981823	0.058548665923199066	0.04831189412500991	0.04361271893952045	0.03950364482092864	0.03657849034784882	0.03162847830615939	0.028936413419856536	0.02877723896298347	0.031404707997568525	0.037939976850364224	0.04242138162512462	0.04353369860672985	0.040722574099197606	0.03416594195279933	0.030746414969977143	0.03173927803486478	0.03345228530203592	0.03393278967634738	0.03338873399190868	0.03181513306239981	0.03192848282601101	0.033162160160101	0.03338069971846993	0.034355280206175905	0.035381945493946715	0.038332698137478034	0.041171902949401	0.041688602233010165	0.044544624700395295	0.04434911416674507	0.04172429843176708	0.039889289178506086	0.038726120572664065	0.036281364439345355	0.03350904369484253	0.032059353531445525	0.030540914785970305	0.029718778135813598	0.028338550906117844	0.026211362476446662	0.025186701277363888	0.023893019633636606	0.022714640832126178	0.021638661710216296	0.020636619249618852	0.0199467100844767	0.018705755358233947	0.017861960512400476	0.016591570923130565	0.01501147488952728	0.014202100032404671	0.013027759179301249	0.01183313772855199	0.010554462535735944	0.009506434984105774	0.008694762020609122	0.007822790048787406	0.0069815099580153375	0.006670367372031265	0.006281354151963974	0.005832813140744157	0.00559720367765014	0.005466331305104163	0.00529032631254975	0.0051839406974638	0.0052837307139981474	0.005375103538806332	0.005577951317732736	0.005886562430847796	0.006027666892016937	0.006375658479331147	0.006594565262306309	0.006842715945097308	0.006965362702195192	0.0070884559966757745	0.007157587347051967	0.007057180864702432
CC620659	p5	0.09527819999728286	0.0608839930446377	0.05033745030691793	0.04443315178348005	0.04324331278270414	0.04034488274386119	0.0373749552803002	0.0351041170428627	0.03108713686552586	0.03181782928249598	0.03702239885774388	0.044264326824464205	0.047304353738324034	0.04575137429677358	0.041817636880819714	0.040399507005099276	0.042806460615396655	0.04368143340937363	0.04412499485533543	0.04479081480084054	0.045693189019556636	0.04359380800830379	0.04433880978959631	0.047332948472369976	0.046827260746402394	0.04490393676247415	0.04380551344002501	0.043993709819175976	0.04233466184198576	0.04081769727298134	0.0400011983505498	0.038899655365781875	0.038114311113753414	0.035377847855273106	0.03311949258010341	0.03174417935475482	0.030685933276118516	0.029785188989333928	0.02770900411629879	0.02582539135546221	0.02560719986505585	0.024520657480017343	0.022670835600276783	0.021475437959260966	0.020380669225529814	0.01937568205649201	0.018416462175692882	0.01689489889430108	0.015898575044002286	0.014573379975965691	0.013210232298449202	0.012202722308072636	0.010873365850331688	0.009760262570159804	0.009099988937542903	0.008201906050568444	0.007409408848800915	0.006485511834100159	0.005889581966800045	0.00539782937505363	0.005066970868973537	0.004702515731688066	0.004392504769839496	0.004201784486414738	0.004038402893580379	0.003950824270606456	0.003918963206179604	0.0040138975451466784	0.004050831511723909	0.004113429534905889	0.00413397195390948	0.004265276459370193	0.004551607893569104	0.004792851467534296	0.0049693696359822195	0.004929182881292142	0.005038268362356111	0.004980913429350801	0.004821713670407391
CC620785	p2	0.12388348159155639	0.0832508217560711	0.06600449810256787	0.05783574131406176	0.04877503572700032	0.04345580504895604	0.041133001914813984	0.037072142395417944	0.03465711266455278	0.03452208322917147	0.03488240713183566	0.03529335931960286	0.03680714206516947	0.04190256739114165	0.050095148885035905	0.05791852689246069	0.06261418600269202	0.06312047591987403	0.06688936848547702	0.07200473607077298	0.06943996007098964	0.06506265435757938	0.060861110571928716	0.05567762458864072	0.04942954666616844	0.0424462504070877	0.038062971776663686	0.03404109691217377	0.031032337819784383	0.029234970221539935	0.02771908510491836	0.025825326941842818	0.024299967154646926	0.022728855837666016	0.021094231421468917	0.019725751689910843	0.018173008837958318	0.01698202095249655	0.016652333494613494	0.015590848807521342	0.015202683243112296	0.014837783130769978	0.014259996445503314	0.013847934690627995	0.013466480539376192	0.013112851630569284	0.012787805803157918	0.012309854540399347	0.012323203427501593	0.012989826197436452	0.011368473419993393	0.010232621593343892	0.009560397553468835	0.008728091538193603	0.007945386549055859	0.00713352576703179	0.006448739254597176	0.006071839966345624	0.005616409770440837	0.005096447377644631	0.004612690167602086	0.004503092393348267	0.004065539851760552	0.0036523864252266743	0.0034854936629230573	0.0034866007176140067	0.0033897495557576626	0.0033735287673293205	0.0036130881691833717	0.0036031679043333847	0.003680523357495261	0.0037832381477268914	0.003985380752539686	0.004047521944038973	0.004163513845434936	0.0042766188876591504	0.004270621473836241	0.004288570002277921	0.004244933574578103
CC620785	p5	0.13658150147888762	0.0820495683980634	0.06656152985740463	0.05512387673205755	0.048343391374516084	0.042570659710023474	0.04045872403085716	0.03801044382196753	0.03615410300931258	0.03723843208808458	0.03888476865858847	0.03986046641283939	0.04227097078206659	0.04820912243962046	0.0607126350763315	0.07890445584755552	0.08581256909212301	0.08287469688202348	0.07704714926337176	0.0709719839660826	0.0647862047213752	0.058561105700502825	0.05120645024550235	0.04533463614024527	0.040723443769475044	0.03658868892934845	0.0336349725530529	0.031715210500997834	0.02873421898125626	0.02616754108461943	0.024123324412536295	0.021497627967968412	0.02083351070183427	0.019308857771987934	0.017945049251295024	0.016774924794972848	0.015460997390773782	0.014351672393413544	0.013676277149916245	0.013178761663533588	0.012647844747309078	0.012352825507723155	0.012096830611783306	0.011833427515572441	0.011587508756634961	0.011357564606628425	0.011138469454445651	0.01053179525518704	0.009982056326720248	0.009557425396333002	0.009539260604164792	0.008781956005602084	0.008176749477159177	0.007786503836036029	0.0072287268212282195	0.006737635231256679	0.0062388286855547615	0.005656553051608671	0.005204023416502668	0.004838038259596613	0.004498743701412363	0.004290486249349811	0.00420592586326334	0.003865165525948175	0.0038185113003567006	0.0038051098213950545	0.003745478235112546	0.0038230107558508276	0.003938311050186193	0.004016195331385448	0.004359645449538296	0.004466808690036148	0.004657832155124401	0.00487082333146314	0.00505503665215325	0.005170681048767752	0.00519491400867696	0.005306298764291613	0.005366448383400181
CC620918	p2	0.2910065007449782	0.15295526317681535	0.08844408560267475	0.07025076020166782	0.052501308889070265	0.04578022724888428	0.040201609762066375	0.03135894763974614	0.030619605351586122	0.02680973042487263	0.02312470718715622	0.024490501721491302	0.02273077411388906	0.019192534968985906	0.019994854673411742	0.018024518541530164	0.018775878889517518	0.02172438831050375	0.02149601771611366	0.021945338761237457	0.02475783209152962	0.026705356905243737	0.02922590552241735	0.026587822525317766	0.02389542924046168	0.023677121597313305	0.022844375264359295	0.02182936024337791	0.021410888968530894	0.021466532819805012	0.022340901218632598	0.022090657699640807	0.02235419995431677	0.022890034524062734	0.023313584663322822	0.023918935327733697	0.024458181462068733	0.02445134423991807	0.024543697994542667	0.025998478971281325	0.029261591018230892	0.027172067365619175	0.026975323556299207	0.02682065010906621	0.026683858846942826	0.026563546067564222	0.026376866960969796	0.025772102415174046	0.024659960615357777	0.02408176045220457	0.023948241566650777	0.022786835301219412	0.020151941932088257	0.019195302144435586	0.018245231919278838	0.01723452849490165	0.01619248408123147	0.014446867234165139	0.012951009281503981	0.011914563433161439	0.010707402251884386	0.010136157842269244	0.009850510074844379	0.009422661470866418	0.008864829533928763	0.01022717928311604	0.009535682386255382	0.008689185604295498	0.008944440535177482	0.009134820193286571	0.009435419297962848	0.009927161022633857	0.010098824528901379	0.010484956449840932	0.010675746743531308	0.01063917773636771	0.010686521080347103	0.010941052593939451	0.010957187573798917
CC620918	p5	0.21446165132063869	0.11069021741509055	0.06471242611143718	0.0624194360208494	0.05894869344215383	0.03249376243661459	0.031565837033670816	0.0276361858433036	0.024442590776567723	0.024310734062414754	0.020467763931705442	0.01843553449452837	0.02009794869805542	0.01746365416209085	0.016677862895240408	0.01800731571143799	0.017966542813065967	0.019786196657304155	0.02135215017233282	0.02228769981242569	0.02433899789981389	0.02444129682361685	0.024039975225168052	0.025340559917978397	0.024731823717715706	0.024310508270840584	0.02477169456788348	0.02526956278171327	0.025622252667897694	0.026294146080155765	0.025992108986686514	0.027534243952491502	0.028527870347745062	0.029348071052815373	0.030598356631336896	0.030755060284233863	0.031512677530421446	0.0324027614670641	0.03287171822506211	0.0331481495150746	0.03174584577068953	0.0323514877749851	0.031931207411560934	0.03177493256363364	0.031651149910364294	0.03155798564825387	0.03119788166478446	0.02980305861087421	0.027938913352715027	0.026433556570624323	0.025404454085648547	0.025108802892889425	0.02364512336805702	0.021614284959937082	0.019992681259141554	0.01880314379958114	0.016909611417954926	0.015502579307755652	0.01440867836005681	0.013270948317302854	0.012210734651870668	0.01112204459460043	0.010599090407398815	0.010314380766049078	0.010098021782327623	0.010212616282141219	0.010036972851824094	0.009833099508349086	0.010099503788713908	0.010604204312609463	0.010963071095333335	0.011215522151670806	0.011398296095335094	0.012079539789186194	0.012932700631641779	0.013245468198156973	0.013597513757603168	0.01316037085306293	0.012770614677982675
CC620967	p2	0.11949954432181356	0.06737980025555944	0.04719860680388833	0.03733814852773398	0.03276768903670429	0.031139021760541265	0.032485330282513845	0.03605866335492621	0.027659943347642695	0.023864889112070013	0.022962148924149963	0.023261943196249323	0.025870287086571717	0.031020702578560294	0.04816639402159773	0.13643620229297987	0.25084682778410483	0.11660289164611569	0.05705288017958405	0.03483077785261042	0.026819334750998618	0.02301911497376132	0.021605524370495444	0.021187957087297028	0.022523461633030928	0.02306387146853427	0.021805770091681914	0.021203292378435032	0.02188220524899289	0.021130329539648846	0.020934980237937342	0.02093580927990951	0.02260450486967046	0.02732423491857008	0.028074174196204754	0.025179767561470272	0.024949552136263552	0.02555785059584711	0.026825490412586882	0.026656443594826912	0.026818598653514564	0.024456277379873378	0.021148306533666013	0.019239612543006303	0.01758549471893338	0.016144337069392164	0.014791961940268241	0.014835840742248299	0.01266802805501541	0.01215676498854776	0.011706827083148682	0.010666618567383405	0.010241903640403584	0.009015461404715932	0.008373955894141938	0.007821324740598807	0.00750964985351453	0.006824798329880848	0.006384726870336426	0.006125659543069099	0.005876718271482633	0.0055923432954720735	0.005156414130375709	0.0049403413104948165	0.004910863881597215	0.00511162003486974	0.005327447032369809	0.005545457295695136	0.006308370936477498	0.00604890214640466	0.006294672804277321	0.006640032379905062	0.007106509164994422	0.007653166539957112	0.008047228568027618	0.007942573265951491	0.008165676274786019	0.00845475367391639	0.008768341780225133
CC620967	p5	0.07202806162336466	0.04122123524597806	0.03150623438988295	0.025858441764714652	0.023004266325032486	0.022025284270766807	0.02450050004579422	0.03022157917297051	0.02532708561797564	0.021419649980419703	0.020222515349088272	0.021256707127604274	0.023873986092064252	0.0324327198519432	0.05820925787847906	0.14997609847759	0.26227824515876585	0.1816274995951145	0.0809530364141361	0.03727409432371605	0.025299163086911845	0.0203422061181159	0.01902179592062262	0.01869912305589077	0.019123880693440252	0.01869551614969	0.01850515677971386	0.018723564574416696	0.01888785559680959	0.02058568271995131	0.02180194628538939	0.023116175255736084	0.025450933781115858	0.030324738907801383	0.031812071536719146	0.030522148833324846	0.028322499047976096	0.026557796435175696	0.025411418404665608	0.02423832419095545	0.02191135000268215	0.02086189878471203	0.018637416580496596	0.017199301279931068	0.01593239339861426	0.014811573603256488	0.013716418881141673	0.012939861049318064	0.01217630818857878	0.011408239309256106	0.010824195531191221	0.010492720394909123	0.009555986544626109	0.009013492269828392	0.008247713868445793	0.007680502084695257	0.007255308834529736	0.006802936186399351	0.006385880443614055	0.006053810447285061	0.005902448074298352	0.005925940271983237	0.0056860419802480106	0.0054022838645420975	0.005751288890999777	0.005913008333521869	0.005789597214061746	0.006066344139172106	0.006781132160285832	0.007421660400148991	0.008204608687894762	0.00830040786165653	0.008560059277729239	0.009569577743562804	0.010139480114817224	0.010427307191486719	0.01091870348672769	0.011225646310608935	0.010925382089202827
CC621020	p2	0.06015741282929016	0.035150787987584614	0.027636084388225374	0.025030814246088468	0.023968000034561048	0.02486171500382595	0.027535361227005454	0.027786600180075758	0.02717641491365137	0.031705276879627695	0.039847481180664966	0.04993255627802751	0.0768009736426481	0.13909730596917244	0.22202964853115745	0.20702354469108286	0.12299944188485608	0.07187753975454628	0.05432262931599556	0.0432882041260964	0.036117310627619685	0.0319203112061378	0.029510495024498117	0.027573030787405223	0.02657917933175837	0.02549302429743409	0.026340765397148483	0.0266541990147296	0.027334726641831404	0.028902493996753823	0.030633254633046506	0.030193250739394238	0.027904318689986468	0.0228888276629408	0.019970021984697505	0.018140806305675748	0.016640341399156988	0.015295185558989325	0.01415841709492724	0.013019880510774703	0.01175267230659988	0.010790043431491755	0.010537822185705358	0.009998896772504854	0.009506582675777527	0.009055659026551966	0.008620875697203932	0.008319195254430357	0.008072613881940645	0.010406457156167918	0.009797246487980995	0.0064012538677896596	0.006128476071690982	0.005546203321474699	0.004807708313375431	0.0043051692635205155	0.003866973027707852	0.003504630284947138	0.003258852506104746	0.003085739561160015	0.002888774738872136	0.0026835121168569216	0.00253190865475896	0.002494473413670636	0.0024011950081582346	0.0023935970072589924	0.0024247638113610213	0.002306848403784068	0.002326068204521543	0.002352612281158499	0.002467034543828691	0.002611736898382005	0.002678925376799571	0.0027960061004519148	0.002904116288232523	0.002958215516897807	0.003025262201421711	0.0030438992734086313	0.0030581030232103793
CC621020	p5	0.11597833075635705	0.07321734568910912	0.0547496683324544	0.04358742663880609	0.04051926959768361	0.038444009068364676	0.03794140312862641	0.03927317177470761	0.04084902452572177	0.04472530155257005	0.052361294254943444	0.06672622114308073	0.0888089852792576	0.12226591289952762	0.14866305458522935	0.13428012340205062	0.1007603469970435	0.07596379116062071	0.06210273686337496	0.050584465056898835	0.04218452847768744	0.03755942896056857	0.034760045411302544	0.03165653686996014	0.028804854721562287	0.026949367248735687	0.02552591611269698	0.02511015519895455	0.024234972551307875	0.023068127309421455	0.02184571703253746	0.019664323451389864	0.01793219155950287	0.016924739631090063	0.014787834023805247	0.013152052796321348	0.012011673462543454	0.011306524312109018	0.01026467897273401	0.009583028159054822	0.009169073165113055	0.00868567654971382	0.008399480010869355	0.008073619357649369	0.0077712134984965296	0.007490065197101453	0.007179404507093662	0.006774247518780857	0.006648446617210808	0.006557939544251674	0.006307864112432403	0.005642795090257935	0.005350529271086114	0.005013777153079805	0.004503003189704076	0.004152845061308188	0.003861005575319864	0.0036561361596846595	0.0034116639346166975	0.003295845997081963	0.003174733778822346	0.0029021951585362035	0.002648227542290381	0.002611445664493894	0.0026712928410100975	0.002558041663801293	0.002492072896765995	0.0026188919013809286	0.0027667001916266316	0.0028177340192741293	0.002961540382269394	0.0033049048435502522	0.0034339965880946124	0.0034346129862609285	0.0035824142820513726	0.003603619625746813	0.0037214670128756806	0.0037205143531833587	0.00378309833115554
CC621199	p2	0.07610853736842292	0.04327265485546812	0.03119299345730591	0.02693780872727715	0.026959473243110203	0.039661648914330654	0.05296649178705884	0.02777647733383475	0.02397960346701953	0.02557997665774037	0.029727555819309942	0.03679695654514513	0.05073541458655381	0.07688552770686084	0.10877246610543766	0.13368939678228398	0.13487366101350165	0.10505551816685371	0.08017519666664755	0.06567235618207132	0.051008578904841596	0.042980958893068626	0.03767587755591543	0.03482162041300672	0.032341022875735245	0.03019717425907455	0.029325102398013902	0.028780621470743444	0.029186144192952276	0.029324689072475974	0.028683090545301382	0.028277469529149113	0.027965430519409026	0.02894340861897882	0.02817345310106709	0.027575895688341488	0.02503219470624968	0.022245959072382727	0.02016042392145246	0.01765665161240937	0.01593749718996887	0.014454412118864883	0.013980638855515346	0.013148829896421625	0.012391692947284046	0.011700818744226345	0.011052455660702613	0.01052293990439438	0.009687525847095145	0.009595529002301642	0.009156491904857289	0.008477107707825669	0.00766259739114997	0.007332669383630017	0.0069190440591259655	0.006300959093511932	0.0053498041063803105	0.004733343126635356	0.00422881234634819	0.003846706245038089	0.0034798413231173797	0.003209925794816639	0.0030064235621719737	0.0027920377345507772	0.0026035669730290647	0.0025536267869515172	0.002491522842577592	0.0025909691084704933	0.0025844944680149026	0.0027335265947877507	0.0028690330087248707	0.002920310150520779	0.003003586907291595	0.003091355758946379	0.0032327913922588014	0.0032079780683286698	0.0032191225949395022	0.0032538975537678184	0.003109799585728947
CC621199	p5	0.0640571712326238	0.039165295498997416	0.031230378588636924	0.02770585811390828	0.027468864553134152	0.03249305983750195	0.03640773553990827	0.029023300362778368	0.03128071970800207	0.03340574843381135	0.03970734753404044	0.04994337361065621	0.0675940122387402	0.1043513663694823	0.14075656694932717	0.13290151134204306	0.1159855981988177	0.09551878317864022	0.06803200538479433	0.048812632234568595	0.04027362730168719	0.03734252751806387	0.035145722634099735	0.03373775926038238	0.03185252257468135	0.030657656173292892	0.02968281802575627	0.02999842387226526	0.030998046240917346	0.03140772316005055	0.030614719568373354	0.02916546590413358	0.02691495671693866	0.025830928388230427	0.024029958900573276	0.021779508928863992	0.019364830526087166	0.017385567360177122	0.016455002678720326	0.01534546915444137	0.014122052943162714	0.013391389045438703	0.013458453550288728	0.013149923555613275	0.01286841806879232	0.012611274737535054	0.012242951294856357	0.011317137661990806	0.010474007031210526	0.00978753113592462	0.009349589584472911	0.008784380261318335	0.00830852103106393	0.007486500248415753	0.006652153041894806	0.0061001083565362536	0.005524057794265663	0.005110069267305557	0.004668966025203235	0.004361779164704181	0.004104542442530643	0.0038129971162695468	0.0035566493294267973	0.003342220325048828	0.0032992617450857704	0.0032272699358582846	0.0032808378270039293	0.0032302014102111227	0.0032736420570558	0.0034318523510945766	0.003557600426084776	0.003660365706412212	0.0038275556731552796	0.003965130157166035	0.004083051939458937	0.004172241207994401	0.004215229921143819	0.004291418027395325	0.00420538083954602
CC621283	p2	0.11633945157792427	0.06133769967197672	0.04590770313191567	0.037876567351473836	0.033883130201097136	0.029141432736885176	0.02561311722081271	0.02445446442337672	0.02174763263818669	0.02065035053867789	0.020275693501042934	0.020453172144491424	0.022422407996604245	0.026887313872237365	0.03671764791772384	0.050470270315002355	0.0527047917459002	0.04203712636559582	0.03314131358080856	0.030582263542147096	0.031359629611220574	0.032505980255539545	0.03545117524083027	0.03888706859926084	0.04493159011423265	0.04396239213997734	0.04345820497353219	0.0428221099427847	0.04141106886506121	0.04121678457904477	0.03875341015185963	0.037022833494510445	0.03597208857278318	0.035055277657870816	0.035153220578269626	0.0342055201958433	0.032446241024079836	0.03157783895429127	0.03166994243910229	0.03133516476207349	0.03303266460233436	0.02968652380003875	0.029778544454989567	0.029424160079082735	0.02910241908333973	0.028808519506079974	0.028766041132909804	0.028460948081244306	0.02675205598646999	0.02515942249950494	0.023891296771693243	0.021794276453565423	0.020944931730289135	0.018788632943771068	0.016843540368417818	0.014997925025631608	0.013400757065411426	0.011422446937300325	0.01027918830322588	0.009234750060182506	0.007999969065424647	0.007274441147385624	0.006527108668249862	0.005980076811216021	0.005756031490887772	0.005563217754773806	0.00552815673883228	0.005523677690659164	0.005680016548947654	0.005718087505990157	0.005897745010008408	0.006111327838285411	0.00626809891593801	0.006387630378468311	0.006315524390448807	0.006445698377080531	0.006720326658706297	0.006791445687159156	0.0065420151979388354
CC621283	p5	0.09924148675058733	0.0507068784747577	0.042028747752439206	0.03430068527152962	0.0316221060181547	0.030151360570791427	0.02866322895516475	0.02437206773945704	0.022705714583749075	0.022333019820112498	0.021732519194431855	0.022278955662621978	0.02462856923555852	0.03489220928136068	0.05828321294596427	0.0672505162026359	0.06355170618167583	0.05872713365718384	0.04295029010869282	0.03627761501489679	0.03379664999549505	0.035771930507389	0.03930260983860805	0.038514793992351186	0.037838335282617194	0.04123769714977897	0.042001682185449515	0.04293011156823262	0.043205377146175276	0.04155154939101449	0.040490317029202284	0.03935650149024814	0.03875824267782667	0.03560094576468959	0.03434980999702808	0.03409506686301637	0.03177951599785024	0.030982183344502697	0.030059049043817412	0.028327943977958472	0.02854506784605387	0.028095403779946	0.026941796524476647	0.02626545459098284	0.025637304709137474	0.025053014168417688	0.0244602650109582	0.022987995079698696	0.02150742065106077	0.020432054509103695	0.018596684497842613	0.01719458687304297	0.01601446566576591	0.015033827061991372	0.013647804060485278	0.011822310714209245	0.01106416949786445	0.00992540535178344	0.008735510902813581	0.007856441096480022	0.007247612043451346	0.006914022165078479	0.006193356199475749	0.005834834215964235	0.005624114141037521	0.005419190434349839	0.005283968889645582	0.005337003845645816	0.0053353157208964755	0.005630431023345782	0.005828736021443202	0.0058720655858955795	0.0060403302518890764	0.006300237409140339	0.006576559972672121	0.006896252527033701	0.006718413634298355	0.006709690385792539	0.006786579302212241
CC710088	p2	0.07641271855341464	0.04094678358593665	0.027489219599103682	0.02209579173774095	0.018617236787752147	0.01669624421970701	0.01683661610206514	0.01603690504648687	0.017234101462964592	0.018141501268304626	0.019988545847727406	0.02125827345452349	0.023291571682763863	0.026807236950578878	0.03180355332842433	0.038269521945436244	0.04706821190674344	0.06455917633801606	0.09393228192125858	0.11656930450151418	0.10742238751882256	0.08476541616319024	0.0675077318205426	0.06039564216479022	0.05925242286187279	0.05791534282463262	0.05851893055999004	0.057363553571309796	0.054034961752238986	0.048570897481720755	0.042851008735231046	0.04025594230424563	0.039763283283833516	0.03798473993277789	0.03561499116356996	0.03300163103539709	0.029490348336458146	0.02779543684074832	0.026408314584913405	0.0246587016818951	0.02289593782739068	0.021128836247301264	0.018860980846246416	0.0171988441490549	0.015721618421282554	0.01440485007774341	0.013189961766055448	0.012509909350521091	0.011982809380377444	0.01205262184783642	0.010658539531839773	0.009101223511296174	0.008653009804769685	0.00791150464001355	0.00761036378582701	0.007084539710760835	0.0058742652579173524	0.005376797029195979	0.004788654502616954	0.0044441552151855725	0.0040554106511233355	0.003711079764199437	0.0035002867266605508	0.003270750126994145	0.0030773056386480912	0.0029736984117412634	0.0028613650759136606	0.0028487655460595514	0.0028639229968204553	0.002857267285532109	0.002950289762851866	0.0030944160364003936	0.0031328073406011727	0.0032494639311460086	0.0032446113564869625	0.003185980269487107	0.0032983433597133386	0.0033345088507904246	0.003240364767323212
CC710088	p5	0.06872956041172919	0.04219281531711141	0.03295948105611336	0.028944594757580433	0.025539597801770172	0.02423508468570771	0.02356795626211968	0.022839885553852444	0.02340756300190134	0.022554774713131418	0.023041759452823656	0.024741965099777167	0.028156703566471857	0.03139755148604006	0.038459431564020735	0.04905333728229564	0.0630617488097141	0.085091489177586	0.11032244527323733	0.11374168244981583	0.09524335173808643	0.07959767792988119	0.07101866532176701	0.06844910175177427	0.06293817652262038	0.05737398447399088	0.05050917154459738	0.045173585301455814	0.041508660460472635	0.038119998797563226	0.03541491209552787	0.03243206108284076	0.029881243723536493	0.027717435227735697	0.02537972932692254	0.024231917515577937	0.022828749907029534	0.02149679417136581	0.020324927544102565	0.019327713083333573	0.017776387769450338	0.01648752460288235	0.015669245495494186	0.014766803030350483	0.01394345813322292	0.013190341347863057	0.012521817649931821	0.01142346552146744	0.011043575078488467	0.01042014066005544	0.009768911837956586	0.009153536197732076	0.008613035348885424	0.007995205787201611	0.00730686573359911	0.0067929743430617555	0.006268473143231483	0.005792265961639554	0.005228358256365223	0.004742443010792792	0.004393200389990197	0.004115201317973145	0.003970049527913336	0.003740770236032715	0.003622549588482867	0.003562418703197423	0.0035018238047076202	0.0035844851048837598	0.003636954567905166	0.0036754873913757676	0.0038779548757740747	0.004005582110675799	0.004217051247357113	0.0043482170940814645	0.004384141968910522	0.004504834210490062	0.004593231688961557	0.004507164931065519	0.004423094586865817
CC720103	p2	0.07324625065476309	0.04027671246825939	0.0297389904060828	0.024336016633198124	0.02318010742593157	0.023953744965083828	0.02709364796507542	0.027983540195893972	0.02991731550050178	0.03252462088290519	0.036142769831569894	0.04572846807911488	0.07646689141013747	0.17215693653470757	0.21331370675356454	0.15621553670768662	0.13953967750383606	0.1731352520213303	0.13948123155859346	0.07457652159617764	0.04019784873345765	0.028783282104588914	0.02328642787623847	0.019952592168823113	0.017840929662477103	0.01699448697912629	0.015925958278588823	0.01657031283042718	0.017480068736304116	0.01795173784430008	0.016617899589090664	0.015297607922408316	0.01370514618931258	0.012570977246482606	0.011660456801259633	0.011497526680529512	0.011425533465843955	0.010535319459294274	0.00970376540234556	0.008405584727637597	0.0077020904384719445	0.007186813446671497	0.0071840605424053055	0.00695166415944162	0.006735362158907617	0.006533606002785451	0.006365517231842347	0.0060845437217034795	0.005768680819624238	0.005545637837633713	0.004965975701537182	0.00462279176352785	0.0044445356381153074	0.004196272089091629	0.003950222487028926	0.003584549773306965	0.003314545339980663	0.002943350088408382	0.0026749843906308814	0.002422601530281455	0.0022434691043832946	0.002143228456230048	0.002027140600201389	0.0018531219178706394	0.0017820789757148098	0.0017639641514476225	0.0017866417129661987	0.0018131905348650118	0.0018028884215296338	0.0018494578132795772	0.001959055396355718	0.0020304492034528983	0.0021131103778427533	0.002242108956150034	0.0022889097554205373	0.002346443586428638	0.002380895010308942	0.002402194959968133	0.0024111388772379934
CC720103	p5	0.1797802218792263	0.07536151171304106	0.04810681971130103	0.037705377172750305	0.0354260436403322	0.03725311407949802	0.03901384498163003	0.03773109568732644	0.038914861036246466	0.04569313455566048	0.0527553844668886	0.07458063087204836	0.14225424037435447	0.21987945733611847	0.1816346463050475	0.1604974500290814	0.11483228689128552	0.06660165610244755	0.04325255438472685	0.032885058832230224	0.027359210344726905	0.023422485064212604	0.02111223970891025	0.018924001854140497	0.017426087213369693	0.016927705078506498	0.016201418786584106	0.0162383585238296	0.015805785109959638	0.014774774249606801	0.013923829597408071	0.012666024889585913	0.011664677943965867	0.010674826770089277	0.009230884371445458	0.008129239410719094	0.007629626246407399	0.007170654300373637	0.00677026833003425	0.006598524303263619	0.0064318383170736786	0.006353767286488568	0.006157674491505048	0.006017768506605623	0.005885967477023554	0.00576162284946126	0.0055984110997194456	0.005507169243353149	0.005240946276607985	0.004996480365800067	0.0046186050662610474	0.004422033374216166	0.004180508538283325	0.00395473645106653	0.0036489680519057746	0.003463536846062701	0.003256602212057705	0.002977843146534916	0.0028493214883348254	0.0026881153786871793	0.0025400956824881697	0.0024580514130868314	0.0023539414375988023	0.0022152286747507645	0.002186985363019463	0.0022019357178075577	0.0022779712945844824	0.0023318232908835983	0.002320401148406698	0.0024300867242679023	0.0025861278017533023	0.002715513818764983	0.002733928105108747	0.0028484905191701023	0.0031220547262213855	0.003299090558033623	0.0033661848806884375	0.0033708025816793718	0.0034189371717404326
CC720718	p2	0.049644655630934266	0.032889909504596575	0.023414197539874476	0.021545369556113983	0.018316248728937532	0.017684426405209803	0.01978709683354327	0.017945317323845404	0.020282768082294293	0.021892661828230166	0.023144140211645292	0.030274143392647723	0.03924615801754431	0.07006398048165385	0.14514330654430843	0.2194143189074555	0.19993402955914233	0.10294166712371856	0.048881189097003355	0.03556433080524664	0.029037923193932946	0.026779017853044	0.026999995941780004	0.026223659014723538	0.026505254319596997	0.025910701933244618	0.025921333520141494	0.025864911444905863	0.026072705661385042	0.028406751571166965	0.029584409669451965	0.02997329062082835	0.03278741452279327	0.03537965420758584	0.034263865940663614	0.03182020926628897	0.028978364143966193	0.02633682877581454	0.024427453795674948	0.023513277500067924	0.021495972257923462	0.020177423847213855	0.01893463416017969	0.01780520078463334	0.016778347833869525	0.01584239259985899	0.015097772597796124	0.014223695490480262	0.012727290558347126	0.011854898692473758	0.010926165386164446	0.010289359150498889	0.009379358426546948	0.008450143743922797	0.0076105132601865235	0.006639857040874147	0.006170448795590364	0.005840118539632807	0.005264099119944058	0.004905981367804052	0.004379651029742157	0.004142967323826424	0.003793497634642838	0.0035692817501417895	0.003416827385628872	0.0031753826264283706	0.0030319484001052866	0.0029908642923612404	0.0029339156301360107	0.002948765394451883	0.002976795381558986	0.003037893635787112	0.003185493440743146	0.0032218707293848064	0.003233074979876293	0.00333277382412852	0.003346908938704218	0.003281829464078418	0.0032239476575929623
CC720718	p5	0.05741036577592878	0.038670621302374024	0.032713256225574736	0.027320949886176168	0.023282676518943553	0.021539380766950625	0.020420851306181653	0.01939035897979489	0.019597797914510807	0.020228971099752836	0.022242111644399955	0.026335785875651885	0.036156126608166216	0.07538117799655814	0.11591283623188338	0.14537348105792133	0.1466107746689472	0.09698226520358673	0.06585141238565674	0.04576729527345329	0.03699052183594036	0.03411065947698256	0.035353615526440466	0.03363747489818144	0.03251761077876273	0.03143302495952351	0.03312065963172426	0.03385190730080829	0.033759632525416874	0.03479330808628944	0.03505750315531083	0.03388753621160693	0.034157286357871686	0.03577977301010639	0.03483020950994495	0.032285848979582435	0.032648344890028026	0.030478499918746307	0.028015244997730875	0.025919581318328964	0.024459656480030047	0.021894306801235115	0.02015843048320871	0.01842867342938982	0.01690427359467	0.015555718626823466	0.014351769756526344	0.012682201077557858	0.011661178044395624	0.010740408498703804	0.009965715328353678	0.009040478821230158	0.008271789124105346	0.007665419155400489	0.007200786820585771	0.00672216975655696	0.006234576384601695	0.005571894069820748	0.00517313555601244	0.004803653212290939	0.004589173206802754	0.004336630725761201	0.004074629293641437	0.0037416511936954056	0.003627298711539181	0.0034239226645232956	0.0034144942610022204	0.0034143378097751622	0.003431075356413257	0.003505776306672726	0.003685681512897165	0.0037262859383103307	0.0038184453220912805	0.00391528430033404	0.004146021463068131	0.0041045275468891565	0.004150225280719563	0.00419726798971603	0.004198957781745746
