Subject	Phase	Freq_2.0Hz	Freq_2.5Hz	Freq_3.0Hz	Freq_3.5Hz	Freq_4.0Hz	Freq_4.5Hz	Freq_5.0Hz	Freq_5.5Hz	Freq_6.0Hz	Freq_6.5Hz	Freq_7.0Hz	Freq_7.5Hz	Freq_8.0Hz	Freq_8.5Hz	Freq_9.0Hz	Freq_9.5Hz	Freq_10.0Hz	Freq_10.5Hz	Freq_11.0Hz	Freq_11.5Hz	Freq_12.0Hz	Freq_12.5Hz	Freq_13.0Hz	Freq_13.5Hz	Freq_14.0Hz	Freq_14.5Hz	Freq_15.0Hz	Freq_15.5Hz	Freq_16.0Hz	Freq_16.5Hz	Freq_17.0Hz	Freq_17.5Hz	Freq_18.0Hz	Freq_18.5Hz	Freq_19.0Hz	Freq_19.5Hz	Freq_20.0Hz	Freq_20.5Hz	Freq_21.0Hz	Freq_21.5Hz	Freq_22.0Hz	Freq_22.5Hz	Freq_23.0Hz	Freq_23.5Hz	Freq_24.0Hz	Freq_24.5Hz	Freq_25.0Hz	Freq_25.5Hz	Freq_26.0Hz	Freq_26.5Hz	Freq_27.0Hz	Freq_27.5Hz	Freq_28.0Hz	Freq_28.5Hz	Freq_29.0Hz	Freq_29.5Hz	Freq_30.0Hz	Freq_30.5Hz	Freq_31.0Hz	Freq_31.5Hz	Freq_32.0Hz	Freq_32.5Hz	Freq_33.0Hz	Freq_33.5Hz	Freq_34.0Hz	Freq_34.5Hz	Freq_35.0Hz	Freq_35.5Hz	Freq_36.0Hz	Freq_36.5Hz	Freq_37.0Hz	Freq_37.5Hz	Freq_38.0Hz	Freq_38.5Hz	Freq_39.0Hz	Freq_39.5Hz	Freq_40.0Hz
CC120049	p2	0.0002877119121751544	0.0006819604548228844	0.0017083687244365995	0.00477234249490464	0.01453815821561454	0.044784119880085814	0.12909990574929395	0.3171507541832834	0.6301224137889848	1.005509560750792	1.3121046363668945	1.4988800453581461	1.708525888375748	2.150260624026033	2.861861765842079	3.491765055427266	3.6608037326875613	3.286555467107293	2.603677556483818	2.0263487318126874	1.5667137613526179	1.2253163391073052	1.0537341589525189	0.9616045024749068	0.8916766179612484	0.8466646838899026	0.8349274204967714	0.8543480510890152	0.8868744234900565	0.9154050064703352	0.943392862984102	0.9942116836369781	1.0946162797216468	1.26206571911223	1.4796877193925935	1.6314132443479905	1.608911168535247	1.4265410161239833	1.2053292256122339	1.047780454443153	0.9184811948915302	0.8219687249739522	0.7444328700901434	0.6808803123560233	0.6258960532069358	0.5633975937811193	0.512700613554935	0.47160354498318197	0.4357319094508377	0.4023813814564723	0.3710058902346274	0.34695415644605365	0.3367267432121411	0.3453402783256409	0.3629279116096515	0.3453269769296788	0.2641966841332924	0.15494273381323329	0.07431735448244375	0.03407319391751055	0.016641566921229152	0.008592076066282057	0.0045040349865450155	0.002355322851088364	0.0012258088799898166	0.0006332911572360882	0.00032118799980956843	0.0001606631410098429	8.905985948325974e-05	7.761711080088446e-05	0.00011641566785573444	0.00019276289518475057	0.00027644807940516126	0.0003303530617580544	0.00031796999509848173	0.000251286290667744	0.00017779275150613458
CC120049	p5	0.000381927447669634	0.00090137291892086	0.0023089697142898834	0.006809436161337469	0.02113484721731459	0.06186992290706207	0.16109769504344407	0.3616202777212225	0.6791382658002784	1.0611120261950016	1.3841542926543378	1.5448437139857227	1.6697033826975756	2.017102403814733	2.8219137096566755	3.8536272336574875	4.20126084333193	3.536904202521691	2.664540311177871	2.0531414911821413	1.6510267338234565	1.4828648577229078	1.3702310399435578	1.2476828211155515	1.1461086777965146	1.0864815814177444	1.0797975968760583	1.1139197760254125	1.1602302285374229	1.1986195675937914	1.2449663907334396	1.3065381102998894	1.3950633514190733	1.5212930027537774	1.6876831128891585	1.811066120180623	1.8073566257707656	1.6803437481359582	1.5212484707598328	1.3799289849574696	1.208225969966404	1.0575060210116358	0.9229237632477633	0.8036648931422551	0.7023545952650551	0.612049176919117	0.5436059039983878	0.4970325575487509	0.46288128472304396	0.4287482719566205	0.4060318276330519	0.3919078981804968	0.3837688778294176	0.38216660729673163	0.38095801954012903	0.3533012278723255	0.27979679650374517	0.16742145232481717	0.08386320178608807	0.04211430897775834	0.02070479611707461	0.010275538693574636	0.005226570982173704	0.0026014412898699097	0.0012893255917389907	0.0006200030983797972	0.00030252892903385087	0.00016110021011465507	0.00011192226507403773	0.00011293859002122455	0.0001944202049108731	0.00031350795436221407	0.00037101922699414233	0.0004781137670153945	0.0006588595905325568	0.000646604842102693	0.0006424617214781141
CC120065	p2	0.00016931054029676188	0.0004609035952132952	0.0013609401115533438	0.003940495617343844	0.011079867362550387	0.029682991478198025	0.07120368367711437	0.13256878921162735	0.18038086123701547	0.22251161684931675	0.2815664375968375	0.3669635815974853	0.49099612069828247	0.6877276918931495	0.9868922017378562	1.4864025073678897	2.209283022736372	2.6850836349801903	2.6941392038157828	2.638501846943507	2.6295198130851256	2.4407572585620305	2.049180913891859	1.6332805780291242	1.2616936806845247	0.978738217471122	0.7843331934053464	0.6986573061239615	0.6518038955273768	0.638426181952497	0.6181317053551842	0.6020345344658644	0.6042890005993469	0.6115452238116451	0.6345262969988252	0.6805372310573642	0.742303077448959	0.8091633459701623	0.8588003123052781	0.8783448987671041	0.8420259157079282	0.8062557652767863	0.7651716975536685	0.7220525650724892	0.6801534434011677	0.6210007102272018	0.5602326659108822	0.48305548721101266	0.39487718772766867	0.3160030257401108	0.25189565667317015	0.19733086283427123	0.146431580253258	0.10394043842257095	0.07204515834794248	0.05484082871334099	0.05615782680851495	0.04330018327777462	0.016969615207722815	0.006495766910055979	0.003243759284050843	0.0017656714958608063	0.0009510913249878116	0.0005180562922403736	0.0002908925578144026	0.00020818925904967156	0.00024989928633969814	0.0004612579798683258	0.0008964969697382009	0.0016258943567200302	0.0028337602864597247	0.004724196843582651	0.007126613589956006	0.009665307821172602	0.010722729997167954	0.00950399490105415	0.007933352573666926
CC120065	p5	0.00033516528522511583	0.000817145444996975	0.002045738505687446	0.005374902745400716	0.01582760951556429	0.04878330544371649	0.11476567940162384	0.1555129701662264	0.16867426411987077	0.202520284427888	0.26553386965660225	0.36461820921002386	0.5342549504414228	0.8077019237198344	1.2598607029201292	2.06619215381288	2.8563622773229502	2.98360803767814	2.715667995919366	2.6089822493170884	2.468736932258724	2.147861503071133	1.7583754070010378	1.4258905899817005	1.17663924169231	1.0385799822424038	0.9506845756022096	0.8933954718956847	0.8740407624240455	0.8634219608025069	0.830214028997592	0.7906189946966824	0.7847004236047516	0.7981038144434434	0.8416279650391967	0.9188186486682832	1.0061256080302803	1.0369009526563693	1.00487345669555	0.956974363363693	0.9144156174089378	0.8672331132324509	0.8171416998093637	0.7622910637796422	0.701122356447529	0.6345646319002851	0.5611062237619909	0.4888305281110101	0.41337095376568855	0.34371885573590155	0.2828836444376648	0.22700361978412104	0.17258221932682402	0.12457423636103811	0.0873568166986681	0.0594936673286538	0.037656253191497575	0.022487693766016868	0.013053199402256625	0.007441328443206268	0.00417401540124656	0.0023048207043960284	0.0013157954528210678	0.000725874569434673	0.00041384581878299413	0.0002600310639911613	0.0002159989216006951	0.0002904960747725555	0.00048481289774803687	0.000904887776132342	0.0016636177307537503	0.0029410341497371336	0.004083973310758779	0.004322730487061846	0.004651352725857333	0.004224356224364136	0.0034878810855738947
CC120218	p2	0.001416140986375079	0.001173853594732241	0.0011851382376956627	0.0020289761847773606	0.005298879918143872	0.017103179671434186	0.05021187413371723	0.08509052761871144	0.1003040068875462	0.11595084771599046	0.1403163488241803	0.18135107998112754	0.2409203441186468	0.341711122624551	0.5081296504236937	0.799000292687613	1.37683406278159	2.0397811518772078	1.9662176877573774	1.2591975218366749	0.6540717832632829	0.39838032795082057	0.306883545299053	0.23945795098114667	0.19526589417340998	0.18646792270339843	0.20826804043773103	0.25058121113120996	0.2801587639157442	0.27804613236378717	0.2775876564628898	0.3036525197832186	0.346104323453119	0.3986476226154387	0.44952758686295224	0.48971685715866403	0.5483384325250018	0.623475759583546	0.694828139769785	0.7211793718539788	0.6552943597068672	0.5911711571388808	0.5312861698753332	0.48355310901534504	0.4514910655828215	0.43141310709064884	0.4131520695540781	0.39285645784530865	0.3651513983460433	0.3448110246892741	0.32005283898897147	0.2707469326923908	0.21730905840167328	0.1585824918115444	0.10394199786230571	0.06631444435583135	0.04009721932535338	0.02406846413741725	0.014326968286701639	0.008806666359040864	0.004596128550772987	0.002408970451179661	0.0013426588962310447	0.001094971270983969	0.001397760246138414	0.002091085231161353	0.003558789871838953	0.005890381245050399	0.009668584189039174	0.014551155918457173	0.019078518228739096	0.024128983404713915	0.029517491276960014	0.03613445949447727	0.03813879244579802	0.0349928950612607	0.030256001788508638
CC120218	p5	0.0011023656491241033	0.0022490548940483296	0.0044449897157338965	0.009453181063515642	0.021599206247764242	0.0521307784156451	0.1066932677523037	0.16050530964278356	0.14880771736006676	0.11413851203652298	0.11165336931988346	0.1495869370260473	0.21094566508225993	0.27342445296005174	0.35000271804541766	0.6112359803396655	1.4105575279257974	2.092234284466063	1.793203558173013	0.8965366473039438	0.4220495583209073	0.27602529521090546	0.21799257079436962	0.1776888381578797	0.16561986854071817	0.17227261361143514	0.19309405241403424	0.23054893060805695	0.27379950806084774	0.31363159267599655	0.3656671758954376	0.4381199443699669	0.5123173961611109	0.5724167349319725	0.6401053187218905	0.701343664202091	0.7596115672012086	0.8197237484580426	0.8840506721243955	0.8974944612917456	0.8206046668555127	0.7591331203641027	0.70570499111312	0.6646806741143881	0.6324651871018718	0.6051974146415634	0.5789743349872938	0.5546015033025288	0.5342803563678502	0.5015418561987387	0.46719405264232344	0.4283906438230101	0.38120215890392545	0.3282951236043865	0.2696462940474846	0.2149618575601067	0.1719838122084232	0.1333802753216653	0.10115121934245844	0.07120492624164505	0.04585011621070272	0.02815976605925092	0.016246565077198936	0.008901986550762306	0.004904117252043348	0.0029642448146414697	0.002609201154526778	0.003529295943744311	0.005413718777798742	0.00861678835850408	0.0127232829768791	0.018237942539280988	0.023373402553225175	0.026966292985091483	0.03031063839651442	0.02860318091072414	0.0227931771822452
CC120470	p2	0.003166108695382538	0.007182769413291408	0.017475607808244278	0.04218743306863007	0.09435236035932647	0.18815770910636623	0.31551103295800675	0.44191992700998833	0.5560412883858634	0.7015789254350542	0.9135313527844124	1.130377707297494	1.2754418754522983	1.335010730108095	1.3378214573244513	1.3384995315601314	1.3210088327996672	1.2080695628438758	0.9909262152141737	0.7723965193995403	0.6346699212773573	0.5666085838107732	0.5342029186836863	0.5363678704081744	0.5443269319136597	0.5508069758715102	0.5363339772385012	0.5070608839998132	0.46618750092657224	0.40614801650584814	0.349401421278625	0.3079791345943091	0.27487587774432004	0.2509793836684732	0.23795569502249705	0.23486762985969145	0.23198455935742684	0.22829144834650733	0.21933360856849587	0.2129917203700938	0.2109954676444711	0.20914343439843738	0.20953338082791717	0.21157628462097122	0.21678664421748178	0.2303682266123208	0.27095955398438515	0.2732365040598054	0.2574469948652382	0.23095402293601222	0.19859457860191668	0.2190488599137044	0.2509731512164779	0.15588557332763942	0.07013703037073027	0.03362654820037634	0.0176545619572163	0.009180373173543243	0.004893847991765593	0.002635698463339491	0.0014286574436942554	0.0007707570338133375	0.0004306402323252079	0.00026683032529788663	0.00023966563219334595	0.0003507929538834095	0.0007072233313026565	0.0015191930102455675	0.0030465345001003917	0.0055321698795142244	0.009521310126564217	0.01446861734469878	0.022161870674814864	0.028056512610582143	0.028505365595499717	0.02548247899912106	0.022548231347687568
CC120470	p5	0.0006844420475798271	0.0018407612515519663	0.005291473380742362	0.015681372682964094	0.0442982218218185	0.10532352269594289	0.20622902495247236	0.3276754629245751	0.4457847721534344	0.5926651212473527	0.8377623988912692	1.1537345455028203	1.3947317344355195	1.486471879259894	1.515462947967959	1.5248176868562766	1.4608848548636693	1.2755590902665652	0.9895385212804014	0.7185543737967394	0.5357991186433252	0.42534409779523247	0.3519838961430719	0.31314975847002186	0.3048811743523671	0.303026390765112	0.2961123643185808	0.28264103770943005	0.26112585084674356	0.23440393026604675	0.20967022676597807	0.18234905169044682	0.1542664816415353	0.13457248107870026	0.11980262836231718	0.11651865987764254	0.1116129249559038	0.10467368500869428	0.10180252663433176	0.10324654099089269	0.10766123273639912	0.11659969254468443	0.12676535575083991	0.13345233900249348	0.13527904332460872	0.1332589253245795	0.13402676300067962	0.12850597158265406	0.11525074527744276	0.09546001698256402	0.0763394525235124	0.05562617858674138	0.03678820643228045	0.0219424170965524	0.012030437532960974	0.006910455744068955	0.0039946496954121335	0.002288355360280876	0.001240601814351024	0.000651154590076208	0.00037124315319936346	0.0002553076715824433	0.0002516062238649785	0.00039232004519536507	0.0006519465769483996	0.0012688852404078889	0.0024807371761685197	0.004659180277581624	0.008567854534139845	0.015290271077820081	0.024266153742888354	0.037991715306988215	0.05117012488014581	0.054670225471952744	0.05315621829407161	0.048405170899795624	0.0400052647796551
CC120640	p2	0.0013060111744879989	0.0029621490400874024	0.0033066787091270916	0.003912292236975245	0.00873280637601199	0.020785666848903216	0.04782737582883848	0.0911470362453432	0.14651117766535074	0.2215669864309716	0.3313616054277618	0.5055919514245091	0.7688716963677621	1.1248731796445923	1.540945297355813	1.8929259350769627	2.0495386698276015	1.9641298837906032	1.7091987799930115	1.401053241730388	1.1617954373907722	0.9602255548745099	0.7930932270045201	0.6782337831085854	0.6197965833165782	0.5808336786281149	0.5338943800193646	0.4939582625531799	0.46300070226269835	0.43783126637144265	0.42486951588572924	0.4099394790187046	0.3991797002246902	0.39748131415902255	0.3977545010320878	0.3986759813677012	0.4092406814028978	0.4216030827718506	0.4325151804337704	0.44543055655720504	0.4661012924731597	0.48779764352676913	0.512597518972086	0.5422264331298791	0.580564186776944	0.6254804151168846	0.6776547848982184	0.7347211171055384	0.7658426002953823	0.7628623810073902	0.7233873243677628	0.6602592819395183	0.5653043047318188	0.47035830177090393	0.36752082906913064	0.26101237821729706	0.17603965367137403	0.11379109058552557	0.07654668873033799	0.046301419603586504	0.023107867459795668	0.011192117000743866	0.005874509324728879	0.0031735770849325292	0.0018188976233715884	0.0013341749829227816	0.0014195254650523007	0.002072624750472374	0.0037554880459726337	0.005789352459503027	0.008708819126238715	0.0120744301681708	0.01751697898604326	0.024049884439955416	0.027836464437712045	0.025546253732773597	0.020039286431657217
CC120640	p5	0.003851216970751601	0.010983866931806687	0.015778079539454665	0.007490312071443746	0.007773621369547126	0.01609962767443154	0.03458199190192371	0.0697731784094164	0.13050377717913464	0.23063008790735634	0.3881017214419246	0.6212468946615771	0.9531907637575677	1.3628052414915248	1.743724300723176	2.0009910733952805	2.0215199929238046	1.857836360124785	1.5580677891278654	1.2830400585469592	1.068989462512089	0.9464400315858856	0.8522278683987959	0.7787712881982805	0.7184802287488062	0.6546885259046885	0.5946457306064254	0.543283732007437	0.4925263535291931	0.4366982551852301	0.3982484956276979	0.36984594007485944	0.347016810085015	0.318190668194702	0.2963817348295434	0.2813586333991836	0.2693408845162944	0.2561212050472793	0.2508014713528675	0.264696952260065	0.29221218792871073	0.3285583267665727	0.3710277291443997	0.4175087187329156	0.4669936804135215	0.5265061228654786	0.5869341754820105	0.6434583363453509	0.6987348161209899	0.7285279608037124	0.7380512641047116	0.6958250566284979	0.6116604969855074	0.501786351394355	0.3734349460577294	0.2415233572490066	0.1466414071081457	0.08512844911843412	0.04511526684953063	0.022997583194472	0.011753375632669932	0.0057891915372197	0.0027297458352439083	0.0013380480890862634	0.0007341900791007221	0.0006266204914004552	0.0008472468566203804	0.0014681359426855316	0.002629907092720316	0.004809124651519888	0.008176862165863361	0.013646619086063115	0.020241144897569344	0.02624122496817382	0.029386312709640046	0.027699111442604816	0.02337010127243726
CC120795	p2	0.0006213251193418424	0.001629929999796542	0.004490876919342167	0.012574686275886836	0.03451988907638104	0.09024515842744928	0.204846424558145	0.37478937279393004	0.5783249273347597	0.8100340018130587	1.0625844090963907	1.3684886280204251	1.7444710493712148	2.1219464820953906	2.4597957607365366	2.8343093866575857	3.008777013682125	2.722587035131304	2.063695262002211	1.3542154102341633	0.8630792691288913	0.611707290050904	0.5114874087469736	0.48999740622159044	0.5146759144429537	0.5538630932498255	0.5947162093459365	0.6382077927854555	0.6723201009689725	0.7074650110962716	0.753022565455579	0.8172983132329525	0.8866319861761496	0.9526629006112206	1.030046760933026	1.0866043032746717	1.1098503775307038	1.0837812180734574	1.0243817121111083	0.9579306587764269	0.8813646171834137	0.8194913229667258	0.7694444073812551	0.7335413937744085	0.7167253457901289	0.6720024086442055	0.6612180884731489	0.6466375058693793	0.6010636602239082	0.5659100199477229	0.5994763198983808	0.7290300266131228	0.8764289835346861	0.8224567054147691	0.555164204780191	0.29314273627602266	0.14044984925695994	0.06656022510676284	0.03199376508529391	0.015520524167849369	0.007763768223302914	0.003911587315468915	0.0019463768330268466	0.000940335452037719	0.000449021636231137	0.0002144911805113037	0.00011679035663906276	0.00010385991363980274	0.0002199322514919523	0.0005522463635047041	0.0012504836199947376	0.0026015695991669506	0.004526809700102547	0.006815059481412782	0.0067661851503301625	0.0056745707225541045	0.004939802350834135
CC120795	p5	0.000724062634076363	0.0022716275199254113	0.007032022264622795	0.020630580904089625	0.05419944166073394	0.12747479701792178	0.2609197861464137	0.4543736832189357	0.6793422455900042	0.9026427590498675	1.1245595232311163	1.4305442681524225	1.8018905347031338	2.1610060153121147	2.6387991113815663	3.049610912867415	3.054662492557375	2.5583101566164705	1.8378860784767503	1.209898355145307	0.8667671892005325	0.7188610959419438	0.684151881620899	0.686700788176019	0.7156366605748792	0.7342738574116985	0.749797112627071	0.7760668423101027	0.8137195881497188	0.8588157952837877	0.9239254602165409	1.0157978665296035	1.1220214248658542	1.2274921635178329	1.3029156689021566	1.3104178328224803	1.2491163142440047	1.1580288026805066	1.0461723403843508	0.957410552383959	0.8984928057656727	0.8599857279340262	0.8369117783308622	0.823664828824567	0.8157854827854928	0.8067532241542379	0.7898252507400657	0.7849531267363239	0.7823716298519074	0.7722612648825129	0.7582688098184577	0.7516992528831978	0.6957706653340834	0.5650421050022733	0.4207102406031603	0.2863508118333221	0.18085751324054664	0.10556654476213868	0.05814609902177514	0.03025497716253225	0.014833364681752587	0.007118845453475316	0.0032842564760536467	0.001494312601872083	0.000683101584105839	0.000328901197030937	0.00021885371798183908	0.00028212051898033897	0.0005764504358685269	0.0012842009015881807	0.0024096213156978544	0.00406898863003112	0.0063185707688110165	0.009324796441252996	0.01212842173352763	0.011092222806558088	0.008642787517945222
CC121428	p2	0.0013118748725545202	0.0016967987852719378	0.002634277124876502	0.005533252432519804	0.013186064592019585	0.033289185566285316	0.07768266921009741	0.14562207211674597	0.20779926421624415	0.24074429078269277	0.2582476459300184	0.29450616701754373	0.3752700245338374	0.5382698291360783	0.8151146296963565	1.2126732344880764	1.687749795498733	2.119524926179438	2.2905915130017753	2.322518520237712	2.176365603974335	1.8017582071232077	1.3499307154700038	0.9969002504909772	0.7519910585153854	0.6038751995201276	0.5170527364071611	0.4523856310723423	0.41637268526227167	0.39739225276148604	0.3833481699621419	0.3781417937217968	0.3903966715212616	0.41335533063288504	0.4525702144900054	0.5050608258126742	0.5896208164234328	0.677620705521623	0.7144203050106889	0.6984837158253421	0.6541839568747422	0.6228556318499627	0.5903520106373754	0.5542844933993055	0.5139750419658583	0.45986706279174444	0.4479034304983965	0.542088227404558	0.45237558746506057	0.29766373755990927	0.22177837628650557	0.16031614096450783	0.10577691571730315	0.06851995259055942	0.043932081395680084	0.028755597493375695	0.020549884505949995	0.01751858505759657	0.01485152148282265	0.00783381633334021	0.0028020822736271357	0.001150385637522512	0.0005907994917187444	0.00031924002178413156	0.00020276953490163776	0.00019880316776480815	0.0003200331543104914	0.0006869757606586116	0.0015765557663161207	0.0033025875328934404	0.006325078827375116	0.010634258572006746	0.01569541935758267	0.01975796706035149	0.02124485868340605	0.01904641240800134	0.01421900345965236
CC121428	p5	0.00017949301878388775	0.0004025778216419949	0.0009835445303591516	0.0027117686870385895	0.007619937234894461	0.020175802987870518	0.04347941445303964	0.07815349674548419	0.1170848293279125	0.1566316337177268	0.2088631528801647	0.2918490357975267	0.43931430613278655	0.7127460315250839	1.1802100801712436	1.75604914812159	2.2677364186650157	2.58600720716959	2.679773562983142	2.443917772673541	1.9640744506296954	1.4321319823693817	0.9875254638202041	0.7326143501905279	0.6026903080139974	0.5330547759363138	0.4849446680494934	0.4463023929799166	0.41679169804228794	0.39988455462346384	0.3986391043161266	0.40428082924770425	0.42843461184432446	0.47739468085987957	0.5557796581502705	0.6381803139117819	0.707450539650506	0.7338963471432008	0.7305976186036086	0.7153920566974622	0.6541277871637134	0.6012729410874611	0.5435848135236944	0.48313779779203414	0.4222013661475262	0.35844017663391076	0.3087992313945674	0.2708134423351258	0.2443080418971048	0.22456610711055092	0.21401675235947268	0.2126419488157713	0.21447974946931134	0.21836389064513717	0.21801409712582667	0.20700528312989946	0.18395205684204388	0.17266004720487688	0.14772774166548136	0.1279469894293129	0.09346036413158425	0.05638543501314316	0.031776648422598586	0.01619763357220958	0.00836748504361396	0.004400964196000011	0.0023716863943321932	0.001603228309903737	0.0018048921441545607	0.0024659634983868555	0.0033183083354171375	0.004659326380438879	0.006294395169630484	0.00802932198847975	0.009240900807810985	0.008921713911664788	0.007793300271265999
CC210023	p2	0.0015119273117617487	0.003892775566926365	0.004240721944471014	0.004175165578368194	0.008932693505324756	0.02081762595617298	0.03525818250117561	0.04098965836213979	0.044801508169894734	0.05283573193455706	0.08289988192000614	0.14321118480239411	0.14976652391801368	0.14224938621456967	0.1796387664661075	0.24698248947133267	0.344989431624818	0.4739080703076266	0.5872792085617892	0.6362396087542084	0.6398842300357228	0.6211812112857642	0.5999097586642745	0.5722924740724299	0.5682918303665614	0.5855410681393323	0.6117228248272487	0.6320437179323257	0.6374328880960626	0.6485077381034612	0.6753353540083851	0.6993799013302303	0.7288483127161541	0.7643649274947226	0.7923565436713603	0.8101170228549522	0.8203315902796494	0.8373975481625126	0.855106175537706	0.8748436346511232	0.9017015337688344	0.9302270357275186	0.9614975044821862	0.9944382837877289	1.0269788290933939	1.0701388877191176	1.0985101062891873	1.1232607757883726	1.1308173137937858	1.125851241022195	1.089214038974052	1.0271001719375064	0.9392400899276178	0.8444483303105651	0.7198566989669952	0.5817820932534062	0.44810991893416263	0.323447427542491	0.21282835054412458	0.13261799013985143	0.08004598254854904	0.04485960109222136	0.02453579425524979	0.013058858660410335	0.006687060493915081	0.003619583487751381	0.0021424186893793675	0.001881823196642816	0.00242275779371936	0.003679745209072306	0.005122774356944355	0.006822257524288662	0.010327516349353279	0.016130131582797056	0.020266223453419017	0.01794972710406125	0.014346798987445382
CC210023	p5	4.6817361984954993e-05	9.422172243615173e-05	0.00019075962478899103	0.0004245935030350738	0.0012634088409117566	0.004283120085734642	0.009792004518376921	0.01568532936625447	0.021044537773397327	0.026884908741007272	0.03996945912465696	0.07169408276490498	0.13449544568545252	0.23647903167782897	0.4067005218890385	0.6229708928397175	0.8241631208158703	0.9413443128702025	0.9497533951712472	0.9040569608672424	0.853997111261149	0.8138531208335835	0.8000532188009281	0.8015159471629467	0.8139404885362008	0.836845690406754	0.8833464547849369	0.9395645257943623	1.0034252357714293	1.0655553199281043	1.1221408673064828	1.1589460173624548	1.1850099465828514	1.198734616117516	1.21276759846	1.2281899864040224	1.2538697986362122	1.2733391847051019	1.2971324850104728	1.31370982695753	1.316018352918407	1.319773508748841	1.321126028382292	1.3200660697781788	1.318171163661528	1.3113233955067563	1.3013866337037336	1.276017437716039	1.2433924377239316	1.2141915813337087	1.1558067022010285	1.0846426328325274	1.0013256433683027	0.8942600041383094	0.7778977406923357	0.646308241435792	0.5088930216074449	0.36362481534779295	0.2322177358915056	0.13232118858630731	0.07013671484296578	0.03559099385208562	0.017269362055461545	0.007894411735673118	0.0036285379828978536	0.001714981566226312	0.0008474520483387488	0.0005389438569593922	0.0006280669878839423	0.001241135117858001	0.002805890346545844	0.006146517732648022	0.009871828540338743	0.014894117400019924	0.01915000584309553	0.016501411648464272	0.01145741811003157
CC210088	p2	0.003099773908762805	0.0062936993997800145	0.012691766297214625	0.02553818614498808	0.05189417636617927	0.09831711553435175	0.17852097687623197	0.2864178748367002	0.41512260843624904	0.550820944584283	0.7037539272851748	0.8833548391273957	1.0876725680328014	1.3160835327148614	1.536945356181016	1.7202806268152417	1.8113116536525538	1.7443782820897793	1.579576930185895	1.413762926585858	1.2560182603570804	1.1351798286653876	1.0405695865029614	0.96676277731783	0.9098606066566344	0.8736439526825934	0.8363634448802535	0.8047009621951696	0.7719357928258681	0.758381016295537	0.7373502169820002	0.7349487181694222	0.71540302847525	0.6925143287299731	0.6806099841743332	0.6732582688180693	0.6615566593419843	0.6456315386963755	0.62099220241199	0.6055400729008049	0.5924817878555128	0.5801992329608874	0.5703216095407722	0.5628185820672674	0.5546432338255101	0.5445713280611687	0.5285695476933088	0.5470660240068045	0.5382291141974653	0.44917788513557605	0.4042032277690411	0.43110031762774587	0.3668394187899057	0.21862629488027632	0.1168743456253012	0.06535981080344097	0.037252791691071215	0.02225717036501101	0.01439988348052973	0.011050409587711824	0.010064994021113749	0.010789779377208169	0.012693610112041767	0.01328961842330195	0.014825080500215932	0.016681507794958583	0.017005560979621224	0.019027490967395574	0.022157045232414865	0.026600909448803656	0.03447582004388843	0.045934057336981755	0.05635406512470867	0.06513721647590724	0.06512434921416722	0.05754680271466043	0.048974140222621476
CC210088	p5	0.00027355049332680856	0.0006977849175564202	0.0017782841598452087	0.00454652006977579	0.012271509029868176	0.0360380193028019	0.10073180338094767	0.1931192862619144	0.2650050916455366	0.3725701884911651	0.5574022052034863	0.8368679675521331	1.1845214924365133	1.5863837014892062	2.025400563001441	2.4105028463748983	2.6009550623642967	2.509546221425928	2.2088001171981944	1.828057339112415	1.5431640399827755	1.3676730492686018	1.2663041423967931	1.2016172475205895	1.151174191175573	1.0865484942397825	1.037276873288866	0.9934247045235963	0.9555659450373807	0.9193333866809313	0.8912251431197935	0.8783270498247248	0.8872330084683682	0.9088884217598968	0.9432932564935518	0.970265340183567	0.9836279531334362	0.9936801527502822	0.978835585858121	0.9398338685984511	0.8902034988701099	0.8372190236835845	0.7839047838383898	0.7323860277380867	0.6805824937776129	0.6322520626659223	0.5691111483402913	0.5018855154290343	0.43264433084039866	0.3637985351555069	0.28982693039709545	0.22643355867850268	0.16804105435021646	0.12102087987191758	0.08151162914480686	0.04777336195879106	0.026190157013328916	0.013169671573027432	0.006604838526161292	0.0032295035689589285	0.0015505985784605878	0.0007383182214882901	0.00037131883399822897	0.00024409392675568093	0.0003434419994318551	0.0007429634172639346	0.002016835102667208	0.004484703332653521	0.008604648846234122	0.01616764890339055	0.025804004948017725	0.03886190739201672	0.05490384878524835	0.06311707178415202	0.06277336751745514	0.05777712028039687	0.046529865424378744
CC220107	p2	0.0011013803692369966	0.002760520555531032	0.00684247603729231	0.01690250478029	0.04210847259304036	0.10387551695192264	0.23226955484522055	0.4400992117074828	0.715896696217356	1.0646057545868843	1.500234070937047	1.9555955643245582	2.306585992182132	2.5239110695956075	2.736411676939964	2.8997734013696532	2.782161095007004	2.265571671440321	1.6443586426116135	1.2280065933625195	1.0166302684836432	0.9262299414381833	0.8739554561885469	0.8458455353010007	0.7969567398289367	0.738416114703692	0.6780566544952852	0.6293250361509646	0.60391232222872	0.5476313877536235	0.49886984936591067	0.46618402701130024	0.4598462006540532	0.47243417383107367	0.4857226774370904	0.4716024811248135	0.42511238441967514	0.3668643833927305	0.3095439546011276	0.26004371098085605	0.2345356752593319	0.2108448211178028	0.1971041599686189	0.1929893370777271	0.19798599565186528	0.207403930435098	0.21808195685654305	0.2256078627449383	0.2255351667463027	0.21219862043926532	0.1986099685790996	0.18593772713059625	0.16261553170967577	0.1393846883481435	0.11278444791361687	0.08454762856211616	0.06082294244349859	0.041995179530495225	0.02592868604827491	0.015079513649299912	0.009196450031257755	0.005302146362450043	0.0029510292522105875	0.0016464574912877289	0.0011040201377663158	0.0011493361259939457	0.0019505859588611657	0.004223149946689976	0.00808329348641141	0.014090885387632757	0.02637695465928929	0.03940040263341805	0.05476402084516284	0.06808339019539952	0.07105773966847412	0.06030029381631196	0.042854619474150264
CC220107	p5	0.0019389667735892262	0.0049533620494059075	0.012799832918604799	0.03407610432370983	0.09220761579435997	0.23493315322263789	0.49344459550952635	0.7818463478971961	1.067176522687882	1.4192316798911333	1.8103496348429475	2.174969855952236	2.4961474161964854	2.8725903466376685	3.2497772243154928	3.3452666100452224	2.980386501412948	2.292726393138619	1.666795379910176	1.3151416825662352	1.1638527703499506	1.1294467837395183	1.1263341014878618	1.1176663970735552	1.093647536095051	1.0631625131779545	1.0189005235052073	0.9770630818651269	0.9524174169745874	0.9372136381046293	0.9341830789857691	0.9515764632371376	0.9798344358523846	1.0067922884892704	0.9891865728315856	0.928395040838597	0.8248921357955735	0.6927423627497583	0.5723578496560492	0.4899535171814738	0.450416123853561	0.4212578606768591	0.40639283738365695	0.39999520890155943	0.3950903049083244	0.3833800410085831	0.36902662541504727	0.3480268371194359	0.31691177890871186	0.28177566762713585	0.23681421985289378	0.19062413842301928	0.1442339351946666	0.10402729977053761	0.07076048931852655	0.046234117235215526	0.02845769379192022	0.016853556189832856	0.009664078543795921	0.00535208125585289	0.0029994434233815022	0.0016121472128316175	0.0008538830059017244	0.0004509346730755022	0.00025262076513533194	0.00018616305976474018	0.00027683204499010753	0.0006907651652394684	0.0016680273314328739	0.0035282941659032442	0.006390458795287181	0.010134197517225583	0.014426813226778745	0.020072679666732342	0.023310631587548543	0.020641058026338328	0.01600143124586444
CC220335	p2	0.0015952686851937483	0.0036360935531193368	0.008969618913885844	0.02228165968005427	0.05047432206946107	0.10705510265573927	0.20112798888655017	0.3306962241589974	0.49671895556782864	0.7052507413951955	0.9861272390709843	1.389371011069946	1.8243008779705958	2.072756328445644	2.2175406606227854	2.4109764575357655	2.5553405080086153	2.5408845954306014	2.3083177606710334	1.9252128285158816	1.5459473662742544	1.248897238557408	1.0552477470299333	0.965344581308276	0.9429489219049383	0.9678129826604581	1.0155914997104978	1.0504468572476997	1.08057177553029	1.094136039952157	1.0907801792617273	1.0805185497404175	1.0667483619044094	1.046407468823145	1.0229629371229514	1.001589695971242	0.9735078836498487	0.9363300206613323	0.8891414465371157	0.8460419425389163	0.8009702436118732	0.7582067918800446	0.717295730183336	0.6793705263146402	0.643701784115841	0.612570755231061	0.5743217456156833	0.5313100060190679	0.48436693761841965	0.4300682150961502	0.3706094022065634	0.3044321427296327	0.2431132421964964	0.19695918407322105	0.15008278909760908	0.10447078707950665	0.06836834693961284	0.04235714752312713	0.025422071879762146	0.014217803824040608	0.007557822858029593	0.00409843181377016	0.002221693133445038	0.0011979033239145488	0.0006484148809772168	0.0003676405005635846	0.00029440683549366594	0.0002106099302039402	0.0001188611199278002	0.00010664603038180846	0.0002212856622668443	0.000522708916023508	0.0010556913259137806	0.0018004291734186558	0.0025136767088617244	0.002477318288666677	0.0021495897673381443
CC220335	p5	0.0012983640529157434	0.003677896670707758	0.010768204599782309	0.024098788964039768	0.04531667023783458	0.08316523593352906	0.15261680568470742	0.26823336633065303	0.44024774638268194	0.6773816946837594	0.983525335946017	1.34517975803333	1.7042092882401898	2.0085036376531584	2.2163405515648695	2.267728383181586	2.141114793909101	1.8832071907275372	1.5848776311589527	1.3255983533944828	1.1505763001641967	1.0631947178787693	1.0478570938635663	1.0735319723079413	1.092090683920017	1.106692849537373	1.1015546659591533	1.0951530011952992	1.0811398160912602	1.060098940954054	1.0350874528329732	1.0048039457221956	0.9763667547235864	0.9441835891565291	0.9035501111661967	0.8639170638581377	0.812417096485605	0.7608818446734418	0.7148376739118548	0.6744073719147182	0.6275460407452356	0.5948215280081303	0.5668707615092696	0.5437432790514524	0.5266357635965291	0.5040394022169196	0.483756297096941	0.4546721014302334	0.4151058610653536	0.35429424585247227	0.29738526286183514	0.2392703005641306	0.18297176409192434	0.12971016159535498	0.08498460363505353	0.05254269711108554	0.03049028073092173	0.01717413235869772	0.00969697335706773	0.0053928192832005	0.002971329698971864	0.0016076150805632021	0.0008410991142444143	0.00044717154251976463	0.000240299166722948	0.00016171170625389162	0.00022062149159310918	0.0005315238499912785	0.001363005079503101	0.0031562668228144633	0.006341886442682449	0.011651004707922286	0.01979780099385341	0.027593230455596952	0.029363892653107838	0.024502630894584956	0.018030055734492862
CC220419	p2	0.00036093001995223016	0.0008461300260878757	0.0020332806691140235	0.004682256519505484	0.010428404055991243	0.022967315025407182	0.04832158847700236	0.09604909832677776	0.17936865060873444	0.31219237962652113	0.506062129011214	0.7653948068267004	1.083389651279285	1.4368026375848941	1.8502954125408395	2.2296359244401995	2.5506424747397656	2.5858358395767196	2.293707149854492	1.8574767978984306	1.483482425133199	1.2192346044121554	1.0559975153001009	0.9368086544283672	0.8493202988279241	0.7920232618901792	0.7552222272251912	0.7246569112237522	0.7026698889158753	0.6987773409259842	0.6974430119818894	0.7087054215617031	0.7342487015655047	0.7841797868405226	0.8480491949722531	0.9077315181097938	0.9482753524889658	0.9605966255564057	0.9389029975243436	0.8933189694851119	0.8359365781094403	0.7701034994667544	0.7043365642616934	0.6447430511699258	0.5947816060085418	0.5508927195400677	0.510876071987984	0.47152810013221247	0.42737050549341693	0.3734311638071934	0.32782021449979304	0.39153737855022874	0.5130695762118364	0.29483897849273577	0.1068792551585912	0.040855174874165366	0.019584674100821056	0.009925875635056104	0.004936892670851478	0.0024154053078244567	0.0011390872433989943	0.0005367325979676868	0.00025504580550107553	0.00013032122795858295	9.37727731625767e-05	0.000146626151795343	0.000467412537908451	0.0018043355095247828	0.006371906004222846	0.012219697398671505	0.013652275281265362	0.016095731369736667	0.02380981177388732	0.0370527952573811	0.0426981627699359	0.03621736541999426	0.02778296199753512
CC220419	p5	0.001046112984162944	0.0022377967851456584	0.004793920151220696	0.010241292228284859	0.023167999966786496	0.05554416053140856	0.12462299529697883	0.2407720469962833	0.3826805014897529	0.5119157848890045	0.6577679255897221	0.8610986073552381	1.1311291688101774	1.458918450283362	1.7898223525881343	2.0499734000369108	2.205445640396863	2.192676684958268	2.049713304634037	1.8082262394107647	1.572801913367111	1.3699614025441524	1.1966048956112423	1.0694271398908382	0.9817602560666542	0.9186595917125194	0.8806907434319211	0.8516836527124663	0.833305374319175	0.8252264705195823	0.8329264909642229	0.8446597775427528	0.8784302586054525	0.9164908163205636	0.949221222982071	0.9731231390746993	0.989470872174263	0.9840277012812307	0.9521651821220911	0.9135932015003492	0.8579938282378657	0.812925284464267	0.768674972343655	0.7189859357335782	0.6575076161140737	0.5859255112729448	0.5129273536490325	0.43760793535403086	0.3775322507506078	0.32442676313568664	0.2738342385473624	0.217433845151136	0.16259915567521016	0.11047198795848492	0.06700947556625253	0.03714961547556792	0.019628435551079994	0.01021273228294594	0.005328379938166507	0.0027971975212661756	0.0014762252297781354	0.0007541568351465501	0.0003817130969552335	0.00021142066630289516	0.0001678468882382007	0.00023284987094265118	0.0004429038855221272	0.0009015192190741519	0.001731412617653058	0.002987219338784355	0.004925045210462339	0.007721572207269744	0.011599789274281146	0.014349550709016518	0.015976605183224076	0.014890801713513434	0.01202563335511614
CC220518	p2	0.00014650124018800168	0.0003071409432817568	0.0006970568688690768	0.0016370703264449978	0.004110104257625431	0.011055249213757825	0.028802252518609416	0.06991762613433038	0.15206847749994185	0.29124787739927294	0.4817017580217903	0.6930687288213169	0.8861546504781814	0.99809090730583	1.0349635959032923	1.1064880526920786	1.380692973160438	1.9821307203807716	2.7108577348032834	2.9063062133496342	2.522571208558061	1.9576008007646302	1.5468471749993495	1.3810291211194619	1.3953310017258107	1.4589076064770539	1.5212112005262461	1.503719322184588	1.4292511627081326	1.3347974548910182	1.2383666630333787	1.136768082501758	1.0505736843206328	0.9740782946677338	0.9216785190247756	0.8925329940181169	0.8910202056942995	0.9109463841020254	0.9421732849825486	0.9835283979246815	1.0033253522307806	1.0351945085799334	1.0650276506772418	1.080804468467024	1.0703136558257846	0.9710412981168038	0.8600666034416495	0.7270954482667457	0.598835181053966	0.4883289957666491	0.38936746879019385	0.3089615668122804	0.24043385704985482	0.18212855757689148	0.13285573200104542	0.09454692072411257	0.06560471572643424	0.043789827407353335	0.029062612438327383	0.017751638944780473	0.010647325317011055	0.005991162871737447	0.0032738748276697916	0.002358840433210347	0.0034017748322599057	0.006170440072280351	0.007158466001797177	0.0049628412452142655	0.0025119747572583217	0.0011533310550606746	0.0010229414915367946	0.0020435212090399164	0.004504713723252396	0.0077877743303073595	0.009738497260270703	0.008118686112822607	0.005105444298025683
CC220518	p5	0.0001872370644282976	0.0004707364246537333	0.0012236884065465537	0.0032933822417488294	0.01064753135412582	0.04752594441428196	0.17415191060557442	0.30421991053379516	0.2937658003429193	0.32803870052409767	0.4590017221670308	0.6435915743360067	0.8400434525058059	1.0498396498257199	1.327609775195287	1.8469820464551479	2.664571694407012	3.575201095404607	3.898246326180722	3.4162805314998463	2.5670529109239895	1.9020026549488105	1.5556232615273826	1.4567459638792684	1.4903737755987878	1.5608685338900505	1.6269968705573907	1.6043274831995238	1.534571384002096	1.4334309457642074	1.3225137916359284	1.2138066178762557	1.1312610785248807	1.073618575493114	1.0538254247010241	1.0686832373272366	1.1250607422482146	1.2244239427550645	1.339803530382364	1.3864063396579216	1.2984114659856765	1.2325431756488638	1.1667652864688	1.098666238956697	1.0073632800631227	0.8783515717577187	0.7506275512126835	0.6373688789741915	0.5373530633313417	0.4426184524860001	0.35772520775485384	0.2866740482943975	0.22465937625033588	0.17177393766113602	0.12542787584071297	0.08973715934235232	0.06101042662283469	0.037655541127754294	0.02154934645416734	0.01179148912925616	0.006522228127109568	0.003625907622841837	0.0019104480450463385	0.0010022764088061284	0.0005343518719527496	0.000292597156803516	0.00019958985258736062	0.00025418934545508564	0.0005172640537555099	0.0011795797585540703	0.002418709089547447	0.0039355668871308026	0.006219824684398852	0.008878306522501562	0.009468575419933865	0.007669167443103219	0.006453073119935625
CC220519	p2	0.00020625523977091552	0.0005168883800931258	0.0013176641871015065	0.0034484776348146164	0.00998912803295539	0.03305687633434303	0.09184578141103115	0.1791809156904203	0.29298031994007	0.42748669409050793	0.5893255466604982	0.8287796219082905	1.1872322904291326	1.619496295531623	2.04112665175025	2.5487171399977995	3.258067445862528	3.5361490880773987	2.881187479016544	1.9356756054171194	1.3132568802332456	0.9723431538135675	0.8066878812228738	0.6902628239904689	0.6042186236858935	0.5603404869589574	0.5493167386308668	0.5481537466022526	0.5392899088608974	0.5317267199007389	0.5482552778416936	0.6020671811510635	0.6969670189009881	0.826595604015625	0.9888892644785651	1.15299079415735	1.3041879567615864	1.4212019893553087	1.4214845504865048	1.3149481690637077	1.145943881144097	0.961831232657467	0.7792846599914077	0.6198553276271551	0.49678101094434424	0.4121606176899316	0.3521588941503562	0.30661893858632955	0.2675539761188262	0.23776842817651156	0.20545752558686894	0.17937555250039627	0.16321337148653076	0.14847862356882047	0.12134332147245697	0.09244435733002597	0.06641826301265587	0.04516170834787692	0.031680413891264456	0.019605746827270544	0.009623744358633444	0.004652050477800105	0.002147213138233972	0.00108298132512393	0.000586325516214267	0.00048250309198168384	0.0006840385429949187	0.0012401150864281634	0.002388355739728561	0.004329394682395458	0.006926305706095351	0.010308479683821929	0.015137025046158393	0.020961945646897573	0.023100849295310925	0.020687708026344172	0.017020404484503697
CC220519	p5	3.357181234814858e-05	0.00010205712845480242	0.0003338748919695601	0.001129886676527315	0.0038790463486046197	0.01250897759169794	0.03667258182912651	0.0921316239224262	0.19240970767538182	0.3318288263017445	0.5115028399000622	0.7729597244327926	1.127011525636269	1.6012450078592333	2.163433948422067	2.691780488992108	3.2427511118011583	3.59568631876858	3.4302116820143933	2.825830339512151	2.0605682773402907	1.4007890866985462	0.961260593975574	0.6899534843850688	0.5348007238469935	0.4497493776193922	0.4197861437924546	0.42305807166982196	0.4388034377785112	0.4694015187458036	0.5093704853386098	0.5524681953326132	0.6282496088465751	0.7285540522878464	0.8626504958085546	1.0256257498134795	1.2084318376129575	1.4084714828774048	1.5464306279535338	1.5305435623073045	1.3522009408877498	1.1723343565742372	0.9861322622349968	0.8058897263785839	0.6457053821092584	0.5095347321338517	0.4107446784940055	0.3422165839030752	0.2978214025920285	0.26434998864198733	0.23438850662431626	0.19865401030684196	0.14324397672891695	0.09120511908107279	0.05074639530098396	0.025445170532681614	0.013489954487296136	0.01051644320515064	0.013443202178381717	0.014547021855576272	0.00835272080396243	0.0025576570607025876	0.0005580709111759005	0.0001551288767033126	0.00012635073878277105	0.00019014740844095705	0.0003506449063733148	0.0005831994344669324	0.0010901971369597359	0.0019582093245103837	0.00319234109579522	0.005115496558187055	0.007702721076265336	0.01015883166726006	0.012728724957375322	0.01251105260697703	0.010771561908038662
CC220828	p2	0.0003840263551204481	0.0009690099365987569	0.002682358351943731	0.007693188343779302	0.021799074665405795	0.05741718968825186	0.12539506398820208	0.19686414898526494	0.22686524113267112	0.23023584589859827	0.2419446302619805	0.2667262828324896	0.30449888158896793	0.35751070276924873	0.4499261721784512	0.6129942789165823	0.8824993752143724	1.1888056949103336	1.3081640744833265	1.3147775488502873	1.3378724113031228	1.3782732160345479	1.4384748038984465	1.4970050698019495	1.5382721346026567	1.5650658262107058	1.5907542058325872	1.5923038243425274	1.5800069843677653	1.55693012033516	1.5208182009158602	1.4815007489902372	1.4224386745773379	1.374914074117927	1.3103693387958466	1.219918743254701	1.1103071817845993	1.0068958154013694	0.9106703839374806	0.8244176256948121	0.7658605277219372	0.7149488663993919	0.6703793254429986	0.6336363137938263	0.6084516503123518	0.5949021941206526	0.5872065572533095	0.5816092829635866	0.530207977272634	0.47641940924918524	0.43114729397204227	0.38072771370620956	0.33609501688173293	0.2802667347424246	0.2339035958258766	0.19086876263147148	0.14891603517415414	0.11069602602365385	0.0883326501487633	0.06855510040217912	0.04667231836688299	0.03069423640456636	0.018510694182430967	0.01020019638473336	0.005533215759307574	0.002992105565051857	0.0018356122239916682	0.0011541014762051318	0.0011368398698437467	0.0018523192575173153	0.0033654273833625395	0.005769866589394444	0.009205245278572688	0.01344811533021303	0.016610612061547195	0.014837474938964649	0.009834366838841287
CC220828	p5	0.012994393200695014	0.015196468824803808	0.01708567123296023	0.03026471028512985	0.0822109150022898	0.13491446033974583	0.18294285808835017	0.2076312820501688	0.17570392387266012	0.12688662911484008	0.09880125467568739	0.09091445206691194	0.12318009555451176	0.21021277554347934	0.3713445118104276	0.6672415168215601	1.140339139946829	1.5519409852030037	1.524166999767238	1.2636766037721703	1.122732250364518	1.1278666031617581	1.1741681322919981	1.2157452255281596	1.2593737571562802	1.296755307418666	1.323359352185762	1.3310241260437006	1.3221571328146824	1.304354480343148	1.2691167107682986	1.2411762244238986	1.2094612511052496	1.175487606478962	1.1451900352729776	1.0772675318369975	0.9982604919397979	0.9243067622382911	0.8500229700535412	0.7711735037162862	0.7075180708469904	0.6488102971353582	0.59680900655768	0.5503090604955295	0.5110896383792709	0.4761360774708102	0.4466643492091542	0.4185968163519559	0.3905668310053009	0.35730548262274003	0.3171002248475553	0.2704381229543144	0.21710704725964394	0.16762015126165183	0.12618771746338214	0.09139072757957213	0.0613540023584133	0.03855658036579533	0.024456702258112698	0.014952513251326283	0.00871484752440741	0.004953234537285948	0.0027326868622231364	0.0014960961711712906	0.0009351654221500846	0.0008342053634714029	0.00125734959811881	0.0025997718867665277	0.005779793112406945	0.01093949676679822	0.018160301366643136	0.026230882173912534	0.03331428443094544	0.03569504405196274	0.03397339267818014	0.026373597428334655	0.018033304919269254
CC220974	p2	0.00021458009229674078	0.0005488072111874526	0.0014020832651315009	0.0034606903420454464	0.008487640698439833	0.019501445417246726	0.03723767220005337	0.06175163911199444	0.09238352066951326	0.11678512375225392	0.14915462613816435	0.20221261637420723	0.302732274945677	0.5022584112417869	0.8904404446624055	1.5817120099082849	2.405625903991249	2.8664791351404433	2.8215598302963993	2.3781854613790867	2.01185351490462	1.5470705289972932	0.8936578741566066	0.5033266363665234	0.3200089782278102	0.26742428942695606	0.2777689642360412	0.29087627220961787	0.2985199510324813	0.30767613548230793	0.31313300753603496	0.32651343072244465	0.3611093819669177	0.41243896714113143	0.5082435276573102	0.6560999678062263	0.8556801237910037	1.0900010948589536	1.2304080991653261	1.2346645689843467	1.1041497822061246	1.0191906510319453	0.9769509918018293	0.9823284313051097	1.0217080551116873	1.0539627671590415	0.9395484743855591	0.7626167018940487	0.6088273126978623	0.5071852780478792	0.41392316320997935	0.3335190477002092	0.26679852807984744	0.20811014094281197	0.15388401996363488	0.1023235444547892	0.06367661250676229	0.0397586244341247	0.023828825855219914	0.014829647833415978	0.007555692881812155	0.003953615561380117	0.0021045001367121373	0.001135849846515546	0.0006073011824945257	0.0004643236199554826	0.0012461732611994713	0.005837131225851387	0.020135455340891693	0.038614554768373555	0.039975823157564656	0.02589159285387472	0.015265245595473738	0.012928959163101746	0.012135436754695375	0.011169919968816238	0.009317282023136576
CC220974	p5	0.00021251943581436337	0.0004285500073456814	0.0009648568105860202	0.0024675350117270766	0.006864471473684214	0.020904265770334534	0.04806470413990283	0.08680619827506186	0.16055957673115834	0.27872885369866696	0.4531467609719742	0.6676678310007814	0.9403585880845641	1.3333249887567327	1.9461247238089954	2.569392898449656	2.8170541915554836	2.6778964230722537	2.4400747880921774	2.1996742118965815	1.855132418492905	1.4404203003362328	1.068937969531105	0.8110995638328887	0.6997658396844262	0.6873445821442145	0.7113306024593551	0.7308679543084579	0.7374735294617999	0.747231352536058	0.7787729008635026	0.829289894839791	0.9036736991972251	0.9927209423374184	1.0927455541852913	1.1908164861620407	1.26321175134675	1.2707125981208829	1.2449400914581183	1.212976676920482	1.1658796505044369	1.1317332974162506	1.1045704649833277	1.085482903692906	1.0823012773477734	1.04458453974135	1.0069591626512686	0.9535803225861964	0.895343174999539	0.8308369481423112	0.7454903828623883	0.6600625976179082	0.5645254697285325	0.4572211624479187	0.3484949071920534	0.25181583808263075	0.16973380588354467	0.1092107993125124	0.0673385324868045	0.039916309806225785	0.022314972199217655	0.012333577030896025	0.006804875891068377	0.003690216821884604	0.0019347312863745479	0.001024242192571086	0.0005862380752508928	0.00046543863584912556	0.0006113117898332736	0.001109439366358535	0.001909820126998591	0.003426935699750178	0.005591965232451228	0.007778353052421097	0.008071001930837518	0.007090569811323355	0.005755337733770348
CC221002	p2	0.0005597530795457946	0.0014102233668750273	0.0036147406287236894	0.009140833663593074	0.021968735774095388	0.0506132843985318	0.10718042600606463	0.21334897950176518	0.39169499079166314	0.6544536384304235	1.030643057942807	1.5327726812112217	2.1232633699500845	2.8176323121349576	3.7092520896521095	4.316010761777601	3.951081060405828	3.015681607565111	2.3576147951042725	1.9465151633313431	1.6287431580308307	1.4346437997257777	1.3546252191256594	1.328267674578277	1.3358048737366472	1.3463422182136962	1.3368278077806015	1.3370932657634058	1.3680194968394248	1.4318026720690518	1.5252459056738576	1.6478807627537189	1.7768788570741136	1.8948240732685486	1.947598952878115	1.8868506412816115	1.7568287585240168	1.617107776023419	1.4983265064451845	1.4077447052102152	1.3006042374533977	1.2326192008661814	1.1779303751368388	1.1309793431445758	1.0870119384997734	1.0364399109943028	0.9885716862622199	0.936253514429268	0.8720754263485441	0.8124856286267343	0.7502724820486343	0.687133905408529	0.6084575366393994	0.511022049477316	0.4004475044589608	0.28839091532995437	0.18831145284269793	0.11553654904853115	0.06877530109434102	0.03984573389585214	0.022471590689255975	0.01248876317766803	0.006821244686830123	0.0036362751389263344	0.0019206276146012838	0.0009683639430935269	0.0004930266144523157	0.00024709620457564183	0.00013910926288544166	0.0001261990394391467	0.00018498860287683884	0.00034296419402669246	0.0005777488157125136	0.000986411057886346	0.0015228071441503127	0.0014921187493275587	0.0010861800584940826
CC221002	p5	0.00038333009092854104	0.0008672436627246409	0.002147533528384074	0.005818643157995234	0.01648144943242297	0.044871124250361126	0.10783574103350975	0.22777303268074975	0.42216897933434955	0.7253679473649819	1.1765853725418403	1.8218845402777593	2.662419450542712	3.469878564828271	3.9377764529964927	3.763150527001977	3.030064278939439	2.310531583225651	1.8159575872610363	1.471142258767409	1.3226870713250745	1.2946839461855653	1.3031520147556463	1.306612019456083	1.300814780987512	1.303494573168648	1.3258922380552718	1.38978929407361	1.4944217727631746	1.6176322417285471	1.742810975317212	1.84801640091688	1.8892241115089894	1.8585265917843174	1.7577710620948261	1.6152791584516737	1.5010946947942685	1.3959189499375237	1.3080068829172995	1.2318600848938488	1.1725604607491396	1.1295219881994212	1.0895426979155725	1.0480289579048117	1.0005673719587935	0.9504805292119947	0.8898906462529556	0.8455919097615983	0.7965128272324519	0.7368129151982714	0.6602029670410536	0.5712676507425156	0.4613954318664465	0.3555046175099244	0.2538530506427955	0.17113773347016178	0.10912545579097813	0.06675368767582524	0.039567937297051714	0.022612301024370222	0.012632713819268528	0.006813133522890632	0.003685371499496518	0.0019281159564056925	0.0010083542778181102	0.000504962428606873	0.00025170592026146205	0.00012515220688068853	6.973253524258315e-05	6.262822684009385e-05	0.00011182689142918582	0.00024995360989279173	0.0005747087673504481	0.0009664480215502367	0.0013381309721249841	0.0011529682263531496	0.0007576775167453226
CC221487	p2	0.005844290225057269	0.006217219957096818	0.006374659604425164	0.0087649525500147	0.017885345935211412	0.0425646761974288	0.09408455643165903	0.15833191728473395	0.19816000758328375	0.18284032248212195	0.15631768965702636	0.1413217195947911	0.15201143410842805	0.18266364896691523	0.228528782625044	0.29907791673702944	0.3790248014141714	0.4556650517229187	0.5117265478982377	0.5429272982017858	0.5539638275375413	0.5464043749606986	0.5198044572110522	0.4822169805204014	0.4356192004564023	0.3947886745557592	0.36277261007633	0.3349363377415676	0.3157006443575719	0.29591238878653664	0.28256340983051836	0.27824643734237975	0.27030541586712664	0.2703173772849491	0.2771077791071115	0.2794868652909775	0.2880951175109745	0.30505005496948423	0.3235276302848144	0.33714727446688414	0.3406141650176989	0.3476658292623478	0.3568866521014622	0.3668312113073928	0.37607063479194186	0.38271585435079597	0.3717682895521096	0.35647152904572293	0.33062188783804686	0.3158237757263042	0.3077087083933884	0.30199781023628325	0.28269118441521	0.24540021199308112	0.2026394423221755	0.16125724668527172	0.12527823924976686	0.09873336775184073	0.0780507367596762	0.05861589198255731	0.03592884525260457	0.017136405098758568	0.007865896907057005	0.003573820883769932	0.0021443066369097753	0.0019342690267647692	0.0028919269508790525	0.004980905007359565	0.008656314126315208	0.014969176503779904	0.023004946044505772	0.034185380511580356	0.04411818227737897	0.051442759499604904	0.055356897804371204	0.054110277524885717	0.04920598564254629
CC221487	p5	0.007458020795163955	0.010725494037820738	0.018179475459056814	0.024430720841082772	0.03323184518798451	0.05064735148008602	0.07298556037184248	0.09140994991825115	0.09633024178886135	0.0971908970744025	0.10274106667072781	0.1185786617588381	0.15300653937495945	0.2096494342462731	0.3023985132046722	0.41754109628789493	0.5146181099026578	0.5904068949357248	0.6232078599022395	0.6197618361757085	0.5836305589460397	0.5415595736916728	0.49929280808822835	0.45578748340207736	0.4159017237372211	0.3855761697819173	0.3661307592613236	0.3624241787341322	0.36377487632095046	0.3665059603738715	0.37914807250161375	0.3933997976661681	0.3961658827444636	0.3861258082698085	0.37596629664982284	0.3728340012576004	0.36676413842348027	0.36293887868036384	0.3580635955470806	0.3598890248376771	0.36322954080904224	0.3709850472757754	0.3804181873456569	0.39079957924344094	0.3999471620960184	0.4070387672607525	0.416765888398171	0.4198610569848551	0.4075758554009083	0.38235768389877306	0.3558263061690771	0.32838167361147524	0.30221423289783866	0.27109338204835287	0.22226312311922505	0.16825261850503237	0.12467470107570805	0.08697987420778254	0.05708708627034202	0.0374008267768188	0.024240232558677563	0.014205844879420813	0.008664733994498484	0.005351195189101847	0.0032524508601106594	0.002199146383740861	0.002111117183100609	0.0030054617015454446	0.005700908666355196	0.011604980012067716	0.021521334189002386	0.035611349896454696	0.04852910878027412	0.059951739908466736	0.06259619849300949	0.0545706224127305	0.04444497803478751
CC221585	p2	0.0003364526141351212	0.0007072977088965925	0.00152549039464838	0.0036834474964731008	0.00860305615275758	0.01848677022447533	0.041503975385504654	0.0914704143819949	0.1733956479598679	0.2923852194844586	0.4508232360821835	0.6723791801188871	0.9813943408044471	1.4026048770630781	1.9633230403441586	2.6302701532388495	3.011744501477349	2.951088556225839	2.6400985353350976	2.218568433623647	1.8383619999010568	1.5698688992368772	1.4275291571093822	1.33747824039327	1.2888702725990484	1.2619917692779496	1.233377773539481	1.2013145145005442	1.1621858863113699	1.1178825814531026	1.0839104010137497	1.0429541172286618	1.0221782844126175	1.0149270344319314	1.0186670610913156	1.0372857524533872	1.050365923924517	1.0313907120169665	0.9941880426902857	0.9513051222223186	0.894792397583411	0.8387276415893634	0.7854708815522006	0.7381400618833907	0.6986439190792467	0.6567242428864896	0.6203995966736884	0.5876850875669144	0.5441606670057074	0.49722661958726944	0.4497182248486102	0.3899974664159111	0.32962699593234474	0.26018949418814247	0.19335472577909987	0.1367935248047906	0.09311690698588072	0.05488777973163247	0.031092323854542404	0.017464835157537332	0.0094179722820927	0.005193216241244196	0.0028087123089242426	0.0014822255504304983	0.0008092178030985765	0.0004400271607567753	0.00034358495447428473	0.0004467088282918778	0.0008649654820194823	0.0018261947047869662	0.003567423119401847	0.006680355370615738	0.011210627260124988	0.015517933603764541	0.017436320301716844	0.01631474256290626	0.013319179252891583
CC221585	p5	0.00043698424904517464	0.0008973473086574	0.0019940570081681142	0.004508738383775403	0.010928192461196348	0.02613316355364842	0.05634697394837763	0.107504532629564	0.1858501172885929	0.2829550636766786	0.41284651238747105	0.5939214240281169	0.8476353244202793	1.1941704341366974	1.6139775179226818	2.0664190489792573	2.4171496663730196	2.423153103145017	2.1717915515104256	1.8723789867431417	1.6370245520892646	1.4934212459845688	1.4109147883293078	1.3566259978992306	1.2996357898202948	1.2441682001723833	1.1916696532333826	1.1407395828582894	1.086619140965136	1.041012062556463	1.0027295366115714	0.9543816635746096	0.9237610732610828	0.895574957746189	0.8763029961657995	0.8683012830252399	0.843465888207949	0.8230271014520789	0.7984558090458752	0.7696102098381162	0.7390084888542813	0.7122856804031341	0.6891755481536517	0.6678185564448427	0.6513838720203015	0.632596549204013	0.6221917625276012	0.6042037011167373	0.5797895377877321	0.5338009374488281	0.48050793636061917	0.4167725577843662	0.3449106371508182	0.2616028051448322	0.18532740985244142	0.12287199115365874	0.07676216874819451	0.04645387255806301	0.026333711830087442	0.014609757004735878	0.007876386672945213	0.003992716699335008	0.002077975775576003	0.001042203986725929	0.0005271568496343103	0.0002834369265869709	0.00018538981704098768	0.00021291948358153446	0.0004069770374853952	0.0009127400651086145	0.0020046316782878523	0.004112508333225691	0.007017689923871781	0.010246124404810219	0.0108535917887411	0.00922427915564909	0.00637598462293683
CC221977	p2	0.0014421294209251132	0.0029254022733836466	0.006660350675185597	0.016203385406860546	0.043755582897737164	0.11883897573218825	0.277263498362017	0.5223554572296734	0.7159773289342262	0.7822060281245534	0.7557774667790776	0.7481753371817466	0.840619793891358	1.0412325240847489	1.3286481175333535	1.5715475687989378	1.7281789290530911	1.7626492318573144	1.6899376035491065	1.5781129076263911	1.466158437676731	1.3720505503356992	1.3044165476087162	1.2577476954720546	1.2200884119149555	1.1943628840992988	1.1708734139239325	1.1511852751902047	1.130830492688948	1.1105539519788559	1.079485825125566	1.059333703081428	1.0461893405805367	1.0393408597926006	1.0261984856766444	1.0225967184222906	1.0209678810365435	1.0137400894763475	1.0009586191531694	0.9831165903242054	0.9517143658944975	0.9199219491340072	0.8905223407567967	0.8651349607851423	0.8434153274742527	0.8175062227844163	0.7861593099686687	0.7388871603619024	0.6757370785031989	0.5967310520135707	0.5150762298208728	0.43532965719319805	0.3555350273670012	0.27530271425790404	0.19587278279921624	0.12825420068786847	0.07728012605214864	0.04398927621868194	0.024557134467961223	0.013250189944579143	0.007156794236611578	0.003689248052813923	0.0019336790396264315	0.0009832529953963396	0.000492569279100737	0.00025610059636932853	0.00016379548096927203	0.00020685062909625983	0.00045380392302620605	0.0011817603352432926	0.0026318776731883388	0.005056550032357872	0.008612228396815887	0.0130182703253855	0.01511821753342158	0.013832766485863924	0.01126767341658918
CC221977	p5	0.0009173849146739231	0.001835509373166393	0.004037396207263168	0.009855129807192857	0.028007742784589985	0.08108596899684874	0.205534769579894	0.40122678558751396	0.580189505821186	0.6690811346043808	0.6740277108889245	0.6828073333411954	0.7767665427018526	0.98381699276239	1.2564289328414304	1.5172370275883784	1.6855607588516135	1.7376009789326825	1.6978103680331005	1.6123684167009948	1.5225907229700795	1.4473184269181842	1.3939128649904586	1.356940324440239	1.3248076933869095	1.2964124150597376	1.275252773902724	1.2498718012752743	1.2199714682155651	1.1815570630363632	1.1461148851439147	1.115017457566763	1.0841346520590531	1.0581814612957243	1.0471424881865083	1.0488040365884033	1.058496646070802	1.0635913111393314	1.0708789384919235	1.0712992119803728	1.0577219575741081	1.042560514302924	1.0245035954406716	1.0034585145976747	0.9783675032423147	0.9362044169875575	0.8810527852816686	0.8168659405822057	0.7365841154994849	0.6412845758759708	0.5454136432675427	0.45108481266473105	0.36480520933942023	0.27581926560154413	0.1978346160151628	0.1355153426854515	0.08524187543574936	0.04980226209562534	0.028218925854815058	0.01595627517950817	0.008855502185879847	0.0047849303049374995	0.002552397754396321	0.001334398819462186	0.0006752811623850673	0.0003584194915085332	0.00021420605011920058	0.00019627428507480222	0.000303908298351909	0.000550048018586079	0.001062187803750482	0.0018530622631485563	0.0030166708099091024	0.004995479667457619	0.006850097022175311	0.006010493124543689	0.003777506643885563
CC222258	p2	0.0009139808083093273	0.0021727934728472025	0.00517596962131054	0.013316366913419229	0.03426696072221684	0.08309382574617846	0.1764917776857914	0.31986898676814673	0.5274334948004739	0.8136459191186217	1.1926664102410724	1.692699077674304	2.184845455437849	2.3496283496035284	2.1257746732431637	1.877004294292112	1.7207722111626544	1.550758315288646	1.3388825264865674	1.143118996522925	1.0116575006594473	0.9355001176749514	0.879235357895148	0.8552827451386283	0.8569371260830297	0.8933632071315696	0.9417758775147712	0.9860120000828424	1.022804894487522	1.053437972907501	1.0400323789947967	1.0018851877160906	0.9252343795865923	0.8634382163164842	0.815456479122492	0.7790922804406308	0.744755148369955	0.719306314263524	0.7057109375471713	0.6848416471761214	0.670921834271523	0.6579278142785178	0.6441935422078736	0.6270798635058941	0.6041078558758529	0.5705832253683035	0.5336223251570312	0.48545148166063706	0.41828148207121274	0.33918775135844714	0.2785704453709409	0.2605127535383079	0.23592103835088207	0.15852817392384225	0.08940626790152217	0.05264033458384699	0.031261876860720336	0.019134657686937697	0.011709664104363379	0.006876693655720269	0.0039796872157753654	0.002275652230395296	0.0012602320651840149	0.0007304025821739624	0.0004988994603467091	0.0005383384105088977	0.000821836335059657	0.0016431759238135974	0.00334042774469157	0.006184391286509669	0.011122439520537396	0.018441398577094613	0.027460350457057126	0.036438490185585086	0.039499407383483655	0.035468351630932995	0.02941522780532983
CC222258	p5	0.0017642684533579552	0.004989171270419166	0.013727907371151878	0.03648327553675494	0.08892029479236503	0.1988754821838759	0.3898748251274249	0.6699556444989758	1.0301298576069466	1.4632806495128925	1.9540294299168073	2.424567815554376	2.6763608297054025	2.5315692620308554	2.2215988064698693	1.9070880842958953	1.6703352285754842	1.4929466100092452	1.3605327205107733	1.2800052414613137	1.2337037668275674	1.2077364752625812	1.217459953153637	1.2437754071216693	1.2699595172172704	1.301525829800377	1.3598179201970835	1.405130233475047	1.4242849835423559	1.3966325442782093	1.3524716927097942	1.2954414326493047	1.2278483802087687	1.154571687622066	1.0810535167148632	1.0113519084988063	0.9561960903307477	0.9140320526388743	0.8880714031809281	0.8698293519274723	0.8545234935182696	0.8427277123153922	0.8282662130729058	0.8073449548637648	0.7780477158155759	0.7422124695117227	0.6885017922674526	0.6240301375751103	0.55082499048801	0.47733548753663496	0.4012009519606703	0.3280365591331652	0.2645854122898798	0.20041997838018666	0.14749897918038943	0.10135678748178512	0.06657003814649902	0.04213661721284857	0.026657938818615386	0.016256561838488358	0.009808239178092927	0.005900291099268375	0.003477617510926095	0.001943855057175402	0.0010785143076183648	0.0005996193957435744	0.000398397225270239	0.0004063075182329343	0.0007089706390822036	0.0014449585056500948	0.002779436484799299	0.00470817356880442	0.007039939283827393	0.010221115150305615	0.012470166526912005	0.011972249836394657	0.010622671882307118
CC222264	p2	0.000146421671701206	0.00040057511810744713	0.001123368129953957	0.003167241296703371	0.008856562757652635	0.024465988919334204	0.06134895681415349	0.1394562231396194	0.2651350405948664	0.4003717210662887	0.43786703786743547	0.46462767008094785	0.5614093517162683	0.687927385506083	0.852041994431467	1.2613644086462623	1.972925175232332	2.6202055471874837	2.6834421486129867	2.0449129768088756	1.2573555014168456	0.7857146739511749	0.6020723187407898	0.5527462626638965	0.5586403441552892	0.5860783042962492	0.6231159829675496	0.6619714995270694	0.6953831894048165	0.7101630158764551	0.7146913905330191	0.7398695377020366	0.7532724054091733	0.7679091360437763	0.7896059008587696	0.8423717334372406	0.8989934820141826	0.946865536384648	0.991347537387645	0.9832213148563649	0.8723087439885773	0.786322179308706	0.7005074716171195	0.6215385081020599	0.554932368902053	0.4992548318274889	0.45451818390878945	0.4275629950501981	0.3802659351327065	0.32356874533734836	0.2710727523196693	0.22369525579845745	0.17308065687637778	0.12915563141875055	0.09103515111700378	0.06169226423052828	0.03851699481989708	0.022480118496874653	0.01405341212476355	0.010852191264011522	0.005713398702834205	0.0021768105796264605	0.0009585306322454284	0.0005024172057527933	0.000382731372723958	0.0006643950338262807	0.0015878568118895301	0.0026613979268275342	0.0048937837775035456	0.009108586152237095	0.015009272256342094	0.021139709040586624	0.02945309526436535	0.03729688771329002	0.037896947173514106	0.0350077553004459	0.0289800727186375
CC222264	p5	0.0003276484503456045	0.0009412601240719372	0.002743118040689413	0.007780159708544259	0.020071883039053377	0.04694476561887792	0.0949367169871973	0.17166139861150662	0.26974032221781435	0.3497149209014106	0.404437921692278	0.4900861946079346	0.6759677346463537	0.9993118878942847	1.4911171662620255	2.288675812558497	3.15141544152393	3.3286816223155657	2.610427796827134	1.5847222282859588	0.9283134008582001	0.683406303797921	0.6221518179605996	0.6312513376740452	0.6706468995501282	0.7217152068736946	0.767584662434465	0.8183269878527921	0.8552291354793589	0.8746252754301739	0.8771381637317787	0.8855467197467918	0.9117400440941408	0.9669110523015413	1.0356429336534738	1.122460280137445	1.2197233860427201	1.2822025077669144	1.2905663595929884	1.2077975629459907	1.0754628756548017	0.9353071869181631	0.7938422203834005	0.6671458253566757	0.565243453658707	0.48966464916961583	0.43430996039483627	0.39238783932086113	0.3576088344514662	0.3204698440219302	0.2748890725888605	0.22190520342198403	0.17305062861275897	0.1308652212661141	0.09460215042686963	0.06546699281076727	0.04168370219339342	0.02533947833778211	0.014759178215927343	0.008218476914034325	0.004481899195447883	0.002316826764693117	0.0011951968622066203	0.0006022679069436279	0.00031506917705566664	0.00020373953909753057	0.00023282263263358746	0.00046656593900425386	0.0009829628809013898	0.001994447705275739	0.003743251354209963	0.0065275444312776635	0.010210328440322809	0.014029595983988983	0.016004121746761867	0.014661093634001516	0.011792703284681346
CC222496	p2	0.0011795478709785516	0.002258517151173012	0.004469958431493132	0.009174249241380553	0.020682571265527853	0.047010853629444196	0.09555482992880349	0.16169306264302008	0.22418972100524556	0.29798635930096484	0.42829799709821803	0.6795810206492534	1.156718719311777	1.9953666497083196	3.0589052564898913	3.726380163252907	3.465306928068779	2.5895365323691926	1.7945624656834849	1.2850335625921767	0.9541575108481759	0.7250125277213679	0.6032278887299212	0.5234877900858087	0.4802475796258046	0.45028724519916297	0.4211914354041428	0.4079987680147937	0.4185075043302273	0.4475956241062552	0.5216764405487309	0.6556621244830992	0.8596540753533845	1.121541910822964	1.2878591108897097	1.2327164541557758	0.9943697883420659	0.7161701310634859	0.5177177831826065	0.3968137257670368	0.3410284043381767	0.3008031062683568	0.2738182413555716	0.25368955184767805	0.23896059052658583	0.2327544758159395	0.23820005253899146	0.23997701181940018	0.23532466145155187	0.24315516373918186	0.2651941050567779	0.2953343309073019	0.3042170343741084	0.26980039889225493	0.19595583876358472	0.12239673730495924	0.0606997422187442	0.02743926574053763	0.011882107810012253	0.005390880480233012	0.002739114826909045	0.0017924285185113376	0.0017458688181431383	0.002320399045415761	0.0038088234081937833	0.005633954375849511	0.00848957761058077	0.012406076179674099	0.01753188489412891	0.02032577848879478	0.02257421217122901	0.027186669101338386	0.03142804470772229	0.03270145954003219	0.034461677471528986	0.031189502998055518	0.026079455585583014
CC222496	p5	0.0002974655372348961	0.0008303376679449256	0.0027757414447237326	0.011034592897718777	0.04152619219214437	0.13229414552762095	0.3354199711965577	0.5976199557816478	0.7050509052858193	0.6831425741100839	0.7304559581784502	0.9968550581171922	1.6193624735185208	2.5514223282890915	3.3959685683295433	3.548347621038057	3.042540779365073	2.316229816842795	1.6886246307457018	1.2354545329941207	0.9396737306213705	0.7617193703268744	0.6659541291036855	0.6010079182445408	0.5450673884250975	0.5028298854867591	0.492100206734242	0.5112479224068891	0.5570132971298271	0.6328669615461726	0.7468442330933445	0.8969510708581441	1.065185070817321	1.1581812440685348	1.0987740088985964	0.9348927531586393	0.7602268802767491	0.6043719010038568	0.48880609093615174	0.3984233643106852	0.3412877274985052	0.29989330244141876	0.27148542390588415	0.25006170261159527	0.23249564616470264	0.21734226279522734	0.2115662882761301	0.21716721411887857	0.23120779781932346	0.24691966129785617	0.2507076270214716	0.23448286336663482	0.19326246249507553	0.13299594854544064	0.08102913968405161	0.041969722053226556	0.021153781830450916	0.010450609250677267	0.005424383418857285	0.002969891241727709	0.0016279684621861477	0.000934807303911239	0.0005066634913172515	0.00027412612969994563	0.0001780840327297547	0.00018406022526967867	0.00036228519162738107	0.0009014199173246114	0.0020840095523638703	0.0042218881719665365	0.00861092771608816	0.016580659145609262	0.027318204902321057	0.0356930802587002	0.03885041098092007	0.034158249515141015	0.024891561949305637
CC222652	p2	0.0003341277468428432	0.0007891040852912437	0.0019233641839276109	0.004563768229854966	0.010191008616867586	0.021358340201994168	0.042086997661383144	0.08216270297290419	0.15144858068355763	0.25053782880091685	0.39411606245267605	0.6089828477499033	0.9096287107646424	1.2823785704250068	1.7091688898041708	2.091555615922389	2.366401455030434	2.5913226845812356	2.7172846832464295	2.6786890495853632	2.4661509333927367	2.181200410045151	1.8875433876848273	1.6319696662814323	1.4509371278989445	1.3317017331567864	1.2528630516843584	1.192745227501835	1.152049463557665	1.1294450781127352	1.1132881286522383	1.0938145599684386	1.072748253661513	1.0605299716531638	1.0558306303684442	1.064630994029063	1.078267701094754	1.0934437853121317	1.0929109167835085	1.0902010250080558	1.0687395666410404	1.0409397810089998	1.0073763238417976	0.9721733152165083	0.9387253677644157	0.910115977160193	0.8787583121976396	0.8553483478142001	0.814906754197784	0.7563442055824406	0.6791264163976793	0.5966683966428693	0.5028245566190109	0.40966128602042795	0.31292145548336475	0.22191904838743537	0.1466537205365248	0.09406644820025871	0.059264007262504796	0.037531081868004704	0.019473994680265675	0.009877085963641884	0.005340048487798669	0.002908582987860264	0.0015830604073732142	0.0008503975659896813	0.0004452450028344271	0.00024135927843848623	0.00015871260111252093	0.00019168299535162598	0.0004351297960068629	0.0009239200786724609	0.0013438295405709007	0.0018799214777325947	0.002654377250496927	0.003036214073704406	0.0025868396728911027
CC222652	p5	0.0005164598504403504	0.0010846804377329447	0.0023177822578223347	0.006120085402775444	0.016099101600792105	0.03501098782494887	0.05850988552502838	0.10272390011193863	0.17150696466263998	0.2683419327196806	0.4037401654253452	0.6039486290925121	0.8821610272046893	1.2192228231029256	1.588012740533698	1.920817570874669	2.17463052216494	2.3257685834372293	2.3330315878970485	2.2214953961981054	2.017262475953538	1.7825379003401287	1.566022825280062	1.404778881184175	1.2955268668532178	1.2149765033654818	1.1501907790067345	1.0942233992857142	1.0406960940220091	0.9965424421234917	0.9501993868225981	0.9249133455401334	0.905755593676206	0.8861850451112222	0.8793748244756492	0.883005819344985	0.8941175645606901	0.8885380859849238	0.8823593321972515	0.8624383561297467	0.8344757967310512	0.7986034448705607	0.7608941763625705	0.7270575519146514	0.7037776253088358	0.672066607302795	0.6549092742862653	0.6541079876245512	0.6275734023726711	0.5460391898978855	0.4568282194840894	0.38129256298821695	0.30903700675682594	0.23431468972277186	0.1748236675032078	0.12708469732354608	0.07918618864655089	0.04295830389932728	0.02206256484342448	0.011344283209272082	0.005815914543531286	0.0030759843051845963	0.0015825022411163493	0.000824229875996992	0.00042441290875067734	0.00022914493888627848	0.00013708550363931925	0.00013456322855138163	0.00023033187054331158	0.000506737195681603	0.001107935833117406	0.002191835439442176	0.003972476047478845	0.006458471676506934	0.008045379625566921	0.007173290828070348	0.0050733456501353795
CC223286	p2	0.00036074456505012065	0.0008645186159089841	0.002034423518563811	0.00470638279483969	0.010444641316888763	0.023114834035706862	0.04851385036481462	0.0974360073913393	0.1886171626027391	0.34070292305817473	0.5512831141191429	0.8037372751933649	1.083493043944701	1.384405681717092	1.6971901364864703	2.0094502981722995	2.2914293235841274	2.3504924155876017	2.1049863882763473	1.8000032524723295	1.5359946050920636	1.3470698009744373	1.2426447942329784	1.1927510253969051	1.1812443307694152	1.1808512029403526	1.1798310398175251	1.1896478169714597	1.2059172091721533	1.2361457454007767	1.286951441917907	1.3347380221379677	1.3811164150190731	1.4217441124227397	1.4524017669839488	1.4647688521868028	1.4616219582282617	1.438402308391566	1.4107840978459176	1.3739255848727043	1.3277550463529797	1.2792159745759497	1.2311512094560704	1.1852656987953192	1.1416291465476953	1.095719380914073	1.0352079636649392	0.9744490543857056	0.9125519605750911	0.8224534283540863	0.713074437948917	0.6079726329133256	0.5054890196843673	0.39598345979430777	0.28743519254659816	0.19008722137141892	0.11534715126676148	0.06669139915291675	0.03659638696623979	0.0195478535899932	0.010273292273764174	0.0050860978397207005	0.0025125830296967343	0.0012294324884163242	0.0005961661680990214	0.00029939149365244003	0.00018109569376881417	0.0001976121581515793	0.00037281880431587163	0.0010034817030644388	0.0026450643518306895	0.005866762828112166	0.010962761521633451	0.016002852649800406	0.01768972962885888	0.015432263847457231	0.010265211672989587
CC223286	p5	0.0008143861687596686	0.003842184250097992	0.01334572834645956	0.01748681611263587	0.008787876692022335	0.015158337226938044	0.032810001997342984	0.07187650455312301	0.15205511551763357	0.2797067409527722	0.4426417492541728	0.6807776166613714	0.9862297932708695	1.329367342944876	1.6531108559032641	1.9480894273240261	2.1408558511148423	2.0914700759140548	1.8538806015123497	1.6152709571381854	1.4404478725899201	1.3464801475484396	1.2948734494442258	1.2638505040809407	1.24452943461005	1.2317409007903954	1.2099894809730283	1.2085683617566874	1.2261066694405964	1.2470164277616096	1.2785429536069082	1.3171398981694595	1.346300521054142	1.3712928160920315	1.3858844329414914	1.3861443898950845	1.3716726446165917	1.3538399250171862	1.3330325274297905	1.3051529025907675	1.2750586757048086	1.2481532914112934	1.2232777099118644	1.1984418409778241	1.171185680044944	1.1260313896836824	1.0666876877794846	0.9824308370750852	0.872698203542024	0.7601345734642208	0.6443602638988004	0.5313654787216738	0.43225638150921064	0.3318187294513941	0.23466797381963364	0.15325959658881672	0.09407981980563426	0.05473776986353583	0.03123142679561456	0.017622746313397625	0.009721062874944807	0.005315873067080013	0.0027917547911005926	0.001449573268592327	0.0007458594434933208	0.0003915539693946547	0.0002536772833625189	0.00027588382560845865	0.0005016101490788978	0.001069535144309614	0.002404139664507536	0.004742203660162714	0.007912542436443747	0.012428046220559642	0.014407345186464686	0.013174456250322727	0.01044631369243229
CC310051	p2	0.0032457858549195923	0.002772209964497843	0.002762889732749153	0.004392028829686305	0.01278034078349563	0.038741252899670724	0.10742398972540315	0.24806559924819874	0.46730158890411577	0.7411191985515511	0.9824033472491281	1.1888210590791628	1.551768372047214	2.3392393391014563	2.9921677960038426	2.4000803117519283	1.3311026826280234	0.8108919682130381	0.6493422436036511	0.6127658723752006	0.6221613016998881	0.6652581297615828	0.7165620771189666	0.7828542854670643	0.8719749977395863	1.0068739717606456	1.1743957615357157	1.353584000138226	1.5311689123473193	1.7130308274070951	1.8712971371943061	2.0285041440639078	2.0973555309845566	1.911206462361692	1.5536169327720757	1.2446178086407331	1.0250981168086937	0.8793756424433026	0.794270743504927	0.7433593025064875	0.7309514342289621	0.7382075290705659	0.7559043131764703	0.7772590254111819	0.799807276371584	0.8094077901882054	0.8283279534839457	0.8274829776550545	0.7909797714793266	0.7422053429749715	0.6604276699616106	0.5604104422544169	0.4470536414004224	0.33561543435476404	0.24596648290423828	0.1725294163891547	0.11423108815023796	0.07259199613307836	0.045933870615402765	0.028461273279764537	0.017008858427732438	0.010105392002715098	0.005837974865849565	0.0032838771205504695	0.0018017310814566327	0.0010307435798610446	0.0007355872777139509	0.0009658930274119399	0.0018629014416616893	0.00329678308380433	0.005173075928333322	0.007992045192352606	0.011825433705254346	0.014117446997053069	0.013788537316069457	0.011958760645932329	0.009369535148126839
CC310051	p5	0.0004802063857675578	0.0012412073765896284	0.003462504948808444	0.009857457432000826	0.02747341666130088	0.07436435378565955	0.18180373021698906	0.37001921302374957	0.6348994681337466	0.9431498223114769	1.2199960142755426	1.4468500065810692	1.8499476230773706	2.677822024484399	3.09641092220373	2.2475404347384362	1.3952028778416155	1.113486196366489	1.0428723111192826	1.0393344976762793	1.0443272823404817	1.0703791222468175	1.1225756576944033	1.22308453735081	1.372802961231986	1.5375859534059493	1.7133571360018984	1.899993097354138	2.075477579313613	2.2035463801051645	2.2776956062028484	2.3338886061544075	2.2826236883662454	2.0369838119528723	1.746874889009193	1.5002973408725777	1.304172157280111	1.162777016182694	1.0691815039153685	1.021209290832335	1.0208208984897855	1.0431822298669677	1.0771202739109742	1.1123331645397556	1.1392567913484857	1.1682722013584146	1.1919671760184793	1.1901258291070234	1.1607651394874787	1.0992198276656422	1.004952187622589	0.8660895696164679	0.7028964522895006	0.5415000815030887	0.391542661572946	0.272057522172888	0.17993281126208183	0.11767187383587802	0.07492925835659013	0.04610060656873067	0.02802101429478231	0.016610663607169424	0.009514884454486552	0.005358667915125564	0.0029882777288657027	0.0016102531454745411	0.0008475766323478713	0.00047531056260443835	0.00037713614502182807	0.0005188941369718102	0.0008997681757828272	0.001538503721931776	0.0022893652652589834	0.0029751969204013704	0.002870542146533113	0.002608312343593046	0.0022016999522353952
CC310086	p2	0.0004294652197343209	0.0012658568113065964	0.002001678800066068	0.0026328814554931732	0.006005377687165464	0.016601241525062607	0.028239472792457764	0.04510950891404119	0.07198475813421902	0.1152610553912277	0.186130817834614	0.2983137340525573	0.47298268353501605	0.7478594553963488	1.1155461619778977	1.3471574165176852	1.3298316673715913	1.262285557745605	1.2436846112481377	1.2411021188312028	1.229851439640548	1.2006551627200697	1.1711225471239333	1.167888558595532	1.19692833700671	1.2362158018846534	1.2647693451896993	1.285432861867587	1.2821368539576328	1.2696668810518177	1.2315109121922236	1.1712756047806296	1.1073857673299585	1.0486994757070809	0.9911163646361731	0.9382225558720207	0.9035329393818271	0.8768358880005911	0.8552691863412679	0.8404305989080164	0.8147992553229123	0.7893905025541571	0.7645088608161618	0.7455617177077606	0.7386481263917676	0.7517406215260986	0.7488767543946392	0.7586895042958277	0.6995219614369943	0.6109740704659563	0.5346950522072221	0.4698905048959967	0.40902712317331685	0.34744596215454365	0.2552163355590688	0.17618692478328382	0.11884675748813853	0.07637564804109645	0.04752155605206532	0.028066381357732054	0.015931944701225807	0.00866060431911787	0.00457683266078148	0.0023922586997101873	0.0012369934085150254	0.0006604663655986079	0.00045634920350252634	0.0005795387617156593	0.0011468628431593455	0.0025647382434620934	0.005693068357632104	0.009134799095830072	0.012129716931408064	0.014221984654972156	0.014722511569157347	0.012120926456868086	0.008855417829816347
CC310086	p5	0.00016776854673906312	0.0014398290940743983	0.012817465022615626	0.056713346050627556	0.08602991265937628	0.041155633118433614	0.033538992687833245	0.059793130410054164	0.10369467094278484	0.1817313350442619	0.32433299528039605	0.5368002066538102	0.7531369799907948	0.9392485346623528	1.0986759584913728	1.1932615956151844	1.1981293844312464	1.1916031148547048	1.211117397992137	1.2500012634021287	1.2955956007052971	1.3303871469514643	1.3465371925556484	1.3595847512953703	1.3778796687552934	1.3945859291661795	1.433749423411159	1.4864625675214154	1.5301682617049825	1.5566511001328174	1.5697095728092476	1.553847799443896	1.4986480170036307	1.416870630030989	1.3279919004564606	1.2309696220617958	1.1434901434494433	1.0707960583116032	1.0096475743996483	0.9665957088109784	0.93661218256797	0.9125364524756754	0.8897210815186442	0.8641428449167425	0.8350332696950071	0.799428165242088	0.7626787042300364	0.732940161680389	0.7091361672682087	0.6818925390145076	0.6471800110492653	0.5992520365288382	0.53080282238603	0.43825616123388866	0.34225891154114596	0.2555260518314734	0.18290438281878155	0.12177091401804385	0.07252465560975672	0.03981399127021452	0.019115577216545228	0.009239741489734834	0.004539734219586023	0.002234944017287989	0.0011006714746127687	0.0005368743794652094	0.0002733724830572824	0.0001793873514379636	0.0001905273622745289	0.00037888860140751956	0.000906375892168299	0.002111891683366276	0.004502557886799041	0.006592175050173912	0.005023808111742383	0.003055703866640952	0.0017380032211484911
CC310203	p2	0.0012474033028837992	0.0016807784828149223	0.0026695590549495668	0.004917916809809122	0.011344840578779613	0.028564743771692307	0.06681483650275469	0.11047948969155845	0.12049338636921827	0.11290679667657243	0.12137209817524923	0.1612464416340423	0.2690970421432511	0.5073482179537744	0.9871382536350738	1.7907484394463862	2.336065308641599	2.1606818792236857	1.5872002144308095	1.0667027834546778	0.7643012110250101	0.6075358991398646	0.535733966296168	0.48760019493964557	0.4438188343186602	0.41473107644908186	0.3908392354328935	0.3837129124788644	0.3720966362966461	0.36942140675858703	0.3697951198832859	0.3799566411996178	0.37890686500613097	0.3749595602036538	0.37771589693680163	0.39403045123834435	0.39040891633491787	0.3590979614413233	0.33129217910045883	0.3041840998095657	0.28533772287802445	0.26843440533346213	0.2570010653023445	0.25018611971297366	0.24775901490969895	0.256841411764889	0.26111774781359615	0.25883156080490155	0.2512904631605451	0.262435572890822	0.2714605947082201	0.25743209662364247	0.22915090671560748	0.18856739675322437	0.13840727863536423	0.09677083504676288	0.06552452581577195	0.04271533142867885	0.026159323549842073	0.013884808989374218	0.006858211596226081	0.0034798164948454282	0.0021121311836930605	0.0016275954034256812	0.0016638199888907277	0.0022999522653677404	0.003479862037043083	0.0055091458232605015	0.00839472623194765	0.012031454096205855	0.017106754051750325	0.02355091043448097	0.028920619915976897	0.03196315066223497	0.03187553822876907	0.029602059943721296	0.02546543498097242
CC310203	p5	0.0003990624874612242	0.0008652257087331164	0.0015888602158224381	0.0028817395813471153	0.005666311910199098	0.010655656384088101	0.019353197518708662	0.03420913617178181	0.0610983126922188	0.124444487747593	0.26614523140371676	0.549984818335803	1.059138365282967	1.7854564848227958	2.5158165123764564	2.6790608890274266	2.219968945639742	1.586548252213278	1.1509018032782499	0.9091403931312242	0.7926252831881155	0.7419804550962511	0.6987335406074421	0.6513875645582144	0.6110227254808966	0.5837377425932053	0.572801979377229	0.580056064676159	0.5916627373282428	0.6058004026892887	0.6101052160194894	0.6182083755305492	0.6173413738103843	0.6092323780072484	0.5801339244814502	0.5230897845170348	0.4596744771623439	0.41086007401381136	0.3838424366325474	0.38781520396680286	0.42045800062231287	0.4683590432486532	0.5195477923342834	0.5708590036559447	0.5980836681243641	0.5935636163077816	0.5766112910068061	0.5453049394299886	0.5025318341091485	0.46473366264387417	0.4004110518027862	0.331871664659577	0.25316778685380653	0.1790882591671217	0.11540230139721407	0.0698831868338411	0.040224839524335095	0.02212038279702508	0.012042464402909667	0.006349093721202633	0.0033246436224318703	0.0017078766162796498	0.0008630641933779486	0.00043486185280357617	0.00028228480258104914	0.0003351500705462942	0.0006521031288107598	0.00141323273835679	0.0031050522429565417	0.006434576930788718	0.011707205369131694	0.019623966971493073	0.0314114581233606	0.041764828157950254	0.046184763084251415	0.04265855575828671	0.03319169487847124
CC310407	p2	8.136021452304445e-05	0.0001727382220569378	0.00038775540326938825	0.0008225764688537172	0.001707810201226204	0.0036801264908589153	0.007802355695086596	0.016629733498154442	0.036330979122924226	0.07517032264805605	0.13580987094706615	0.2267650299903915	0.38172355058489643	0.601019238086073	0.7897165386274771	0.849286158696175	0.8667621598404258	0.880641650635438	0.9055258115139309	0.8757565670015133	0.8050955485979234	0.7495062844979303	0.7420717795212429	0.7674169726417384	0.8133811947990268	0.8863054619533487	0.9575015141990052	1.0448588293636214	1.129212670906031	1.2058436752538508	1.2678978869684052	1.312548497280905	1.3494246828627772	1.3524079522869557	1.3366650108568048	1.3281678314587038	1.3108518585613085	1.2864409140528434	1.2654320201957223	1.2462072806619569	1.2271780066886384	1.217065610570408	1.2125383217191397	1.2116465846993096	1.2096274306460355	1.1977435557730798	1.1979762228642623	1.177833175140056	1.1396358967948654	1.0753454164351575	1.0070478563382144	0.9252956676468332	0.8077789507569878	0.6659898685064051	0.5259864090566791	0.39055393746130157	0.27969306300658225	0.183886363212945	0.11692949147564119	0.06862102365637622	0.03779290607138554	0.020107657290347084	0.010705504158667167	0.0057461876959055	0.0029361047051143724	0.0016123221081647983	0.001216158855770904	0.0014984969220511336	0.002497459246019281	0.004154385737648235	0.0068954765035828935	0.010919631867574192	0.01621352474171327	0.020967947965198692	0.02144339626038429	0.01907594199232905	0.015697272572601558
CC310407	p5	0.0012402646105346277	0.0022969936578819735	0.005006473604990077	0.010315441404225639	0.011516975938498741	0.006473057402424912	0.003898052444077877	0.005567199560399397	0.010795187354442508	0.02130381744973286	0.04325967324126882	0.0843872652378478	0.15883146553082972	0.2893183694094192	0.448459814113622	0.563097848159705	0.6234692836486162	0.6293141616151139	0.6323439632028648	0.6548953709924049	0.6630121373767839	0.6603226710933893	0.670640440161775	0.6909659904721805	0.7289928838350711	0.775637103582825	0.8257618765033409	0.8858889987446176	0.9562276428948919	1.035233146613183	1.1119350513294497	1.1674777522774427	1.201894155140863	1.206671438234796	1.1871595611934453	1.1620941588447533	1.1234687407017805	1.0832107695994644	1.050261120066844	1.0231413454100213	1.0122771814737377	1.0090098600820159	1.0104047767322901	1.017756872476404	1.0176187168940807	1.0067037909965517	1.0027757960092365	0.9801433344281799	0.9214437443406567	0.8326999288274585	0.7353332263004604	0.6373580579922072	0.5224743139756981	0.4039923368320932	0.29839934154514874	0.2110528680394537	0.14299781618064988	0.08888263154208173	0.04989257441355679	0.029493703531634857	0.01591240311452607	0.008807730881616122	0.0047932291032335055	0.0025124147652075468	0.00132989767490805	0.000855771047339803	0.0008367576629910197	0.0014819185646318782	0.003178675556291211	0.006587404068477804	0.0125741201938594	0.021480676710109513	0.03135232268215155	0.04047569146648622	0.04206088778468027	0.040188657513837385	0.03401463167429503
CC310410	p2	0.0002559625426597752	0.0008283079323461544	0.0025333575412920632	0.008433908800822558	0.029268788145677925	0.09957265869738398	0.26607503833746493	0.5509277565917422	0.707942144813148	0.8842233467307465	1.187212364704787	1.577457008162691	1.9459622132811292	2.2449539902382734	2.374523038595813	2.216093389004005	1.7739357801056537	1.3097207385947598	1.003300839843608	0.8549676809591855	0.7873712991074873	0.7506486596888736	0.736992436445406	0.7643470509069579	0.8237315650682949	0.8969851824170851	0.9707278687141226	1.0411908431149792	1.1049488240285101	1.1532265478051609	1.1720159000891381	1.1908563081557495	1.1963382947137715	1.1886323577090612	1.1530271653371635	1.1142514184272894	1.0841329232884547	1.0375754931839445	0.9868876105871542	0.9503226550426183	0.9115304889759586	0.8866174305332564	0.8667501918558006	0.8478221675328449	0.8262140426446306	0.7866079668882895	0.7343688140771077	0.682447656494293	0.61704952431776	0.5491561290164738	0.4786355956421768	0.40289230477059856	0.32781810147822993	0.24961271237612354	0.17124437198063808	0.11015051987315494	0.06571242912053808	0.037311544374335794	0.02012214864946262	0.01079609576769448	0.0055358526014165355	0.0028506430270867256	0.001476189514329419	0.0007697059669660431	0.00044772011678075957	0.00038662091092802985	0.0005663560910759458	0.001160154853934797	0.002354459108136593	0.004676268876715223	0.008417345263176907	0.013985293611045054	0.020601760651685775	0.025113691685345194	0.024934949259506387	0.02317111302600466	0.01988778088079107
CC310410	p5	0.001406336194454517	0.004067783483513005	0.013147832832079955	0.0434968340774261	0.1361899796926115	0.3162305718545164	0.5759170759817869	0.8941421064443994	1.1449710057301898	1.3876979089070807	1.6695580293890606	1.9463559792045735	2.1420393623407485	2.075881898278758	1.7541367126955971	1.3401441635560845	1.0154694696972815	0.8471969306931756	0.8000329293259775	0.8216964947751835	0.873564722655845	0.942279191416827	1.01102521977006	1.0775034408979833	1.1279716588901	1.1644796065980407	1.1930583628480076	1.2066058386055531	1.2151412435160318	1.2136109027981834	1.1983009874475612	1.1801948598522893	1.1532435241800942	1.1170670270277134	1.0754308046792211	1.0286429895844862	0.9793717470185651	0.9340807576649135	0.8923500031572049	0.8544580925929048	0.8225537441921211	0.7953283006953256	0.7699098274652322	0.7434207922612873	0.7138587055635269	0.6750220304999559	0.6328531649604583	0.5832722286337689	0.5151705270531808	0.43078701722535206	0.34235668820821646	0.25959162136430025	0.18557096420371239	0.12523350730684307	0.08038137955747121	0.0489695325472483	0.02865692491639577	0.016252321379597444	0.00903836453932556	0.004945582662477491	0.0026529500021544934	0.001413785971164353	0.0007303875757661159	0.000375072007625991	0.0002015743184572163	0.00014372147521433826	0.00018318975867750596	0.0003854199370219008	0.0008613123277052903	0.001851626043995968	0.003934213394572872	0.006940770885038755	0.010486737360563301	0.012939504544896629	0.013106596270125113	0.011825531618263404	0.009033650730575903
CC310414	p2	0.007369548219425811	0.011876453227831835	0.011475998897599985	0.014953816903047357	0.022593599788364643	0.039639701843612006	0.06756887011689351	0.10383552476101619	0.1479475354837948	0.19579058983471845	0.23863590528255027	0.28890603038729545	0.351425337544419	0.43269682681581545	0.5104628376227595	0.5852422258064159	0.6901095157079985	0.7577345097152453	0.7768871666434862	0.7229512117021147	0.6635268230540521	0.6214080068253793	0.5719356262551047	0.48214920325294314	0.3850347448842744	0.3183782622098555	0.2684270054919162	0.22656236892282874	0.19760080689990916	0.18414812981965373	0.1786793733074117	0.16551763882744472	0.1553963904445612	0.1530243934233739	0.1552728696275553	0.17156954561345525	0.19703196177226304	0.22949229572687685	0.26124621648766955	0.2723422829158899	0.27865159334790096	0.29061089626121545	0.301898104513238	0.31172680904983996	0.3219227524417403	0.33511449134542465	0.35921557752451827	0.39365602227932406	0.41407082536757017	0.3984558738583199	0.3721198348423973	0.37785236184819593	0.2955564854531268	0.1998570634240872	0.12356448166191576	0.07325734141285223	0.04079214394639243	0.021735835972939894	0.011731587794079908	0.006438503505612683	0.0035788083223969136	0.0023470688473462187	0.002119692336872348	0.0019398721217922794	0.001374064209912858	0.001515804015112008	0.0025373577794309244	0.004443400159386335	0.008019240391064315	0.012941511510638541	0.020709207293299222	0.030810983806251076	0.04224403069115269	0.053105783544062875	0.058169399788681596	0.05456884972757928	0.044052405425853494
CC310414	p5	0.0007400700217861454	0.0011585100354319924	0.0018932440830017464	0.004265411514482046	0.011514855709540887	0.026678665517386648	0.0503665836859161	0.0749085492616424	0.10038671356385657	0.13566822752168362	0.1857458004719046	0.27896560861036906	0.4477854299007163	0.6330871923475218	0.8000012876472915	0.8991490289878611	0.7757135290527103	0.5846272782557137	0.5058354053887174	0.5298393187436093	0.5902122396508184	0.6380985672557111	0.6500969909198375	0.6216102048013941	0.5376529971336453	0.43707688683275947	0.3532014770268805	0.29666074280044685	0.2729976707262254	0.28052396584039174	0.3021641650587355	0.315607242374675	0.32614699204106723	0.34418681625442243	0.35488001827236904	0.36017020590184	0.35005475335045755	0.34611709428902016	0.3471505735823697	0.3616538782377283	0.38805050110344214	0.4220294288661587	0.45962964731403677	0.4962711422895076	0.5277273733931392	0.5505516736607318	0.5618706697453477	0.5661328675646193	0.5641114234364659	0.5440595303952279	0.5013016942686438	0.4383626448534375	0.3604561539474526	0.28096604447671286	0.198661203510773	0.1321787614196932	0.08173354185556941	0.04842388212722047	0.02821450675202802	0.01594009737395608	0.00902008296675939	0.004841976907589359	0.002629488145975885	0.0014522147839188186	0.0009933370737025583	0.0010306065202476354	0.0015496778355619221	0.0028042869271081923	0.004939706867193334	0.008563768176025393	0.015398080056615063	0.026879292158957235	0.04365446567820541	0.058461718458465546	0.06269375764271234	0.05236772863738955	0.038392095159213414
CC310463	p2	0.0010619602431168713	0.0026371340424222673	0.006321658203687265	0.014569238551112931	0.03270888238356318	0.06933753763263822	0.14082474440137965	0.26496249597300386	0.4445111526395413	0.6666606809622849	0.949904780989737	1.2792155999366666	1.6079041331964987	1.7887436064914883	1.8578745776641181	1.9798486346614823	1.942728710386545	1.7110388022192735	1.4568324821180476	1.2125790058967711	1.0634280993962733	0.9998118071703522	0.9790713841540476	0.9700375268754204	0.9965660155926	1.0382649591183557	1.0661436749967454	1.0746131145930047	1.0738203872287806	1.0511159113459136	0.9791907125469996	0.9029385806894467	0.8389071323217234	0.7839134017819069	0.7524205059886453	0.7361405317758	0.712972310451169	0.6928294267815649	0.6839587153178345	0.6949249834724383	0.7155439966166947	0.742155565370887	0.7715454631578509	0.80149727722472	0.8322030313577621	0.8622921440145277	0.8946763271079123	0.9053469958155637	0.9019654408946248	0.9088719537609988	0.8746575919976345	0.803363701502	0.7104006556726508	0.5959682927329448	0.46303548275042183	0.3359647880986785	0.22564384765941006	0.15115004678557925	0.0935564090768706	0.051861594857622734	0.027639277046796563	0.013619742410675898	0.006798481140423599	0.0035035061925038752	0.0017829656839340735	0.0009231920386357916	0.0005156806093089838	0.00034401765564624477	0.00036626404629461207	0.000586235196918549	0.0011656670522177761	0.0023159724207572996	0.0042357601629924545	0.006721754535694461	0.007739931573571275	0.007029266470231629	0.005593203788211995
CC310463	p5	0.0014846583649666852	0.003462576438039657	0.008057199343737102	0.017928753608964204	0.03944631056297065	0.0853898319295607	0.17548591600674013	0.32975189161918517	0.5286563878403314	0.7809395927898549	1.0992996607884458	1.4490790170296435	1.8127066289951026	2.1154114977680853	2.3229203703218384	2.309527593095458	2.2129465131936867	2.07343976175365	1.7744718191696387	1.524229479401104	1.409788790582673	1.3607905028234533	1.3445236199562962	1.3386832130319977	1.3386576978102427	1.3451492694337621	1.3497778672855363	1.342507221851403	1.3286590438590178	1.3083594694846186	1.2773372701095589	1.2410622386339079	1.204170836087303	1.1599667985946596	1.1164510296886974	1.0802246983989627	1.0538578525728775	1.0279865108569706	1.0179228514346834	1.0227724547077808	1.0112633721663342	1.015298501588777	1.0220964802952828	1.0288159595753337	1.0335648012452525	1.0204273144633835	0.9854897673129049	0.9322395190729666	0.8652807361421714	0.7754412487828667	0.6816756282181742	0.5725368687512565	0.4615471253850735	0.345878604098867	0.2494115203497056	0.16329641235801412	0.09995703839373274	0.0574466099957914	0.032408158094771794	0.018027914969795545	0.00998002003150277	0.005301235648931855	0.0028656030271075835	0.0015117252108393497	0.0007835021246768928	0.0004189107921238147	0.00022009514542234204	0.00014958426907940304	0.0001984731554051482	0.000443139055015321	0.0011945969911945746	0.0030839646961895936	0.006654040790979638	0.011060617615546916	0.013285577446934978	0.011109250324877083	0.008128533865417897
CC310473	p2	0.0008140890003973451	0.0020425797285870623	0.0054511497655419594	0.015753039579505933	0.04862244257955052	0.13480886278094645	0.27299877961324487	0.3900749949967964	0.4655355759879757	0.5677506218721314	0.6777741501290571	0.795653001179237	0.9735211588242366	1.327288792922106	2.035553280394586	2.8287067985502725	2.779264699402228	1.9737861639962908	1.3865024841210216	1.167581298069208	1.093613242856803	1.0527777407810786	0.9898002576963274	0.9151312980896393	0.8613794784015495	0.8406132975866715	0.8232942944428163	0.7965120538951211	0.7724404289029784	0.7609391140188833	0.7674455700560863	0.7941795514955853	0.8412399112831757	0.9105609108660289	0.9831522620927983	1.0197888739057532	0.9945049750443992	0.9441011620982561	0.9035426040840316	0.8898288681694064	0.8819773681100139	0.8935726302994647	0.913170985842335	0.9342472317621173	0.9511766706148513	0.9393350509870141	0.8984942260515054	0.8378897345424619	0.7551455562111405	0.646684565861866	0.5308516194702976	0.4208367155233573	0.32496556244668445	0.23972145574005818	0.16916912033212037	0.11300313422198915	0.07338481740936624	0.0449165126735774	0.026927145982192053	0.015570158815264483	0.00869566963541133	0.004705270417749256	0.0025339232434115912	0.001320290947302155	0.0006747732920898078	0.0003402014636652243	0.00016833735160621006	9.697209186331603e-05	0.00010584179494202043	0.00025653703802254734	0.0007993450501955182	0.0020345780107587246	0.004296538322355601	0.007068246840088011	0.008260450795842962	0.006796987209194598	0.0046133917431064285
CC310473	p5	0.0008869061558692596	0.0019564505293700714	0.005018598046700786	0.018105206982961974	0.058022429206350604	0.10867411620338253	0.1326911801481489	0.1800528461570254	0.24280894983598006	0.3525990606562302	0.5109494252838671	0.7257195770781886	1.0717536708330413	1.7495142488797166	2.8102229450641865	3.246842875599761	2.598720678509515	1.6995242950608953	1.233678947753875	1.0592943310538927	0.9562936241290804	0.8691740180562393	0.7965051246050783	0.7508479455502202	0.7296885902052795	0.730073999367381	0.7481524924684575	0.7718333736073366	0.7961576758021436	0.8208659577912539	0.8464441742274775	0.875160458540522	0.9107483984319547	0.9525072838367457	0.9595217243014965	0.9232100297697176	0.8767993198961749	0.8333776519117828	0.8073971124368767	0.8080995211753377	0.7933463426841076	0.804025762734655	0.8226561958220188	0.8411371341404064	0.8549069622141637	0.8307790460566978	0.7790910151329008	0.7113835974445376	0.6216220646399271	0.5255984173831373	0.4340874081833038	0.3412564641592589	0.2566848687925005	0.1823653695206547	0.12394538445166749	0.08121608194903798	0.05056235279534524	0.03056852310113924	0.01801832108597694	0.010215205915698168	0.005703041556068162	0.003091128914164614	0.001672807925587274	0.0008789593314145533	0.0004489792830147461	0.0002625347616516703	0.00023662880133719147	0.00040747985836161874	0.000927683788773932	0.0020386900654572474	0.004025138837736715	0.007923127119332959	0.014397842259844465	0.023223826683224414	0.028384659247464424	0.027073930242266408	0.02137843380511989
CC312058	p2	0.0001282583989610042	0.0005685902943442753	0.0030292433007905444	0.00731504564167717	0.02233761160709608	0.031378105995535435	0.0415291384765681	0.07894525682563308	0.16316552769720066	0.3139977997611405	0.5572879297880584	0.9195359275998045	1.3995977204491603	1.9618573880073245	2.4890909065282387	2.8895982446241057	3.0905599491529396	2.995018201375588	2.700325450647774	2.1742272460705636	1.6297019051485886	1.276469828703399	1.092641942533668	1.029542748217119	1.0194420396295667	1.0295255966718044	1.037483107200187	1.0353775093973372	1.0360421968824505	1.0503762371344567	1.0727535664467163	1.105260870231563	1.143478411913715	1.1897725533150443	1.242295153684537	1.2987947503203738	1.2827465431110234	1.1933686922968116	1.0839168934093701	0.974616251251749	0.8636336693105384	0.7696062543667724	0.6871621399801182	0.6174808842571733	0.5626183610354321	0.526620110643356	0.4947995007349348	0.4515552829065229	0.407078442521941	0.37857634138094376	0.3465194424044914	0.2978241692902965	0.24449935846219092	0.18584330970611068	0.12638441220460378	0.0782840327362495	0.046495364230731855	0.026789818186352673	0.01818110825111084	0.0125086085466971	0.006061709660712783	0.0026688345932889446	0.001286701861630485	0.000660712406773214	0.0003838800716410733	0.00026177331983076623	0.0002818056660570509	0.0004366837722618903	0.0008051542054876515	0.0013526423667262531	0.0021429294948615398	0.003296896511435931	0.004492904966424845	0.004658713725792579	0.0045663444462511315	0.004509243315555321	0.00398057397496034
CC312058	p5	0.00019245414951961901	0.0005498914678517739	0.0016842731790104356	0.005441311501394716	0.01221783525223814	0.029502486495957592	0.06629987996741539	0.14695739409666425	0.2955489888134956	0.5339087762354147	0.8713008886343305	1.3215173003907672	1.8703999639775	2.446664659573118	2.9491573679723455	3.2661274326359813	3.242686852027665	2.7599665922620162	2.0534071799706584	1.536443671451696	1.2581471498796157	1.1510877439956377	1.1316402710861142	1.1391283930897607	1.1562872883239366	1.1633404220010903	1.166830428271905	1.1694749555183874	1.1766143787510113	1.1885647492754072	1.2147568050795954	1.2562735330695312	1.298054640045266	1.3302322032630247	1.333538678060841	1.262694339155139	1.1414977281935776	1.0090665144839108	0.8892276712851147	0.7882687746646146	0.7233788296904733	0.6795679781885717	0.6527689764768559	0.6347607151349685	0.6201353823963447	0.601156471773675	0.5776350366356361	0.5378318040396499	0.48686341075758804	0.43676386094113295	0.377323106533045	0.31044115291050783	0.2412631376107185	0.17534973569340434	0.11765597823108825	0.07511631994741694	0.04587180499487529	0.027045034899964196	0.015708964320978003	0.008710058739277408	0.004717926639571538	0.002521721351186864	0.0013121988779564973	0.0006710982564601477	0.000337665321278312	0.00017077578673818408	0.00010031468458700162	9.816615263301141e-05	0.000183736496042184	0.000474896709176215	0.0012727173570020527	0.003323036061584787	0.007187754488142293	0.012296099897432224	0.015398948828970523	0.0136248343727707	0.01077483689632823
CC320022	p2	0.002830461546583272	0.005855514264785338	0.012608416089994101	0.02754050888140095	0.058834312737876156	0.11706135027498553	0.20332226395159067	0.3006962651354059	0.37469510327528366	0.4102885475771792	0.43180995116320897	0.4847788168100544	0.5738200420275557	0.6742762213069947	0.7163888817773665	0.6627828680631043	0.5916120445320612	0.5789232218847602	0.6025065249210733	0.6009757096191615	0.5373631366023679	0.4502057818242454	0.3700821878524162	0.2996554323632369	0.24289683663317269	0.2107957822274818	0.20517917582635886	0.21952290584675305	0.2693321249223558	0.3266579495622938	0.3920853315232096	0.4218754598331745	0.41932675071842535	0.3768311184871889	0.3317826648424365	0.2947824583258756	0.2674388889315836	0.244555374783106	0.24032915459502663	0.2478281024782264	0.26424803365037003	0.2849759133316188	0.30580429440093265	0.3249060192127817	0.34335107336552717	0.37074935885088084	0.4175327496443925	0.47616636053394423	0.40231699408273086	0.32424518719339956	0.2746899068076814	0.23796926395880447	0.20303224009361256	0.16246867599641115	0.11391465483011341	0.07165868465513418	0.04315580298572316	0.0274392706649463	0.018449390764933862	0.01164417225552927	0.005619029852029683	0.002764243172930038	0.0016681100098016623	0.0012526204854842152	0.001351794668491019	0.001908274356060845	0.003446775775256321	0.00697673179656468	0.013616320416730839	0.02368981417131532	0.035995179074226356	0.04804057026764327	0.06309813557341731	0.07967791466938828	0.08510069880639692	0.07717913178587371	0.06095921704246991
CC320022	p5	0.0029485715827687643	0.00636959672668268	0.013972639332193336	0.02934866677872566	0.06194226298977455	0.1230229216394783	0.2094327119037712	0.3018045814506663	0.3764394430461068	0.45823323480748096	0.5772866315663207	0.7294526650261269	0.8632306554907317	0.9302830498763967	0.9163196276391152	0.8413501261294002	0.7755418059859747	0.7690919949904511	0.7710914465856364	0.6994630543835952	0.5570968023006146	0.462509515281007	0.3830748927795077	0.3302100979788865	0.30486289326868415	0.310208807599678	0.33146816838144016	0.35954975677743467	0.4044924026746871	0.48270745406843424	0.5595165160778592	0.599817527592481	0.6139627633744928	0.5728569009915404	0.51596497048339	0.4592680749311683	0.4071854813362017	0.36845229249264877	0.3470899259806044	0.3452253262097361	0.3439910190196505	0.34950724807152794	0.35744199384201186	0.36423679067525744	0.36781394292208375	0.37410745528222494	0.37962911247495407	0.38518140921591126	0.36955302235061277	0.33979558645874197	0.29388763255803907	0.2503240962190842	0.20483257758514897	0.15488194423115173	0.11561893411076447	0.0821533060672476	0.05220512273285181	0.031861618187149054	0.019845087399546154	0.011969417733432146	0.0070077209995510585	0.004120654408699659	0.002386735956158411	0.0014374342862387768	0.0010131163796530123	0.0010777276300161964	0.001578672203262288	0.002798967328230438	0.005159315842304713	0.009754485400536902	0.01628708795887495	0.024973850624419303	0.03482800738695225	0.04530817258867464	0.05096155575469262	0.04682305578650107	0.037389160254839175
CC320206	p2	0.0004299287194570183	0.0009120357565230823	0.001976300332425407	0.004215326051751515	0.008769892430557657	0.01840142606884224	0.038414067724389336	0.07304032380986285	0.12051645010062595	0.18403514252484793	0.2613586665681164	0.34662918988696517	0.4381670810107314	0.538676369525218	0.6375685718828251	0.7384415833494232	0.8054662832000706	0.8304022098188789	0.8304444747102001	0.8210024849746369	0.8300244823211026	0.8471424668178794	0.8807629573500525	0.9245913450662298	0.9659707290144823	0.9941838617994371	1.004312431521814	1.007675258485806	1.0066982412734171	1.0032948860292905	0.9901498870911157	0.972595990761505	0.9582938957897291	0.9530354402190512	0.9559178663143242	0.9622570918480535	0.9744676995175705	0.9853015219673337	0.9993714726857497	1.0099889856984485	1.0222932767459756	1.0319745912165104	1.038666334368168	1.0404801244980817	1.033649970151714	1.0135768380777996	0.9775625713858085	0.9339184365961715	0.8760883242465097	0.8056080917884019	0.7235310294541503	0.6377272318059399	0.5343293483389986	0.42669463347672065	0.32525119366259864	0.23798107381803305	0.1590062066768379	0.10111517464635456	0.059691791380060845	0.034316924659538534	0.018667762378537362	0.009878470902891302	0.00524691190979526	0.002750143063729227	0.0014458426918351386	0.0008261821216722882	0.0006541045573858265	0.0008584634597299048	0.0014902183275749582	0.0030521089627292327	0.0055664159146048085	0.00963482872176375	0.01522267937861594	0.01996812334144224	0.020199367103914786	0.017722945978471256	0.014306004960031418
CC320206	p5	0.0005636007687982342	0.0011939092750982633	0.002560831218150075	0.00567039483438459	0.013201151121230338	0.031519741111015236	0.06859242294056894	0.1271439604415475	0.20166650169233108	0.2829524475008281	0.3559371595057481	0.43114162240865955	0.5137170186341169	0.6379314170004415	0.8131680581948023	0.9604372539585707	0.976928683842781	0.8908741957493812	0.8212100537060508	0.8045536386773158	0.853089897410493	0.9127468648787123	0.9455370044003193	0.9543419809553005	0.9423868318336668	0.9370557710993745	0.9336097772267741	0.9298049733286163	0.933509666680109	0.9424454375718919	0.9491777536753668	0.9630479022941418	0.9788680395710784	0.9944616778335236	0.9962552132206962	1.0046721917670933	1.0036649010836858	1.0001168714317914	1.0054087816889223	0.9968765098884743	0.99497948725262	0.9951388140740637	0.9950347499294246	0.9913405177810346	0.9800970246678046	0.95931022347665	0.9193172646037405	0.8670670119406473	0.8109106160212821	0.7456905822509848	0.6786545868404602	0.6034695058488376	0.52454768538555	0.4375344718522003	0.34307722943772645	0.2521864472858432	0.17017777739358658	0.10488951919441973	0.0621958944578876	0.035904478194520285	0.01967007420002686	0.010612046662294254	0.0057627064493275685	0.0030923188733333537	0.001622597754678375	0.0008622476299570778	0.00049401399325828	0.00038785064393008376	0.00048463469859646557	0.0008562605433509394	0.0015006398790685614	0.002605975410615655	0.005152970526828642	0.0081156593059852	0.009058606948244107	0.006801773791506092	0.004417876539791985
CC320218	p2	0.00056578367212561	0.0011970671930047229	0.0023868042526505014	0.004935306111384139	0.010203452655837882	0.020290540200843536	0.04053341943700829	0.08086491957537602	0.154497849317475	0.2745214226040505	0.44375835928542	0.6427492254535268	0.8271194849120547	1.0305398516181112	1.344453078956028	1.9014654932895352	2.3451834589667513	2.187834792434029	1.933652747243392	1.7016977212389186	1.48584342881814	1.33615183328582	1.2429444870422908	1.1795395846876224	1.120232469480384	1.056934881388421	1.0040404101261746	0.953878846421817	0.924739864456234	0.9046313624409029	0.8867235519115862	0.8768473287450494	0.8779939812109134	0.8853567042407268	0.8884163372801104	0.9027596690815511	0.9121252296530626	0.9088628503664374	0.8993857373166694	0.880692941310385	0.859852702637096	0.8357130042758065	0.8105889034404151	0.7866701376130197	0.767996453935405	0.7474929518761722	0.7106001707145958	0.6680114123924589	0.6295146775308532	0.5806072595009629	0.5261923609308325	0.4686233752547198	0.4093649947566294	0.3460454476875034	0.2821309657346975	0.2192105344771962	0.16354375114673084	0.11476463004273818	0.07608057888475778	0.04352737935396367	0.02371653853464119	0.012622129983447543	0.006702472784474288	0.0035581066633587725	0.001844739299463694	0.0009401537746040005	0.0004684028511117734	0.00023874182783211424	0.00013482926210310297	0.00015178101416769783	0.000385470219151231	0.0012278136583565688	0.0033755240557834616	0.006582613787265136	0.007786438222434124	0.006279473384622555	0.004290695261184074
CC320218	p5	0.0012069431219399282	0.0027008382344399025	0.00606599954687531	0.01266209217066208	0.02647023774885619	0.05610419626266871	0.115278763272254	0.22800759036783355	0.42301051024962605	0.7087891021613336	1.076755954159842	1.3841098419452795	1.7384136074861778	2.198637025939651	2.513719644094797	2.6844781072094843	2.698257452218886	2.535974497839562	2.2668800971839693	1.9764615578337605	1.735659013023043	1.5749514004530414	1.4881012798567248	1.451054884071456	1.4316922678453081	1.4180008476616106	1.4199438208112132	1.4288407085715698	1.4493899367683905	1.467295171175313	1.4823032038032828	1.489053546422465	1.4867116809992713	1.4720319802255675	1.438007815119401	1.3974123300292245	1.3531488264252054	1.3032979223887027	1.2479145358323052	1.1952198160844145	1.1428942852714767	1.1000131486782234	1.0636202070738459	1.0313714400799114	1.0005421165138424	0.9633899616757797	0.9262671063367743	0.8786733641074953	0.8244991457186012	0.7646326055785805	0.6952996093456807	0.6146296653239438	0.5195477556460666	0.41970360653218136	0.32136350845290773	0.2286495461867809	0.15163659345089586	0.09710966963789583	0.05956916006457608	0.034900560253863046	0.02004433657294797	0.011203724339442065	0.005988401032739801	0.0032770000133102778	0.0017289416131990392	0.0008953634874631677	0.0004542026788521548	0.00022951904581699407	0.0001291042029623887	0.00012195684751225571	0.00026141399470267293	0.000792550049197764	0.001639720079924539	0.0018156774948291205	0.0013832499613076275	0.0010716112998379384	0.0007689943572449302
CC320321	p2	0.0007017570817672025	0.0030773526117183238	0.010276107080714957	0.037117668646690485	0.16580727394578457	0.31131342906971626	0.45691329663639446	0.5205129127247853	0.45466744052824687	0.45818585445193344	0.6459236103241381	1.0448006897147388	1.4875056777239213	1.675019846894221	1.5371150793680242	1.363726410456806	1.3377814732517133	1.4545626011412136	1.5064372257835263	1.3646540022360836	1.1894532637419408	1.0453252742026486	0.937651686352159	0.858499843780529	0.8125926973300326	0.7902567567587944	0.7934826157441887	0.8163955663230876	0.8577775301061943	0.8992862263795535	0.9019297697751457	0.8825057922213404	0.8575855586228601	0.8402497182790256	0.8449986055519146	0.8520341264074446	0.8416585429529613	0.8522903928606936	0.845645508886301	0.8260877619318397	0.7941278669305641	0.7622679009692409	0.7288467350616732	0.6949922050844779	0.6603021057797271	0.620329492801139	0.5735474507476899	0.5148855668683407	0.45197322955975544	0.383676781550816	0.30756521554923816	0.23741021169644055	0.1756976848151042	0.1231651950784239	0.08293313312060213	0.05334424288873863	0.033100500574350315	0.0201297640039385	0.011609494479445386	0.0065002387206263695	0.003577365066785212	0.0019631205607373403	0.0010317474766916054	0.0005771780687913903	0.0005793426730570521	0.0015269164976980754	0.0039042320745948174	0.002734195650496742	0.002476631046799547	0.003335032832835556	0.004728786032848575	0.006317009799500396	0.00810381301890199	0.00948196565638684	0.010671290221148278	0.0101746186375613	0.008209908696645594
CC320321	p5	0.0020777850348749996	0.007928296777132896	0.020711580967986427	0.04479028337479117	0.1878527699411763	0.39952585434594634	0.399960920200782	0.3665918600337353	0.3673054832891064	0.3805504678628066	0.5406457698467131	0.7768894874503022	1.0169563395594368	1.1358607522525876	1.2301773661546298	1.3298174498929263	1.4409373704085529	1.5185372229504077	1.3019796025754098	1.0875318543138008	0.9619530606081764	0.8677644532980027	0.805485314250137	0.773636773760434	0.7614745792209612	0.7718410520279956	0.8046383215567119	0.8377768268033506	0.8648763697254702	0.8513343834677267	0.7986393665644547	0.7539566392027287	0.7266792847044303	0.7039368548288989	0.6987626575192997	0.7069054283636166	0.7214296671383242	0.7398281159064264	0.7600958214681862	0.7683586441065429	0.7468314322613402	0.7291537441442854	0.706722762489426	0.6809587231623538	0.652231462436569	0.6203843630707625	0.5783121760732504	0.5224173907632792	0.46514610160166264	0.3968824855770347	0.3260804290611968	0.26180514469487476	0.2005526211240646	0.14312971778444364	0.0956173206297078	0.06055932675859443	0.036962470570447506	0.0222524361058395	0.013080777608534058	0.00754909516496282	0.004318035256582102	0.0023993362694266617	0.0013264353877745002	0.0007191142323773	0.00038923303349529405	0.00023429273881699008	0.0002168650133543763	0.0004053974977787023	0.0010203906039863448	0.002431483301517834	0.0054305535132855645	0.011192148256260729	0.019940570640457282	0.030329769395424477	0.034735641620731915	0.028503745802097226	0.018852762871793303
CC320342	p2	0.006720476515250176	0.012665039425875687	0.025262787946710937	0.04998681227113391	0.10173287623913613	0.20493907910930018	0.37076445809815883	0.5940526512273037	0.8280295309756206	1.0170376491261846	1.1692297167141925	1.2815629090799658	1.4117018316795649	1.5256203686755603	1.6403717609554702	1.70438654063221	1.6518713743438298	1.5891193400604489	1.557213058824207	1.4941505143583576	1.4024837067815594	1.301768597358557	1.1935905717390265	1.0770969747454096	0.9742165152557674	0.8899938798199467	0.8289193668755701	0.8021332950865695	0.7928831842151342	0.7775071890622671	0.7715386901658228	0.7723622211199206	0.7782868967322488	0.8034589675542632	0.8286463921686873	0.8367675388020659	0.8368203664634944	0.8266786350129518	0.8243316361629363	0.8167253550752052	0.8126987231088856	0.8122897703101584	0.8134366118286145	0.8147707748078856	0.8153332198925897	0.8071028707315441	0.7913146190330919	0.7706192112549174	0.735656780534768	0.6849620034127932	0.6197092025009574	0.5510978957502823	0.4812122871032732	0.40123482036216546	0.311681528568313	0.24013883550699922	0.1733276974667139	0.11564041832431372	0.07399288289486555	0.04419520566662753	0.02555491673010212	0.014363079919014298	0.00783143395408177	0.004309773588643198	0.0023353002187042273	0.0013548948151261462	0.0010366467213344993	0.001242353425470636	0.002067241186572101	0.003388579734394726	0.005260810393472713	0.008644643035634218	0.013222891961808663	0.01722011433850749	0.019391068608156738	0.01848805182325677	0.016324437728015766
CC320342	p5	0.0038473286180091618	0.0075600141876714854	0.014743396659278303	0.029314629187248087	0.059405556721765895	0.11919197162888377	0.22693959068392555	0.38287793983873447	0.5583548313598448	0.7188555836374386	0.8670857102976599	1.0179358138534775	1.1658533763094339	1.3249035365681017	1.4984059221677455	1.6461568441705448	1.7142655509712852	1.6921067434320343	1.6363392591338304	1.5636954207535263	1.430576776315577	1.2943880772073453	1.1567895234010497	1.0227578559008046	0.9061536554914493	0.8179307675112306	0.7567632154917816	0.6959403115611561	0.6585059901412919	0.654892338316325	0.6664920353414266	0.683304769698182	0.7084273604428233	0.7352486498877944	0.7705408228523527	0.7966008686403119	0.8035906201175406	0.8071558467273983	0.8011945989572857	0.7867495577531447	0.7807010388271578	0.7725703816183699	0.7669870820060996	0.7626283477663497	0.75908523017969	0.7469138410797388	0.724195487102364	0.6865730162338509	0.647558785201458	0.587710681054495	0.5184049046536999	0.4535309581197208	0.39638459418673594	0.32680962597954033	0.25826855432233864	0.19984449023546286	0.14240065964636128	0.09683415106935855	0.06158694236618359	0.03838195551437332	0.02330133424394454	0.01309503892349546	0.007268602748032189	0.003934022050996731	0.0022011588077506476	0.0011701663892245532	0.0006259271628916779	0.0004088503534361563	0.00046699373408777713	0.0009652731855083767	0.002595713645115845	0.006381093999548242	0.010551042736656746	0.012217932672685826	0.01266338390836701	0.010341024974787526	0.006812667607056028
CC320359	p2	0.0006090197248024661	0.001303454123775607	0.0028378693407303834	0.0061007452786965	0.013360487001654011	0.030337840100883296	0.06710222006928458	0.13151112657308817	0.2352247901683724	0.39602421772068563	0.6135635028032539	0.8966896930200035	1.244992222130665	1.6434613687457602	2.0192877268816907	2.154803399573873	2.076310589660087	1.8711215551024714	1.7120946733802127	1.623495976372684	1.573314734187733	1.5076539061423635	1.3843236261245968	1.2640668323105047	1.188770903795399	1.1305610044290848	1.0804766207056706	1.0507921370508597	1.0455201699551628	1.0570611515358548	1.0804781350215005	1.1022193106594982	1.1220396657040663	1.1347703547678887	1.1409568380041146	1.1500151216181764	1.1615847114125397	1.1905163363057851	1.21827249175991	1.26384032118354	1.299690802986646	1.3425754630047795	1.382145062016259	1.4089482222068133	1.4158997724868214	1.3731655538024656	1.3112204808642254	1.1983488068761963	1.0712783471816467	0.9335110582469158	0.7941829270976478	0.6603416951331749	0.5292626496329161	0.3956295076913288	0.2814765611632169	0.1933794156114077	0.1255230993332838	0.07869787129913412	0.04695159922033409	0.026908738236103798	0.015196424736402326	0.00841963204812841	0.004590749439578824	0.002460463353687878	0.001307481827875678	0.0007201769376256272	0.0004461509731472065	0.0004148891366588416	0.0006452739698398344	0.001271857530163264	0.002979093906129611	0.005121737135551924	0.009192547648234854	0.016645796298364907	0.018600591970216088	0.013592327979364537	0.00828288205404069
CC320359	p5	0.0010781678117867028	0.001914620927999811	0.0038844226938167825	0.008139883281647914	0.017409488723735943	0.03734086273647733	0.07586075782580344	0.14773253205751463	0.27210437803470666	0.46816745187680525	0.75078083824905	1.1072907236683442	1.4795694802761081	1.8145184448426657	2.0189625045813635	2.0355046454374444	1.9548560729717992	1.8894614187018541	1.8533513059350408	1.818236267600162	1.7391821338372964	1.6229063841152236	1.5203774164309551	1.4420985096319932	1.375780615338137	1.326886637569936	1.2954946353533825	1.278805020725801	1.2684070971560302	1.2596380572463188	1.251942061928362	1.2395478533968634	1.2187661948226092	1.199328709895303	1.177860060707576	1.1623311217698664	1.1599666031939166	1.161664272821579	1.1830290993766641	1.189554700146829	1.182385443534824	1.17985489747837	1.173793707322249	1.1614166909565473	1.1379848001057709	1.0833886459298316	0.9982898706039042	0.9166994539502233	0.8309836383289415	0.7420362178087303	0.6506805890901771	0.5613929718280964	0.4686353756758871	0.3765134310663092	0.2880547091142904	0.20550210335126348	0.13736151501285887	0.08642993704062503	0.052162119166012745	0.030474269438739845	0.017315121481718272	0.010030980604650191	0.005677964376904891	0.0030714935180676784	0.0016842766346523933	0.0008955615667175643	0.00047552710967508716	0.0002534400626525588	0.00016749549416509804	0.00019633718784519612	0.0003736382399615732	0.0007572197617352499	0.0012704973296249235	0.0020539078574731352	0.0029911397211426598	0.002917480949267673	0.0024293373810146063
CC320500	p2	0.011545803096312358	0.060519614029419695	0.20188914067154962	0.1630730272932812	0.04228519460071901	0.018099788359302076	0.028000761131924696	0.04612073089603257	0.06518205820990276	0.08945855021525828	0.12030910741811884	0.1777547272742982	0.2954877763383962	0.5082970556088416	0.8047552718926856	1.0552566759404822	1.0550644911676132	0.8955335503819948	0.7488762558810149	0.6754842628226655	0.6430399265311497	0.6321566537293608	0.6464052059927192	0.6648555108941147	0.6887695317336844	0.7355727354175416	0.7823190381915341	0.8408383413209995	0.9091986930835212	0.9800879920552253	1.057828726448626	1.138663500200815	1.1836987176272555	1.202324341096302	1.1925632188952449	1.135860947100094	1.042942142835772	0.9472487925186892	0.8514216637520224	0.7715490505830984	0.7104659433096584	0.6666152024840442	0.6389881733896478	0.6229234875419138	0.6120135953898933	0.6086191685886465	0.5983880825123216	0.5797774991201461	0.5343747480796271	0.482628907413988	0.4269864961295174	0.3656755216239538	0.29086187495546956	0.21697534669539054	0.15630660276536282	0.10942276574743763	0.06761792538663297	0.038713817181701395	0.02191943614084106	0.01226569006382364	0.006603802967063937	0.003381526485714097	0.0017804296560931386	0.0009571192232265083	0.000648129631870772	0.0007431105004359436	0.0012778285856432684	0.002475885701982851	0.0048415556478354285	0.008882451840471317	0.015099680310550385	0.022146715262583952	0.03276178554596822	0.04499476638324034	0.0497753235797247	0.046480162605031815	0.03598822983825168
CC320500	p5	0.0040261899006888485	0.021560876027226752	0.07094111974087251	0.05737778385286114	0.017975579084854337	0.008294510434686824	0.011028740984771244	0.018789379912680298	0.037115297645967285	0.07446144895690912	0.14737161890378261	0.28168917853226655	0.4978644760008047	0.7817321558517033	1.0422845118902562	1.1209677784953616	0.9940542827074123	0.8211763467053547	0.6985412420841549	0.6583929533093625	0.6654016870989466	0.6796738307725508	0.7151362838664361	0.7700872923605302	0.8225489500846296	0.8758762976338968	0.9388298737711874	1.0052869274820133	1.0637548303531759	1.1270213732604555	1.1858552746789366	1.218316678722731	1.2457401183796373	1.2496363028366289	1.2245663459901222	1.1833967012274085	1.1342940058740179	1.0895916074564684	1.0459457809306898	1.012819911043538	0.9890950563603153	0.9715015460058815	0.9553150269833935	0.9352372449909339	0.908363461764872	0.8607068715590938	0.8094964469459291	0.747946759530146	0.6807360548297413	0.6115954539341573	0.5363395433766357	0.4518164786991454	0.36290173620283356	0.272815766197935	0.19200124089478188	0.12692106357166272	0.08065502608096903	0.0475220827177117	0.027513076655955458	0.015853756325979542	0.00879192019503848	0.0047870770860067675	0.002528897584940197	0.0013037711300066181	0.0006965538127440532	0.0004216596279825469	0.00040149470661889357	0.0006749868724775994	0.0013669613249850784	0.0029723147138037602	0.006246159249056662	0.012242550748823687	0.01943359753358171	0.025022053112128437	0.025685065570315153	0.023430708227382625	0.01704038009491659
CC320616	p2	0.0009906842502471125	0.0020494851201477682	0.004259872217701333	0.00890986190145973	0.019876345905701302	0.05105751324286587	0.1382586661303028	0.2948663672743099	0.44113865704701255	0.5021988445246154	0.5339499289411127	0.6205950103593215	0.7661943877012827	0.9466696727023755	1.109757331761147	1.3112530338764516	1.6044522034675655	1.8172404860193525	1.7353936469153748	1.6550230230769352	1.5470672233418454	1.4808814386844502	1.5063897258637455	1.5808821329567593	1.6889572326621982	1.8204476081579848	1.94071287967636	2.0335349101011313	2.0882941216409026	2.0969233844211894	2.0824835346933175	2.0320246739854673	1.9704704168883544	1.9049920930130484	1.8359771753604512	1.775605152830385	1.728415675521533	1.6979882907838324	1.6788018671724425	1.6644519479205668	1.6513675016409364	1.6387958694309217	1.6247447105038526	1.6082275137647721	1.588339464191689	1.5739031814075726	1.5395407053820334	1.4936600781663163	1.420061116669675	1.3305561060925835	1.2081450288218183	1.0614559136910575	0.9010928592633416	0.7273404503728722	0.5655290386003858	0.4157663850395565	0.2901067883836351	0.19236223232624394	0.11996169784246968	0.07287888090643926	0.04245770999104529	0.024173128017579208	0.01372010483530873	0.007598601310531845	0.004146005150787944	0.0022153721309716404	0.001172896581229674	0.0006504523325308582	0.0004843496547593973	0.0007058732470184073	0.0011041097709196493	0.0015435385537977335	0.002512287609236192	0.004302159639532715	0.005190006338431976	0.004736898648463424	0.003907428383363636
CC320616	p5	0.000776790995787632	0.0017074762523209984	0.0037521041624279756	0.008282791755899747	0.018635038014063448	0.04116536329859999	0.08595681945623784	0.16473008571346295	0.27461515355227856	0.41450582224346494	0.5789543351184316	0.7732611427431678	1.002661992764671	1.2384227164568404	1.5104437548723988	1.8305505160533402	2.096767682924211	2.2948303442390623	2.352510368363759	2.125603991939056	1.8633706100470004	1.7454258142264139	1.720610808499651	1.744356204719021	1.8135782726293026	1.882814743803748	1.9403070857474682	1.984848415773153	1.9927937550990196	1.9655813654214336	1.9143300267200314	1.8693147319072436	1.8380150860296856	1.8160340105499166	1.8055496704249119	1.8086491615904974	1.8116583632389858	1.8099791545365385	1.7993175202122966	1.779286661189819	1.7529630623430954	1.720422924430124	1.6841491655444043	1.6459596327425623	1.6067860623586148	1.5567920486860527	1.505368394269137	1.44815845340036	1.3710745781623752	1.2827810944262246	1.1740645286733882	1.0508633069179198	0.9153352896738411	0.7749789553505526	0.6271455502068616	0.48455614965582366	0.35574231533764256	0.2503592527988141	0.16525370664456027	0.10001769620365579	0.05490716368241647	0.028409713566360552	0.014424145755032649	0.007070370625799107	0.0033800910662286675	0.001601969059463999	0.0007456871288241179	0.00034440425710259874	0.00016681218535062253	0.0001188736214587539	0.00018926478770327383	0.00047519307616922235	0.0010238932689614869	0.001715492165294739	0.002382268905558463	0.00238300146575684	0.0018354921418425008
CC320621	p2	0.00016319980334225353	0.0004520393865713651	0.0012392931644788976	0.0035623474211168124	0.0128857675483383	0.04971406405710733	0.11176816872702976	0.16623205366485325	0.2938555373794026	0.5340823536074487	0.8369437996061972	1.163559702863053	1.5558926106313964	2.097098197221855	2.5966440959543062	2.937018478405546	2.824163128373212	2.158061802544506	1.4800598443454067	1.0588597037370617	0.839982904942112	0.708082026189235	0.6297373582846661	0.5916388104728129	0.5871678349913172	0.59960805205466	0.6154538020645486	0.6148012431809969	0.6317773129013476	0.6636393857636569	0.7240166342655487	0.8079309527246407	0.8964593948872693	0.988015927805396	1.0717172134611632	1.1258854758585048	1.0968770412405675	0.9966729747097764	0.8867900351189665	0.8088393385927732	0.7565124657898239	0.722239732740452	0.7026372504016337	0.6921102533699183	0.686469759066627	0.66670124643066	0.6488148928120139	0.6170946273015508	0.5800408754506622	0.5351365657010992	0.48291336414459723	0.4203729141910188	0.366341973797108	0.30967846485743106	0.23987066989142874	0.17648572511669608	0.12194312133654786	0.07859991646240413	0.04748306925306842	0.027747493431449936	0.016224266975164593	0.009111253914873723	0.004969231139377968	0.0027468367731854995	0.0015141190283534031	0.00087236871072303	0.0006418680465695505	0.0007690045109979536	0.001345805450628616	0.002375479217458377	0.0043327155962059926	0.007390671460537044	0.011962195967192606	0.016993688450432823	0.017981211106920063	0.015807830315083225	0.012601979413420398
CC320621	p5	8.466641869400662e-05	0.00019416544205395382	0.00045596790557222674	0.001085753490000032	0.002953132198342752	0.009692191121810955	0.032066900511644424	0.09129819590013652	0.20298297540118282	0.40706659447288157	0.7322676353168227	1.2281466115257076	1.8889082519519254	2.2695495170053412	2.0704461315987746	1.603270731627969	1.1735884317531398	0.889927857176147	0.7340767188596466	0.6220447545474257	0.5409796766400511	0.4963409869318285	0.4755405192458133	0.4563351637047261	0.4460902896353791	0.4564752743255221	0.4947845746609688	0.5516600407454094	0.6052989616271496	0.6541750998193825	0.6815352801605687	0.6982796851201645	0.7022076536155377	0.683119690739178	0.6535653936515056	0.6187124881538243	0.5933929894062526	0.5743937734376658	0.5631869425715269	0.5682056848955925	0.5696058506603824	0.580918009922475	0.5952053184974263	0.6086481483495008	0.6188305504162527	0.6219241878501611	0.6138748230941714	0.5964843330399898	0.5802257517741053	0.5469934895534043	0.4905606989747718	0.42362163493871724	0.3524805248481506	0.2678859982490632	0.1913569047300697	0.1335424140084776	0.08491702934093472	0.051288378454716205	0.02971715788637172	0.017072629239192647	0.009389086189193175	0.0049478765551113175	0.002631835223335037	0.0013922766015239292	0.0007969190435326736	0.0006561210760523194	0.0008807396919331055	0.0017139087569237317	0.003531900331479006	0.006552938154658522	0.01057338979355083	0.01567414140379251	0.021935299679876914	0.024229646129745496	0.024539444647266585	0.021528207052857202	0.015514715803718195
CC320636	p2	0.0008047369377939256	0.002306729477043119	0.006279283630306506	0.016591465354102934	0.043126823847879775	0.10045017692725564	0.21302424151531318	0.4008375673630253	0.6592440241160286	0.9787228706172343	1.3740155972974966	1.803579845981502	2.1796770340845137	2.3500379222702086	2.279220364217801	2.0113275781785322	1.641941105032462	1.2716616965399665	0.9922145788173045	0.8072132253471422	0.6881133701913734	0.6104185880235046	0.5617693521179552	0.5391287200638678	0.546146858751516	0.5784090703766178	0.6346227395151163	0.7000852274437297	0.7573040502004882	0.7818317590055459	0.7737474300779003	0.7426415002227251	0.7186896970090357	0.6983169550654997	0.693149118885603	0.6938361804295098	0.708117534400176	0.7347354083841541	0.7783006643034781	0.8289902271232517	0.8588436080566085	0.8963263174747795	0.9304920710875246	0.9593325730906107	0.9788279848999425	0.9853858874758219	0.9578896558885808	0.9156765255748364	0.8541018311249705	0.7611773941787964	0.6536139544838614	0.5400279305367429	0.4210167567004228	0.31945985070694166	0.23290431974358877	0.16253624183018986	0.1108092472069181	0.07193428549764712	0.04599563836627235	0.03202878784003425	0.01960050307206271	0.010193435835438126	0.0054999545051559245	0.002932492232263375	0.0015716148529997147	0.0009253052575404408	0.0007370814531335129	0.0009452138795203808	0.0017067212803615968	0.0032668396600620156	0.005797092762806765	0.009760580090555122	0.014003272557425232	0.020101107356216216	0.02320944089994819	0.02244576794245586	0.01950356326994996
CC320636	p5	0.0008330239241741941	0.002454327226280903	0.007151006697756635	0.019586334475352206	0.05150967295742998	0.12729522880207925	0.27519153745770886	0.5006769121039242	0.7822618725254781	1.1330764591067968	1.58243359843769	2.0702365851231326	2.4414709263324403	2.5559593137366776	2.3532022628249263	1.9430084314997944	1.509907670192783	1.1966363896194698	1.0014580076265585	0.8736144553720125	0.7863772378868878	0.7386548058656509	0.7164100865720553	0.7148123858275837	0.7407724921620739	0.7905859667355727	0.8343874518610828	0.8720824657615073	0.8968795128003642	0.9035070409983024	0.8933907611162691	0.8726109912123365	0.8469137973794011	0.81159923178942	0.7963696424934501	0.7885390988773631	0.796614098970176	0.8090835715682636	0.8315008219907782	0.8710614242230318	0.9058807173089647	0.9437329637617027	0.9746604954947412	0.9933716957902599	0.9939558569644914	0.9806697485448815	0.9390576134278003	0.8706571513475826	0.7906428945451428	0.7093986935681729	0.6158553177092253	0.5166797931714562	0.4142748103064407	0.3272393544034483	0.24601918012615634	0.17347886699556253	0.11830847892523634	0.07619337748992681	0.04664128984085861	0.027792571774754315	0.016374526241873397	0.009593967700445846	0.005420060806329478	0.003031903104464864	0.001646858077229383	0.0008624430832721082	0.00048149229257107834	0.00041165818580936477	0.0011725086994471942	0.0034604519753861827	0.004620361784398566	0.004578334207226904	0.007280129221879371	0.011511747287913612	0.015628184111945338	0.014414294417870952	0.010947562653921739
CC320687	p2	0.0015836200715319266	0.004123561398466732	0.011006358129082412	0.030933734917856216	0.08500910315830937	0.21353680392533267	0.4462626854031967	0.7549825618705583	1.0805679448968952	1.4344890600145896	1.977255209413024	2.700992861256881	2.9900007448324946	2.8554587090906174	3.0941457212599364	3.2872229664384194	2.836310188979927	1.9582358098655912	1.3402723567308887	1.0549674832011136	0.9710174712871495	0.965122081626101	0.9888800213709036	1.0246392999741996	1.0713900061449246	1.137273594310764	1.2128188003607892	1.2702713290661267	1.2708700711518546	1.2480362764719308	1.2460790025277968	1.2559736977463845	1.253625590210835	1.2690610199838899	1.2621071250571891	1.1813882484143003	1.0371716445786043	0.890879516198261	0.7772516967226076	0.7067329983662838	0.655998841159333	0.6193493393890712	0.5968584601381278	0.5857475034075207	0.5823097533263216	0.5894076332773772	0.6076944639936714	0.6214517338006719	0.5735889951735854	0.5360462294929935	0.5062691742632663	0.4703963352380146	0.411408049605181	0.34469196959603465	0.2780631468118014	0.2158962066326338	0.15984037047283842	0.11621100544954607	0.0820027335630786	0.05379449101451	0.03464011262538342	0.02211787231912256	0.012600066161754696	0.006924938138125846	0.0037652529493805388	0.0019455007341233625	0.0010795015717510222	0.0006931049573078706	0.0006192126843027087	0.0008640222159255785	0.001406795080683997	0.002133457648439422	0.0033925798922977844	0.004616789538975691	0.00586899937536841	0.005701510245496048	0.004936871843407253
CC320687	p5	0.0009346855981464801	0.002539505202164649	0.006997507872952448	0.019408741586967083	0.052837896101148064	0.14154846297451096	0.33649036910979424	0.6380223865215018	1.0167706310713513	1.4603606359935466	2.0436035705177797	2.6180306465342587	2.816087638106281	2.8093717827703815	3.012738989481898	3.0044801550537428	2.3894806657587955	1.5919607639210327	1.088942940995121	0.8473230298921456	0.7576485671070368	0.7580520689126227	0.8107320715686249	0.8855276186372292	0.9600139837577446	1.0435108398082251	1.1269469532910559	1.1703300431476686	1.167132119608862	1.1420041133885706	1.1255974596669114	1.1230598535413763	1.1173062243830993	1.1137130538336162	1.0545154401618466	0.9353069557848013	0.7928337459007121	0.6675989230824151	0.5741547408792291	0.5091566405284486	0.461521417156052	0.4259412067428719	0.3981493622835114	0.37496483872887454	0.3536578890030492	0.3320029175896422	0.31167197000308117	0.2861887501891988	0.2642882546563764	0.24300486226931556	0.2155695603086499	0.18689136210030508	0.15285479017759276	0.12039831587946404	0.0964096132897364	0.07274015852027406	0.051613024538653504	0.035839297470047764	0.02408886056661751	0.014731850067123289	0.009056458601204319	0.005277914735290827	0.002828566848494481	0.0015324367584923686	0.0008269829150653883	0.00041748570922143174	0.0002169109314020653	0.00013445215090294627	0.00013780837432440037	0.00027465583802751105	0.0006319319993215974	0.0013217751260787209	0.0022361539445578307	0.0032268357388272723	0.0033931163221773836	0.003089723720220346	0.0023682931149945096
CC320888	p2	0.00046745050168098875	0.0009391485755675942	0.0018990050420917037	0.0039112428297065766	0.00798189587795764	0.017195698217523987	0.03751556824879363	0.0776933283804729	0.14132076681769182	0.2219970836014348	0.30672209839721015	0.3776127128697557	0.43951553410764244	0.5037684109454742	0.6081339507292576	0.7458176342326731	0.89388165607276	0.9516114534909542	0.9489214989135126	0.9459271071292895	0.9453276964641872	0.954803873580961	0.9893226853964947	1.0305667947592525	1.0954287966600176	1.1684973883960188	1.2503216021307018	1.3267658341923945	1.3719699821450473	1.4012430783653969	1.4127595240002522	1.4111947681138706	1.397388061117445	1.3648240595811054	1.3168813554410186	1.2770176440929197	1.2234704469980147	1.1564558335775983	1.0810188036071353	1.0145992038939413	0.9376557091623972	0.8733489531043657	0.8151883603458504	0.7641343707866769	0.7222957983965984	0.6846421436204876	0.6587669550513826	0.6388622865944278	0.5996440027912255	0.5576606680163126	0.5277150509527349	0.5062878543889507	0.4708804037589105	0.4280148659546951	0.37740126063996826	0.2926029936602973	0.20716777737556324	0.13311509793949802	0.08213263261955381	0.0518000506659918	0.023129740271433948	0.009167561715445006	0.004204554299469429	0.0021193104410442425	0.0019341594419347106	0.0044367840864458705	0.008852908882888599	0.00428906727144528	0.0017797027554401525	0.0017684380814476904	0.00290730914110309	0.00461365891551045	0.006561071126394334	0.008877436695489713	0.00988454647149766	0.009891729575705954	0.008837823686392597
CC320888	p5	0.0005948350866454487	0.0012864604775790283	0.0028318857133079784	0.006352377452188247	0.01496864115536906	0.03601878082869045	0.08916303026888688	0.2020908812489271	0.37781177327871646	0.5584976397794108	0.707087793041177	0.8254317698816308	0.9160417176683621	0.9992632306077854	1.088887973355516	1.191116160348424	1.2691404026506659	1.2857851711203852	1.3114559377006008	1.3461947792294913	1.3869998498667313	1.4313597027743683	1.4742401213062721	1.5333506829633505	1.5876811883283168	1.6441695836800485	1.6906248677399913	1.7251825649820376	1.7335228202164985	1.7334104599803695	1.726475676159298	1.7021018040585534	1.6791765496161462	1.6574924571900196	1.6197314356497772	1.5613334108616295	1.4998771563282243	1.4173311288908088	1.3333784761645189	1.2750925353536344	1.248901430720396	1.2386548785420655	1.2412831488470204	1.2486770662468178	1.2543929200121482	1.2562765465724415	1.2188536433058401	1.1929066618404818	1.1408923036546086	1.0569275017048545	0.9571269433351368	0.8310301890380922	0.6757528455396951	0.496072304611296	0.33935498240661155	0.2156294768769828	0.1289093526354912	0.07284492989760961	0.038998415231283896	0.02074771400923736	0.010778709050023592	0.0054501682639011145	0.00274446863977514	0.0013412236106504554	0.0006353508551893781	0.0003188753619591856	0.0002051057178431764	0.00027610930937499467	0.0006292488841209091	0.0015367342745895931	0.0034843928986763714	0.007095858711782427	0.011563034158131721	0.016412513381626435	0.017921091750791845	0.014818542455655113	0.010521367117321592
CC321137	p2	0.0008099863845961548	0.0018241480663237991	0.004863241744545505	0.013281426957731424	0.036580566844886656	0.09725815811202508	0.1943043842365749	0.3160673947025484	0.454850423414344	0.5979824114294369	0.7412183375904638	0.9566790068181389	1.3396172226664338	1.796315017118274	1.9080188192766445	1.3821292808193941	0.7667842035508503	0.5332456922827751	0.5019059961006991	0.501498265680405	0.5175012807221044	0.53166249422919	0.5146954819044725	0.4433332576292513	0.3251218021956408	0.21394977709143542	0.15171566688606897	0.1294859051475358	0.1411845855202499	0.17278988564080622	0.22462231055377757	0.28646021783718495	0.3222026265370728	0.3196726191187531	0.3012850114445344	0.29351910435021383	0.31296454218732334	0.36240764354971616	0.4218532380220928	0.4883702539644795	0.5655373969073152	0.6490542366213976	0.735997363954574	0.8230890433060145	0.9050711328512079	0.9819082697236861	1.033199386967671	1.0671051472310027	1.0648049073092307	1.0383799622438061	0.9898927414515912	0.886211797164467	0.7430026652901569	0.6015579629787885	0.4637785805987416	0.3369787862982358	0.22906157188764237	0.14933028145705635	0.09518208616970186	0.05882971586847187	0.03483931977405946	0.019884985294082436	0.010955345420435698	0.006054977539921314	0.003499664111247004	0.0022989922816451526	0.0022014993182559836	0.0033207484341616915	0.005894907139173889	0.010039776329536947	0.013749759392600229	0.018427037616126494	0.0241936533145234	0.02803957096316745	0.028628863668180658	0.026731136188190705	0.022774525131953
CC321137	p5	0.002792476119815108	0.0056109069540407714	0.012124351794133204	0.015644247983029186	0.01721613383788143	0.038972844214384385	0.08249334875283924	0.14805712295973342	0.22137429574568687	0.2755650436173885	0.3445345075263383	0.47744124377973174	0.6582908389292267	0.8348717452992999	0.9857559822270111	0.9224810757971624	0.6266636721169041	0.46481859629759836	0.4407600210898274	0.48847091479040317	0.5926654731081472	0.7715072477609092	0.9255849264079569	0.8601523465366621	0.6273782868892694	0.35367790253543846	0.18151051870697268	0.11131966521998451	0.09466452357491624	0.10891194944196195	0.1388889644813434	0.18671794811765188	0.2526166279047511	0.3184194293543223	0.367650714414131	0.41439188903416	0.4726289539998187	0.547133172104165	0.6256063237102084	0.7080246629400787	0.7865886575739724	0.869227163097184	0.9506180103794254	1.0300197942148808	1.109286630132219	1.1850286312816536	1.2476544440045418	1.2989376467425866	1.335826148711884	1.331583817416511	1.2564997287261002	1.1380939076367658	0.977954291963658	0.7919916122209606	0.605286957067977	0.43268604724209786	0.2937374353740739	0.1895825888243088	0.11596205741008768	0.06811704496386843	0.03809843719716154	0.02047790944308448	0.010635384238879015	0.005369004017695421	0.0026501156095553834	0.0013673412418218555	0.0008485024268273486	0.0010071121332721452	0.0018352480920122978	0.003449440021518819	0.005998914678549979	0.010209682837977527	0.017205038001488242	0.02689728672503445	0.03257160683411063	0.027590197912075058	0.020861636633454715
CC321428	p2	0.015170327698845774	0.022073048953974335	0.0393389683921916	0.07807306302104386	0.1434921403094715	0.2148692933555857	0.27483971837841503	0.2998158180702254	0.2947553745976127	0.27856677669977786	0.27119992041940866	0.27330056256928764	0.29505129504622046	0.3523768523935672	0.43434812559657576	0.5366300072723288	0.6217046596975092	0.6225054723747186	0.5385266803897917	0.44697078375108557	0.3672762299875252	0.30917643159524316	0.2523092608341804	0.2161666286660001	0.20863317426784708	0.2397937961068067	0.28057467727986446	0.299854317495689	0.30374103790265594	0.31692011813815163	0.32646549308574563	0.34104710210206596	0.3685902653210096	0.37436145220770944	0.37861071754819087	0.375444797141675	0.36624331666748033	0.35807438624348353	0.3401598517556474	0.32944760491672576	0.31576011780033547	0.3070891484973063	0.3014110241896158	0.29829084547498314	0.2966681902536267	0.3014235625265438	0.3021250960654938	0.2997877364304049	0.29117370040677343	0.2640899991770035	0.22653855757577318	0.19092132181606838	0.15385382195524555	0.11453420588519332	0.07438719804086118	0.04325830217511401	0.024711591455695642	0.014353423897722909	0.008423725144856687	0.005226711671311848	0.003596692463950615	0.003142160947816637	0.0033389432669986997	0.004009842386202624	0.005652258746540207	0.008674689582612225	0.013096943818874359	0.018708311200220814	0.026126087465961206	0.037233387713181354	0.05118803685403109	0.06459471983660567	0.07532738186539321	0.08950957052817592	0.09334716216288072	0.08857895446210293	0.07700680544405632
CC321428	p5	0.004351352310221302	0.010310770852787421	0.025762403141385722	0.0678279539661078	0.1403127541960458	0.2392400301529595	0.3584163554772839	0.5034577675450245	0.5836847647585713	0.6050112647021125	0.5640882818837345	0.48644337625125106	0.4368483389226729	0.4249081977992768	0.43278798146166453	0.47724735734748963	0.5363522571122589	0.5974380585776582	0.5736716578443749	0.48445873787683597	0.4110744077604398	0.372476997322695	0.3426667907205446	0.3117651629814511	0.30569513783940316	0.3309029651349201	0.36693105783327673	0.39564724503299636	0.42201482724935285	0.45278283176364437	0.47438153391669513	0.49182202300782724	0.5032614041723737	0.5095746280503386	0.5083293620862389	0.5032924700267691	0.5004045642667514	0.4912270748227845	0.4897034380440869	0.49276705719424035	0.4941517240839603	0.49800328965798846	0.5036175376706505	0.5089337325529437	0.5127748407378474	0.5105209201876507	0.504914821339613	0.4861933018087262	0.4590024319617157	0.40383994130021056	0.347449364004677	0.2922298010221756	0.23739735656252056	0.18027167111058323	0.1192805321292187	0.07118443499780261	0.04020398805029828	0.022613615556857432	0.012509757936581193	0.006829103551493608	0.003622290950167503	0.0019057843241393555	0.001014420047937903	0.0005509453638433342	0.0003677006246962996	0.0003561730695860386	0.0005987456166802963	0.0013828503853611379	0.0031895044939899923	0.006685535229793616	0.012178182023036352	0.021242895703783234	0.03417770471785438	0.046264197169441246	0.047046884333673114	0.038993086105555325	0.025774043572147746
CC321544	p2	0.0005047596024666742	0.0012074292171044504	0.002880289457673819	0.006978627419141589	0.01781793692686724	0.04575528153539958	0.10010976203485303	0.18420426197365183	0.31250220003620616	0.48488907831983064	0.7101274796955529	0.9904667592791285	1.3483373884654726	1.8098544097634677	2.4140538487811467	2.9420793481199743	3.1190055969854855	3.2183995737908453	3.196235111900958	2.5443617958914375	1.741516203332786	1.41595043664699	1.3437262805819565	1.3666353194729268	1.409808203576091	1.4617968250223512	1.478321105169446	1.4377959347678786	1.370148452688727	1.3065907915875234	1.2655721290735618	1.244239752681822	1.2474295923422096	1.2701396524332091	1.3072368962429588	1.3275240260359622	1.2998342335562492	1.2584498340533186	1.1972203542973772	1.1357109304247786	1.051496638968309	0.9732810094439142	0.8996644124890147	0.8358352954845047	0.7850494450612963	0.7455790499087435	0.7194414786928857	0.6913418557872845	0.6466033764400354	0.6075266610633846	0.5471825209783414	0.48756249389663725	0.4232785335399033	0.34247057763329136	0.2644973177428982	0.19397933641517784	0.1317196744416967	0.08608762166604003	0.05297167031949503	0.031636284024948245	0.018087225927127235	0.009991535808152624	0.005281604793331209	0.0027864284249743683	0.0014421022481875922	0.0007923690943456533	0.0005440780349233785	0.0006134820539463483	0.001045476620909641	0.002205508988114236	0.004117101874936007	0.006913774663175243	0.01235562333558005	0.017902888294381015	0.017901287777975387	0.015081076626301024	0.011393217989063243
CC321544	p5	0.00043195408195975443	0.0010803024328840069	0.003038346878871873	0.009242963837693973	0.029709878876775394	0.09024842413198458	0.20828086523431757	0.3018666491798676	0.36345872010163144	0.4609574698077092	0.6482707789777696	0.9375410477971353	1.3504974038448083	1.836704411048409	2.2410909080711487	2.4595851790985264	2.5589926303014257	2.5318197473519226	2.207885107252979	1.8393370204293258	1.590484017536846	1.4573514276054975	1.4064663964473305	1.3867313991174435	1.3748504374469348	1.3564777910905488	1.3322803405930985	1.3065483497900654	1.282902312284294	1.2654389007106792	1.257545973042543	1.2454748646479383	1.2345472765201437	1.2340717370720158	1.2288110715051097	1.2197935013765326	1.2209560030167266	1.2067257230116302	1.1773854387298688	1.139882846941435	1.0887664419806908	1.036129334006494	0.9859902998471423	0.9427003654403667	0.9081746853880477	0.8766037424363405	0.8455276855001197	0.8059032911071202	0.7502020970205463	0.6916060979237446	0.6190400615748738	0.5289666037857638	0.4440851539865702	0.35472302737570893	0.26285273671516196	0.18128614432650425	0.11916094498935867	0.0738618512595009	0.04282299079271905	0.023821784667643498	0.013139609888175741	0.007010311026532449	0.0036385445225785773	0.0018235161411505512	0.000911928561281596	0.0004529369294758774	0.00021417635965320905	9.825928252805661e-05	4.5445675190434375e-05	2.7930022794052946e-05	5.181623913503342e-05	0.00017315631004345258	0.0005218889227383862	0.0012470853932404998	0.0019014206485915433	0.0018321387373434268	0.001274413494912192
CC410091	p2	0.0031088360179087997	0.008538647276719071	0.019809740096437743	0.02504775782742521	0.04121574473548981	0.08751942692851886	0.18279184617333236	0.3271274508963896	0.48251424344542787	0.5768935898287356	0.6529194036160813	0.7576309877602613	0.8874979443215508	1.0351140705524378	1.168483932789556	1.2706777217222298	1.3267626000781516	1.373675771532332	1.3993703973835816	1.3957571313911938	1.3696873948885162	1.3477430653719207	1.34214780397715	1.356144833104088	1.4081884775097173	1.4967438611514743	1.5941354878630811	1.6666686858486053	1.7167963126271109	1.7236281400394957	1.6826651926374885	1.6175330426970993	1.5487965300414726	1.4993359114668812	1.4857945522549643	1.5050804638267867	1.5452414668288248	1.5829274860558895	1.5933209292705564	1.5809888569218586	1.5023927891591637	1.4350023457123122	1.361835494893615	1.2881424094142344	1.2113637587425208	1.1231888826523222	0.9888077937711827	0.8350832259397517	0.6956964339847174	0.5621336852899697	0.45419670878171603	0.3883030448707903	0.3786564035403919	0.36821708559796906	0.18836916882447588	0.08175451591696196	0.03919709438042811	0.021633301402329354	0.012456214613914591	0.006722263845843791	0.003456218149189348	0.0017849179771942663	0.0009180024358219311	0.00047673158580653066	0.0002558375299267261	0.00017187448008710058	0.00019436727710835254	0.0003612348537408213	0.0007685832752057637	0.0016035502224123217	0.0029735147480582846	0.005276065950031318	0.007801114932338245	0.010251151575178852	0.01120727863270959	0.010133383587322513	0.007744853487988817
CC410091	p5	0.0040192948982239645	0.02195482133896844	0.06046671593155499	0.043041578530825755	0.030830894936466652	0.045548146052579036	0.07607089887315689	0.13012906479529193	0.226111658891255	0.351333262424851	0.49313877348126156	0.6505193888760509	0.8349054842387701	0.9967128369969984	1.1014513502726184	1.1357464308443959	1.145780428205934	1.1551009315760115	1.158330444912705	1.1700124472263274	1.19032310229043	1.2152077494679892	1.2630544472586092	1.3193374560217503	1.381952955246452	1.4390656529333765	1.4739488155816032	1.4954361563658767	1.5023551884825168	1.4817479866242103	1.4428040447176707	1.409545073065416	1.3883412951332923	1.3726960448257257	1.3712855312420174	1.3811207490603419	1.4004499216300996	1.4117511685140867	1.4003260522885297	1.360261611080891	1.2681364503192154	1.1858866282955622	1.097548672150377	1.0068193816782733	0.9153516051949645	0.819889725582743	0.7197632407715152	0.6259458227472373	0.5328080071590562	0.4376451505474691	0.3479585176796705	0.2749452291374348	0.2090602193658396	0.14319443637637605	0.09011173275280697	0.05319958191992364	0.029687475004597823	0.016344095935304344	0.008897355847922709	0.004837436705442765	0.002616432904731429	0.0013843435470534064	0.000728480594936464	0.00037159914330305005	0.00020617182090540117	0.00015404470189151926	0.0002499214474485658	0.0005915362610859324	0.001493449591455193	0.0036121930930858	0.007393691853194914	0.013444793686200962	0.021168136585790163	0.02954123294508546	0.03229109441239903	0.02755738000113053	0.01908484631117883
CC410101	p2	0.0007483577660246522	0.001393245422226582	0.0028570196917355657	0.006176616159411037	0.015011765678427824	0.038579459380766505	0.0914840689972397	0.1866656457543777	0.30312910272310556	0.4542093356502396	0.691990199699081	1.0750693957920248	1.6700321338706827	2.3438634609517677	2.862982672414506	3.0899838035468554	2.7922936659328395	2.1508421101496658	1.6680076021868122	1.4149921548028705	1.3523936559659957	1.3556104568188538	1.3484810870023816	1.3459306770656454	1.3402083763715842	1.3304979999721565	1.3184143063499507	1.300545420987883	1.29083166188164	1.2962874503115591	1.3166493286379177	1.340634020072498	1.3774634648382027	1.415698196970652	1.43565771803357	1.4184267896478528	1.367375268275492	1.3013132747918745	1.2368642700262547	1.1762018312794529	1.1102015940312857	1.062848967883606	1.0244255001073082	0.9914896606989857	0.9589340230019061	0.9208315707249136	0.8651736423564764	0.802525719053043	0.732052842899385	0.6657253213741202	0.5940284872669787	0.507735277059634	0.4231515027885151	0.3394666232143547	0.26281761716227814	0.1974213456538875	0.14253316426743495	0.09298117673098852	0.050171263265197275	0.02632189286487264	0.014571179268929311	0.007982715149817795	0.0041925750079986075	0.0021780098595887624	0.0011265830454352172	0.0005633565940599257	0.0003224292190201088	0.00031777936059673587	0.000590735698027395	0.0014165339166617218	0.003271172353532865	0.005931380326253667	0.010626810431121273	0.01635807838717346	0.018956364016955916	0.017284670994211493	0.012378294583758966
CC410101	p5	0.0004678373220166498	0.0010855672198068146	0.002779994816174153	0.007361001603421401	0.0199451430277278	0.04973323802434481	0.10486575527908003	0.1895441844928277	0.2996103009344464	0.4522359150205768	0.6925850685288122	1.0924342086767997	1.6508704711772737	2.2270216542280052	2.5931465956611435	2.687721059915854	2.376156363618603	1.9189078479828898	1.579123813248113	1.4125370582465906	1.3461744672327007	1.3255427299720732	1.3151832394867917	1.2970833004252176	1.280489615209148	1.2613423066777294	1.2396469160920702	1.2280249793862819	1.2395527772864083	1.2536719696797836	1.261621362472258	1.2731896073692863	1.283995077149692	1.2735655931427616	1.258509531820421	1.2362610267987522	1.1970141174912585	1.1579843497336655	1.1136520263707221	1.0625663486749801	1.0100895794161713	0.9639176553531887	0.9228970413858635	0.8863156433280441	0.8546710981196346	0.8139631028191108	0.7759036943031171	0.726485121135331	0.6632658282057875	0.598546252853866	0.5311061732763815	0.45920000034813113	0.3865293312483749	0.30745926474091784	0.22421500207765938	0.1457414536712353	0.08460145151395385	0.04696414319132893	0.025710694249910578	0.013647290355960575	0.007070153493167217	0.0036600498480465755	0.0017871635012698896	0.0008300456431178523	0.0003953687991738401	0.00018623450604609518	0.00010259451254895589	9.417677607879301e-05	0.00018497263937944356	0.000425617336612371	0.0009504494808946548	0.002073282342020567	0.004732971396832288	0.007890452495120081	0.007416700438211475	0.004888144593745927	0.0033196079947792486
CC410113	p2	0.005406125084466888	0.011779841197595974	0.026811469909072832	0.0633874962617047	0.146653676014709	0.3096004797825529	0.5625970843711472	0.8724512004898202	1.1694687444434233	1.362227293379315	1.443573289917096	1.5648554611303886	1.9543944895523553	2.6106097813223377	3.132095503036411	3.114683933522069	2.475446154372159	1.8434751939690224	1.59963000835115	1.5624360715230365	1.5978968944857894	1.647069933273377	1.693243418062892	1.715959459206471	1.6948304399085916	1.6543351512723858	1.601549799066113	1.5449178245611148	1.5158251727002419	1.5191466635815996	1.5481035243522334	1.5981056050249323	1.6288893104712507	1.6076666701645372	1.5263440957933034	1.3894978671310803	1.2523926734818516	1.1435299212124699	1.0678765732249456	1.0191034813262683	0.9900282184740367	0.9822025329116454	0.9868882124006789	0.9964164308299543	1.005170870337014	0.99472050019765	0.9787216555376486	0.940265293243294	0.8834527299055136	0.8045142995558745	0.7079014903292422	0.5861267197478182	0.46696355080866414	0.350406014059406	0.2508949166362756	0.16827820758100492	0.10843222960614533	0.06646957236213683	0.03969955746003418	0.02306936961534941	0.012896966108534908	0.007037627010513973	0.0038463790761743316	0.002007301622260183	0.0010444377280824093	0.0005461728863198645	0.00033296338472498795	0.0003182107041858036	0.0004372470213965862	0.0007933446649078036	0.0013662762162980995	0.0021468450081509	0.0034878603066470265	0.004663628683794271	0.004914453614835035	0.004661396560019995	0.003747630999337615
CC410113	p5	0.0039463694853485096	0.00854300945642292	0.02007056472927891	0.04958870376043773	0.12246363217070179	0.27398506707745196	0.5307871215105032	0.8589971504329856	1.1548752582670705	1.3319983357750733	1.4088420663354952	1.5865253421077203	2.111649760140916	2.8228815978515804	3.0296240292393968	2.472755779547193	1.7402526886937448	1.4000723450849462	1.3524811186497996	1.4023557377555131	1.458496760042087	1.4775978606779663	1.4578210629901465	1.4020788401779911	1.3346708393508326	1.2621573992002297	1.1981890822463617	1.1763693841616945	1.2057223632108778	1.3048983275165962	1.4410228378020267	1.5126985774567054	1.4552842833581257	1.2860353392104684	1.0919662125902676	0.9359647143829206	0.8325816732553797	0.7665954677477902	0.731472503201203	0.7101898297615039	0.7030432520709154	0.7009028085914789	0.6993967397774993	0.6953355846973308	0.6875826987992084	0.6741344381165877	0.6546040672358902	0.6253568281904011	0.5836199756370921	0.5189064712790259	0.44006231252090156	0.3396868161034288	0.24084251369469387	0.15876634279929366	0.09892186098081895	0.05921009347016404	0.03417335590057796	0.019001124803140656	0.010836831101810204	0.006029326116289515	0.0033680553948437896	0.0017755736279521882	0.0009314749925381511	0.0005087914883391104	0.0002640323510574733	0.00013697068466541343	8.299003293943334e-05	8.639000254015998e-05	0.00016977683351755663	0.0003762231343203731	0.0007627809037912623	0.0012556448246108867	0.002006231944646432	0.0027098966025263893	0.0028087406706592804	0.002455854193620054	0.001863565659277479
CC410129	p2	0.01202052256051777	0.013438145996333537	0.023924969787125255	0.05851977215131135	0.1254228312425846	0.12129215778596296	0.08723558316331075	0.09683361164493366	0.1514960464564463	0.2523422404112605	0.3079440128938718	0.27803175130160546	0.21536247784004342	0.20259220480325194	0.23823686346000494	0.30757435844035746	0.3947504143074236	0.4526473224879349	0.44999336084163544	0.4154955857021804	0.37782843608359545	0.3502844587941334	0.3334943136339877	0.3285519961260423	0.3262148761257717	0.31655219106389226	0.30322640556291847	0.28950127087224203	0.2728759409199978	0.2555142122302826	0.24235833423397976	0.23242522277392028	0.2291024043833698	0.21730248318266268	0.2152726280514264	0.22383703391460688	0.23672719361978184	0.25467381453749527	0.27224129688805004	0.28327298412775137	0.2925619856765987	0.3032274859820778	0.31406390792851246	0.3235456935339716	0.33408593035770556	0.34579993342184806	0.32928595747093276	0.3150242032389524	0.300000816654893	0.2844044479430888	0.27344457902561775	0.2668105879774155	0.26053499428285337	0.23711651327744296	0.21764902708157566	0.20695760088026321	0.13929806761847	0.07730346135266214	0.043059933276007295	0.024779584925508524	0.013453846470057203	0.006793536803996875	0.0032367945095046146	0.0016240572911172808	0.0011370152097169403	0.0012759643576113063	0.0020314729103385254	0.0037267976216365443	0.00691091125916821	0.012114569776160473	0.01932383941280611	0.02898373752550949	0.03981002226974478	0.050797717726665276	0.05247931246484886	0.04708896783420503	0.03976619786855889
CC410129	p5	0.003603310397731392	0.005894519518993942	0.02014537743344079	0.04925629195646659	0.11893820156611887	0.09809534002314518	0.08342611951620438	0.09570390792669198	0.17390855088975332	0.24671179384373876	0.3141250193384239	0.2759821167387542	0.232013067860219	0.21151046857489847	0.23023045933930764	0.2795733175429464	0.33874996600463475	0.38055775278916265	0.39460629619575344	0.39391482844428344	0.37090553345955535	0.36088729923984314	0.3588562277690561	0.3660898172094625	0.3528167517280503	0.3351114375707765	0.3178460395687918	0.3029674890578152	0.27744686874964575	0.26423803499079573	0.2443524618746494	0.22332747044157902	0.20537556624697997	0.19334569403907742	0.18830105018560142	0.19569670941215195	0.20837337017140464	0.21034076464018536	0.21587551225808677	0.2274421088979169	0.24891365858947195	0.27347894632183223	0.2984198590097842	0.32081533588715505	0.3394317867340514	0.3528041722083518	0.36963366047886564	0.38288837944769355	0.39001305296218247	0.39080128904039707	0.3864285969737452	0.369544552078116	0.3390986009532237	0.29085605756618066	0.24442624320464082	0.1929602654850319	0.13716566911049413	0.08647236437281092	0.052143865913397036	0.029763501723279403	0.014940998176902816	0.007464470188861775	0.0039174172363595754	0.002260900900964208	0.0017239913573822865	0.0019736559859732787	0.0028764335010481278	0.004736648026538268	0.008397389165228964	0.013260960022477683	0.019546392909183228	0.028347657903592324	0.03932009131514217	0.05142810013222218	0.058013589697784376	0.05303431106138737	0.04123501892177263
CC410177	p2	0.00031176257856266	0.0009598955277480965	0.0030812503742207874	0.00974221055687231	0.029291267969846886	0.0818648701729053	0.20060434700864266	0.41911460841131776	0.7521441459656222	1.1164350085666461	1.4865820154363845	1.9103122046979057	2.4401027467024377	3.0771950305397073	3.5882950664507662	3.639210292435688	3.193298542397895	2.557780022073498	1.9376769293876994	1.5270173604618504	1.3138220128674012	1.2131613319192953	1.1670699991910702	1.1535646019485766	1.1624045966569347	1.1823920927454106	1.2042685944138682	1.2330115676287268	1.278467433043961	1.331011714485437	1.3921306323744786	1.4571148411284693	1.503146544727739	1.5237156347169005	1.5068547667023207	1.4794916075655857	1.4384907963053255	1.3685492192901358	1.2594217887205599	1.1441606076035196	1.09915130183755	1.04727389421607	1.015131462852945	0.999500390014057	0.9939863911151605	0.9974338300163156	0.9951833246978292	0.9782310390950859	0.9441527349312661	0.8847580069913517	0.8038719802792947	0.7079925507409871	0.6026386628952052	0.5054505995705251	0.4213263902970131	0.3461083350042282	0.3006383592395859	0.26058019134918675	0.17374212690482202	0.08487537839645151	0.04090886502415983	0.021136351842201903	0.011225600590980229	0.005949942565849535	0.003177848932098921	0.001657945961658586	0.0008246193782537006	0.000406792885218609	0.00020842158382881882	0.00013364237369640767	0.00021590886272878038	0.0006200359257004822	0.0016075946793147353	0.0032049232344511305	0.0040361949628732385	0.003501639658914123	0.002286667447947341
CC410177	p5	0.00024335025502092016	0.0009118554804845931	0.003147728095872461	0.010044168036695856	0.0299061270479994	0.0795571770813291	0.18421607566238626	0.34253065444760905	0.5568256710191913	0.8500440412778371	1.1857402898527656	1.5954813105986214	2.165601710340946	2.817684309218809	3.321751724867306	3.2726084369550086	2.7518324968473618	2.232323005035052	1.825446537999638	1.560891763838469	1.3989658054738516	1.28985102792016	1.2195031214302137	1.1577708414887056	1.0982840942868763	1.059281006991085	1.0581815192866677	1.0868125552447452	1.1294628939753193	1.1797786353466115	1.2363064582773895	1.2804126319988325	1.3002923740342398	1.2936710676059344	1.2709407467041922	1.2386369381969187	1.2189333061856489	1.212886853077236	1.1923646726746702	1.1723863637078993	1.153711187178209	1.1486094598537335	1.149145953392799	1.1479440576630282	1.1393898242419351	1.1000730451462255	1.0321843540481732	0.949280122121433	0.8495427467146716	0.7397641168162711	0.6252039172560502	0.5184838408219773	0.4172267457378354	0.32337220387559695	0.2382674079314568	0.1677877494877545	0.11228141799015488	0.07057733423686474	0.042584053234588866	0.024462097500622615	0.013696502229024556	0.007776345584604359	0.004270204968795556	0.0022985050656915747	0.0012055197944028297	0.0006194767326219236	0.0003269158079902052	0.00020145305237305146	0.00019381636432854084	0.0003350175301087962	0.0006484422033488325	0.0011608209834764812	0.0017559618547976978	0.0026932249085594596	0.003455977876468632	0.003222434172401977	0.0026147818792785133
CC410179	p2	0.0004726492729975981	0.0012827168606638387	0.0035801465689532064	0.009838586999373993	0.02774294817632641	0.06971529828174697	0.1585975876698526	0.33276627083178484	0.6319391109478957	1.1062014012692298	1.7426291588152414	2.353841555645761	2.68181875699875	3.005642751551062	3.7357531601496814	4.5626036222527535	4.368668342846902	2.9954043270343336	1.8118213020777727	1.3733112986363358	1.29443055369099	1.339323484716038	1.4275393307699304	1.5120590160616763	1.5565908162869615	1.5601350704841173	1.5208639733309774	1.4617559865441732	1.3931693088895913	1.3561847610851003	1.346636742550784	1.3949149071844658	1.4974858231034671	1.6379102840466777	1.7596778472058827	1.7563461245601177	1.588064703662789	1.3999428787062949	1.2962472856451093	1.242901412410843	1.1971651333718911	1.2094466477797914	1.229984150870616	1.2429404434844507	1.2406343797020252	1.1896042981935913	1.115199522780796	1.033807711924507	0.9248320951379612	0.7874177385480597	0.6763400136547856	0.5835577142526295	0.4971398584263877	0.4102326215284863	0.3116552246272874	0.21822295597339766	0.1410862699721228	0.08625464097729911	0.05195824874729165	0.03152126299380242	0.018854174193048984	0.010992184739785322	0.006377828139743306	0.0036415444125255767	0.002003511530208948	0.0010678013928993248	0.0005618398104811191	0.0002881505359424274	0.00014455360456320452	7.032424274776635e-05	3.37236901235408e-05	1.5692108002083085e-05	7.25723409082203e-06	3.2118104882403446e-06	1.399851452178881e-06	5.878742889789811e-07	2.342715959922202e-07
CC410179	p5	0.0005426143166076954	0.001191135578494878	0.002842973780372498	0.007276516528022093	0.01894382398310678	0.04901541701992432	0.11906115862047484	0.2693073584768204	0.5233158954122219	0.9175209040491878	1.4857061500000677	2.1291960865586526	2.5963856128212437	3.013551780042674	3.5920431295573816	3.972332438411413	3.406529215637713	2.2958069201256057	1.584229705501871	1.301729260577424	1.220536210105207	1.2076670720924019	1.2077997099534035	1.1985441648488815	1.1655334195708043	1.1187560499684628	1.0715641964221287	1.0350492025471527	1.0128397553138808	1.0131815795673413	1.0170375443856057	1.044684435133511	1.0673494946573265	1.0648097673259451	1.0293182530668485	0.9665137711983759	0.8966418179518718	0.8378376408491709	0.7919703136241987	0.7818863667248891	0.7478361167840899	0.7454853129889348	0.7499697492443584	0.7550347179878177	0.7573366617442311	0.7328124875107386	0.6926139294000071	0.6293565142188078	0.5488233895170641	0.46762326635767565	0.3978851711347692	0.32275928267737186	0.25442020874815213	0.19134245132021754	0.1356781005149548	0.09088746602121753	0.059014530911410255	0.03675761041368129	0.02235541083968857	0.013163650466826405	0.007386940060354552	0.00416568143764423	0.002389199890738217	0.0013051453302253524	0.0006660232769182854	0.0003532962299202062	0.00018327135047493994	0.00011687697153365299	0.00012546464011079937	0.00021739153861148852	0.0004086115787869501	0.0006851815070682618	0.0010590064997629545	0.0014094856848439236	0.001629678977304433	0.0014339227510908872	0.001071279840535761
CC410182	p2	0.00026280089269370513	0.0003009713450102217	0.0003049340346828035	0.00019755219298788564	0.0001866096479686409	0.00034358273934114255	0.0008225926358386426	0.0018286763026871436	0.004147318559953658	0.00997795835428231	0.025742224988553202	0.061743644800888495	0.12113433952218756	0.19626926492756724	0.3073469148648626	0.46600974131757733	0.6739839606120611	0.8767749789628257	1.0010931820666475	1.0129938157180796	0.9456507842243649	0.8714711370367973	0.8267237652170528	0.823169748549605	0.8537780775804334	0.9086997791976509	0.9713999048309385	1.0372915472698294	1.0994846622254815	1.1556908653782456	1.205402914609839	1.2396604877075954	1.2647277001758888	1.257652472486153	1.230514878093137	1.1887748394686617	1.143319784599649	1.096616504253153	1.0505859883684823	1.0044358149131927	0.9579892596589653	0.9144594008388528	0.8743526371356785	0.8364011123751903	0.7996670318774848	0.760484954760355	0.7218962651542281	0.6836759997277487	0.6265949494783346	0.5565354411208876	0.4690442095351024	0.3955763063116436	0.3246991735018287	0.2634362752517939	0.20829639074133152	0.1548984123471406	0.0906719634166648	0.04860440291375499	0.025759748743959053	0.013937400963775671	0.007687733137386886	0.004202428758435938	0.0022492198333350926	0.0011931657637467591	0.0006805861913064757	0.0005370361534487523	0.0006970812548793596	0.0012128718902344562	0.0023097564164843523	0.004273997175590331	0.008164058147822539	0.012978502546091729	0.021162817142610535	0.029056442629411098	0.031116813754731392	0.02661137953401316	0.01943553730332847
CC410182	p5	8.04984529435733e-05	0.0001974710248097729	0.0004811003242134686	0.0011182272554474792	0.00254895774977369	0.0054800438080213985	0.011704430928487353	0.02517579211523186	0.0566875184404334	0.12316389639470963	0.21946663968536284	0.32866652552777603	0.45162446506518056	0.6333502987122525	0.8615583737414466	1.0736609698979098	1.2559945924171805	1.3606699989432083	1.4040953817587676	1.388631123509763	1.3383759122009882	1.2838447447596892	1.2561099781636478	1.264548728477687	1.2882030438680105	1.3361082381466016	1.3904789020813022	1.4496635815834185	1.508277420686474	1.551714536885454	1.5765273372209778	1.5760734204822702	1.5531602839984922	1.509384358287943	1.4558378226882212	1.3998600725808856	1.3404627795010953	1.288547049262307	1.2300049545490201	1.1869238804125393	1.1245945184709039	1.0704760838997287	1.0169507612858213	0.9620828834952624	0.9045365901099325	0.8468016746046704	0.7835644166930854	0.71983143520303	0.643203900353782	0.559135200171423	0.47552495435616776	0.39601078659969513	0.3195262637888415	0.24431852370215243	0.1731774259176021	0.11446712310768357	0.06829563542439429	0.03837803189013505	0.021254675954536274	0.01187061966313322	0.006612634734724376	0.0035902576397509943	0.001942941794277264	0.0010426533519322166	0.0005575983703726069	0.0003078971105769092	0.0002011919651432931	0.0002101875577628806	0.0003928797705259349	0.0009142042651412922	0.0019046529392207014	0.0036079776027100564	0.006378906282966779	0.009378839338397157	0.009592731856968377	0.00764983675967477	0.0056713808480540456
CC410243	p2	0.000521307589044887	0.0005416193732236069	0.0006601142620347933	0.0010661152203692787	0.0022649074443387646	0.0073526483855305665	0.02346750228740388	0.04710234189038764	0.0633234133990552	0.09289665260305911	0.15013321401431834	0.24738537294783028	0.38836989668524796	0.5614276846295575	0.7349425831052538	0.895478667431488	1.0329597116225995	1.1291430136038358	1.188058275348107	1.2366779439844022	1.278588366859594	1.321826483701542	1.396587854324872	1.4771577304927692	1.5485124113325976	1.606524415011861	1.647746086672895	1.6624438759929472	1.6314839947042568	1.5776258827341056	1.50316571226873	1.416872696752201	1.331182439756148	1.2364672409080457	1.14781921439278	1.0606533632329453	0.9751102363492437	0.8933032280015465	0.8337642124347798	0.7904771730716519	0.7569130636990177	0.730211622224032	0.7067780566314498	0.6839297141200212	0.6657317493875572	0.6322379168566205	0.6207418214384175	0.5951274216585619	0.566023742792984	0.5302733981643027	0.49717492878250524	0.48352183258683	0.45125671431726483	0.3630225293421236	0.22658107070161196	0.13051699899833646	0.06957862891889499	0.037094487953111724	0.01829929492024182	0.008898822848773833	0.004908051860083279	0.004017657272554954	0.002669768538749876	0.001010606800688177	0.0003648651030982671	0.0003362787752077146	0.0005808704801693013	0.0012775741452817266	0.003026289605862269	0.006240171265413419	0.011658791924111069	0.020613710766386708	0.03245136532275266	0.047902679820338634	0.054506121755999615	0.046960613303724544	0.03241498378084006
CC410243	p5	0.00043605605518046793	0.0008519562770134337	0.0013004152471574018	0.0011320615402841058	0.0012260531004106411	0.002185196828790201	0.004676043377412903	0.010738791344291617	0.0252123445913348	0.05705140385037906	0.11876135810367361	0.23986758702299313	0.4582076560050352	0.6790665392334023	0.7897454426679847	0.8838745828340355	0.9761783497018668	1.0277466253913763	1.0538631594398784	1.0590959511144844	1.0533038856235142	1.0624139067518845	1.109656800459773	1.158283369505688	1.2196202714252842	1.2884867261812016	1.335802313442159	1.3475947685287955	1.3525336910876224	1.3324005175961218	1.264852988939582	1.1723380377830461	1.0799743524841954	1.0005982446317425	0.9279135320482499	0.8589264051806258	0.7903308237351295	0.7406158382075394	0.7003388471491461	0.6759119457026127	0.6512421051151613	0.634453229495088	0.6190362799418926	0.602873034890785	0.5836612320330773	0.5619524364783625	0.5388519892494774	0.4981924442485218	0.45435384618684094	0.4098127191788032	0.3600153199454263	0.3036295306283178	0.23806164783591652	0.17349224368353958	0.12331739512456107	0.08246783799667916	0.050729057889587946	0.030314652880629147	0.018057789527668823	0.010331483523736354	0.00576143098170967	0.0032236692424988003	0.001782813733970698	0.000963499212410596	0.0005636604748886021	0.0005095001291204644	0.0007818984036119089	0.001480839923775541	0.003246060520210398	0.005961496451876724	0.010503994479043988	0.017877455973132703	0.02915108856869707	0.045823188264688605	0.05796442768197334	0.053914851753468565	0.039346556075174385
CC410297	p2	0.0007626495494579673	0.0018755979448935786	0.0058396421460550005	0.019523982034979723	0.05843946278310989	0.14125559740797353	0.22514430804047264	0.3173239069446668	0.434230112116471	0.5985503051034774	0.8883025136053677	1.4297636124506494	2.1879433546190747	2.629765847164969	2.475223578743922	2.16575228496421	1.9056808419673248	1.681677232344175	1.5201460551836004	1.4086968491127019	1.3715288921843882	1.3806455456914701	1.408463731728537	1.4427873496852224	1.4850897613329268	1.528486865953066	1.5620346910555423	1.6091528567070938	1.6437208490610895	1.649264206643787	1.6215628972340776	1.5884344529207135	1.550155115673135	1.5200904320131132	1.4963482063135243	1.4826803545149103	1.436561463540244	1.3603168107348302	1.2938067716332475	1.2248804319422084	1.1366957787831795	1.0576061364433478	0.979914985740276	0.9053556642653394	0.8341977880659729	0.7733576936674156	0.7005680041318088	0.6336521160372321	0.5591687302435593	0.4776274308781308	0.4026933681908992	0.34199586870345494	0.28097009164012504	0.21448014273250876	0.15141600635047983	0.10120366839568434	0.0621111836825855	0.03544171149633388	0.018955958587945118	0.010209222323936182	0.005395805770923739	0.002752652675104836	0.0013846499040793595	0.0006992664285476588	0.0004179420704261719	0.0004057505238479551	0.0006425728372202023	0.0013563070897979989	0.002979629462413032	0.005652253291076957	0.009375963675811439	0.015242418676531208	0.021920512092899712	0.03053898133603685	0.034319469039481604	0.032773302602643634	0.026393757278502555
CC410297	p5	0.0007586802647675645	0.0016861769731907098	0.004137439205215719	0.011323969478464339	0.03185578438810765	0.06526592007673017	0.1142177424086687	0.20780687164153946	0.392764867414957	0.7409135675683702	1.3194341202970599	2.0738657988718248	2.6300319903937996	2.61284098745911	2.1790140155091304	1.7150835896845509	1.4517659672294292	1.3410294085796104	1.3286045720502075	1.3638246758800265	1.3957292250524398	1.4100562554342522	1.4162487895400848	1.430650010940331	1.4613514657161892	1.5047759840096375	1.5543924514815415	1.5837516619422634	1.575037155081059	1.5516170589265985	1.5062003432775	1.4386584490751406	1.37291533610389	1.2926110965818518	1.2129537032332234	1.1506835204414738	1.086161057842401	1.0290537688786232	0.9709773871311371	0.9190388450500877	0.8472594504328578	0.7886574797843676	0.7305490634002926	0.6695925429105246	0.6025602310026427	0.5443945063115393	0.4770428106548944	0.41438685056423985	0.3508250291517178	0.29287914197803855	0.23923183929150207	0.18090413395997465	0.13156864130331486	0.08953350146672313	0.056909132314767005	0.034889077464533874	0.019642426206743058	0.01078743365946808	0.0058331640054593145	0.003096372634529137	0.0016467324944848638	0.000841142924001272	0.00042757387669684185	0.0002162093010214375	0.00011819665544849106	7.561946594800115e-05	9.801445695483426e-05	0.00021044467593725496	0.0004801527760284345	0.0011311971905998259	0.002436965323905748	0.005107573403297075	0.01002522184291273	0.015526190164655911	0.017554535865963113	0.01617745253408695	0.01285800384007009
CC410325	p2	0.020777615332189164	0.02854411034215218	0.03854325724644621	0.03755450118342093	0.031965795804541466	0.02358675080179316	0.02180636059644537	0.024870331128142322	0.03243526695344658	0.037723330034173976	0.04396650028127798	0.046576435922320844	0.06575658218136406	0.14061556180324408	0.3936159035225079	0.8847413518188384	1.0919788295605937	0.9106896633514637	0.7596866108823158	0.6074543194109446	0.4900966970313349	0.394919995395165	0.3260452251357233	0.28338194633066993	0.25573291469923287	0.2422073113502421	0.23826322528999208	0.23898058355253432	0.24184411219106736	0.24136070135200596	0.23164541888105436	0.23041067462991774	0.2374768569199757	0.2586403831649089	0.2934475845474758	0.3197494971897331	0.34067016566168573	0.3523649041586738	0.3631850344831231	0.37902013683470714	0.3977995590571519	0.41591316733599154	0.43240974980105734	0.44990599895405015	0.47626052243218686	0.5159580995490581	0.5685370582704502	0.610238288870549	0.6360233905551816	0.6549012277098932	0.6605874939510372	0.7289281246267894	0.6273953990581237	0.5045321498517692	0.3138890565366438	0.17525851665602765	0.09910813270675445	0.055375323355945506	0.0327783768124788	0.021874313928558754	0.019258959102500535	0.017843993198022448	0.014898546086643106	0.00733321424729109	0.0027638582553638617	0.001437194814718401	0.0015430071157442734	0.002574640375381256	0.004605135009750513	0.008059334757470685	0.013133449922822383	0.020270066321651844	0.02901969763319788	0.03711344316744102	0.03863311111218899	0.03670954063629846	0.03208702534355717
CC410325	p5	0.007366270744360358	0.011317320749214089	0.016913393454988112	0.020368670300441413	0.021990929015564743	0.020164829607122643	0.014733274571869244	0.009737882747083287	0.006290171487873295	0.005324800589809191	0.008316914829755013	0.02300371181060465	0.0842554094531169	0.3103740005848166	0.9560966709090903	1.6732788666473581	1.7756069442798073	1.5020393346267398	1.0971051170378014	0.7367754525872616	0.5075026952647146	0.4076299796255886	0.38072634479804685	0.3754940377454115	0.3701267881116558	0.35891847352061457	0.3481966405160961	0.33523893782490716	0.3286187557494337	0.3216943654652882	0.31637537201785343	0.3243335476356977	0.33906093067598164	0.36971277379356704	0.3906715372660411	0.3866034192585972	0.384325773550308	0.3817494436962495	0.3696234265376091	0.3657103184854326	0.3586388911131704	0.3565728502440287	0.3565710627814448	0.3579750552201202	0.3598731638629678	0.36241776950569715	0.3633691640059523	0.36236317385511085	0.3581878656031652	0.3501500826998589	0.33314006493707327	0.3040489433671168	0.2634665616882458	0.21080807358629394	0.1516808069317535	0.10251313182916634	0.06724872088777535	0.04153808787044025	0.023527596066290415	0.01304073741577678	0.007287076594395888	0.004052700126751344	0.002310657757035644	0.001453077535714442	0.0012973004679262495	0.0018418597319763191	0.0035697137136405347	0.0069020116926454015	0.012545920107253371	0.02133529409616255	0.034044010970537025	0.05069239327289657	0.06680490044949548	0.07852031516773761	0.07981991757634371	0.0720294140210714	0.06020902170748384
CC410354	p2	0.00046212812688063937	0.0014868221612848102	0.004741673827523492	0.014957296467801941	0.04342086803782888	0.09663655179175556	0.15693323102076104	0.21063752900820934	0.25261774795610276	0.28029072760470986	0.31181732472281104	0.39077185178843804	0.5526853335054409	0.8477585790187668	1.1945514497332075	1.4618715961044555	1.607104714788369	1.6207439590356267	1.5084123058286607	1.2358055775049226	0.924376592665395	0.6470898439838279	0.435751885661395	0.31023992357258184	0.26198658720208245	0.2629284621820083	0.2850193426158529	0.3271997338936076	0.3674677480074506	0.4201343197821211	0.49288660942114076	0.5824861494084312	0.6733664534354052	0.7683141923188745	0.8575334975320061	0.9253580975068705	0.9776987793636743	1.0006495076054975	1.0013661655382524	0.9865229718646218	0.9288812775983152	0.8777295002313545	0.8268413436876583	0.782501932001708	0.7454064166004323	0.7213131971004619	0.6864344734718163	0.6385953753942191	0.5902688905639086	0.5274021937793554	0.46000438080443695	0.3831049949137673	0.3084509307839085	0.23519635748249576	0.16881861164758155	0.1076330202702056	0.06473594678485355	0.037370561695765005	0.02110172296219861	0.011472145637635702	0.006018425003291271	0.003239646785909003	0.0016916599725329024	0.0008846103908553368	0.0005204538116503868	0.00043433254100088076	0.0006081039306204736	0.0010733011835587832	0.002049336888090975	0.003512617188311327	0.006224711819754078	0.009142176259417873	0.013221492425687287	0.01607125115929938	0.017053481021316336	0.014860307647858756	0.01218749799996214
CC410354	p5	0.00033733127303496184	0.0012284985198020757	0.004098770349180968	0.013256610876493434	0.03787142783733091	0.08266381177157255	0.13356743910570806	0.1694510474490784	0.18078631466088346	0.1733249273703678	0.17571756742014097	0.2336475924892481	0.38794684420553877	0.6693748164368396	0.9787494384829781	1.1709515623846025	1.2772018868062425	1.2558180261205873	1.118730176701429	0.9000666368466654	0.6432487147908958	0.4412266960050413	0.3194185052410198	0.26870679357590477	0.26108182983828476	0.2680132786383654	0.29186275338418677	0.34122023430908294	0.40581855759516755	0.4835105405017972	0.5479420992613073	0.5985912356208424	0.6633965045085912	0.7312401885205622	0.8171169869064577	0.8836920871360473	0.9216560568568146	0.931533129086498	0.9296683748203116	0.9149724852942944	0.9209012890962486	0.930938009485677	0.9441106152313369	0.9544762841043374	0.9544969026069646	0.9112396403809175	0.8456058509863568	0.7897867495730924	0.7007990963772099	0.5874878337155908	0.4643957049256158	0.36842075751517395	0.2879597086342586	0.20593892939283992	0.13999141200524168	0.08771271404313782	0.05019349519054291	0.02721269819212655	0.014707350935411765	0.007803610855273969	0.004154633645786837	0.0022056428160886214	0.0011334164053414782	0.0005693670266557075	0.0002977758110611121	0.00019855960356985459	0.0002349734688081678	0.00048641315386217815	0.0011964332780125934	0.003063817017053861	0.007041432626183809	0.014877375481872212	0.026990212400977775	0.04190583844488217	0.050664016093956064	0.04401613617545307	0.03234321268956167
CC410390	p2	0.010369800649924776	0.02796217930470638	0.048267402113577856	0.062068344348795754	0.07158534539150853	0.1457051366365789	0.39671896610722807	0.6180871356064498	0.4864247580137173	0.2569433505039721	0.18640433321383917	0.3074181560677448	0.5932473253247965	1.0139554971259972	1.5384683185924477	2.160758323586461	2.7389079863075394	2.859821708122463	2.289267080354981	1.4687465112625862	0.9512345321216422	0.6284212523674101	0.4326771940666072	0.36245551344732	0.34925963631306034	0.35302475814736606	0.36794929840108903	0.38233016073227416	0.3931000847807734	0.40704374521698533	0.4314528998299386	0.4788279683435571	0.5492844869769278	0.6356853642953036	0.7269370249638386	0.8245497035761283	0.9217311485632594	0.9981186804344694	0.9954888117458235	0.9459323117038646	0.8648305366268606	0.7771647790683691	0.68907300030495	0.610491890957428	0.5472986388600484	0.4929836221371786	0.47429888008428484	0.46623585788948846	0.4083233309111492	0.3450142277718398	0.3293480313856544	0.3240160162195648	0.2890764204073163	0.25035480504148294	0.18193812824118805	0.1304084779481847	0.0956494545774967	0.06919084414635376	0.048484257701397006	0.0343425849011783	0.02549982714890988	0.017252374422710742	0.009999716374532938	0.005234379632536908	0.003078467198242012	0.0025464799038659594	0.0030920914646961842	0.004641039488923415	0.006984546181483255	0.010010965666125568	0.013340612986021821	0.016970721185632903	0.021774733014709544	0.0267247814777317	0.026414261072297277	0.02367728026868593	0.019466281465573096
CC410390	p5	0.0010369091262607273	0.015531266092008413	0.11226829398342911	0.4414859753990135	0.45674701886592256	0.2744181799516031	0.1728287002436649	0.3181037418498589	0.49367892564628796	0.5650961684754117	0.40151411131189507	0.5301778130461952	0.9511211322195445	1.511473626131143	2.2054225521848188	2.8702513384264194	3.0660559387215534	2.8520432478889712	1.971394865014445	1.1709456886927394	0.7832324815059646	0.5843547115558504	0.49948264484371574	0.47144678948380003	0.4637222962569685	0.46861972611349784	0.48198910211378354	0.4957127279355901	0.5116230848605413	0.5292359731002737	0.5707254217157783	0.6248159916180452	0.6980296875194083	0.7891553814359767	0.8924577676123681	0.9827021396432994	1.0168290902617705	1.0027020477482809	0.9465819863717685	0.8550568820269722	0.7880710993267732	0.7042226117600795	0.6232576612894171	0.5496252552397057	0.4862746599333089	0.43260810397396954	0.3871372015395753	0.345838324796279	0.30973761609790934	0.2747012174768728	0.2571053346993875	0.23234605219414972	0.19244344886772657	0.15430243199040133	0.12468376067664873	0.09682075998038497	0.06650237813588793	0.041745899691196096	0.0243094560890463	0.01322915449884071	0.007177314550717543	0.003780524990742458	0.0019029958984717822	0.0010484045467844577	0.0006452102295324687	0.0005641600824010506	0.0007266311631919911	0.0011946739326420886	0.002034973757667538	0.003210631776635847	0.004818401405245274	0.007313205475329145	0.009733004154834341	0.011184077911086715	0.011255277334944283	0.010661056515192337	0.009213474252499456
CC420004	p2	0.00021917132987015823	0.0005219195984984091	0.0012827242241542905	0.0031965678919862813	0.007926111760446573	0.020631178723083468	0.047745619615562805	0.09942603560756143	0.18108420202053024	0.2866515312285335	0.4221167222761959	0.5704797340343979	0.712025471606743	0.8652616273548432	1.0984055596915479	1.6266774640256136	2.2971348926687627	2.3529412713641342	1.7366613035417777	1.1808221976055944	0.8983683863070516	0.8024143837872479	0.7831569402274636	0.7857127552843495	0.7981424448363995	0.8172783068008547	0.8352598391722033	0.8471417057585278	0.851057658777675	0.8503010486035316	0.8408847936644764	0.8220310343002771	0.7951837310340746	0.7657882325035302	0.7537918152373644	0.741738637154163	0.7276312342487179	0.7162197676333637	0.6850089184855536	0.6647903146641958	0.6399202127719783	0.617936480912984	0.5989739447713402	0.5850183875330088	0.5807763113875798	0.5778118742941	0.6064201936624506	0.6446207205029877	0.553753917614292	0.4530126954290797	0.3787593521059257	0.3038539598200076	0.2343406892038923	0.17624946699717844	0.12370293572204105	0.08031549851608905	0.04834887994411435	0.03148219022824281	0.021221421665377507	0.010706603194842705	0.004766942313329855	0.00229392349831341	0.001155351680501799	0.0005739180084981512	0.00032919678365448275	0.00025081479872567563	0.00029446679167876325	0.0005350615940863765	0.0010859915275770698	0.0024370002320361914	0.004995644783476833	0.008148563369168055	0.011201380293936908	0.014631144747138157	0.01541517685453501	0.015039048176457334	0.013018892745919603
CC420004	p5	0.0003197350794541974	0.0008507610880909584	0.003117828518494778	0.008929908506084787	0.01885668635287116	0.025816253176333733	0.0426316211750988	0.08024077078915985	0.14494137835237414	0.25019410186312707	0.3938976135329386	0.5238248453118685	0.6523008335110799	0.8403046934906779	1.1834563385825756	1.7807015487611662	2.3212760604278277	2.0923232755786807	1.3362571776038572	0.8679320809075343	0.7241499921882658	0.7117624958983167	0.7375563197648224	0.7711260599953733	0.7935310908001493	0.805439747108341	0.8093196228229167	0.8103374931117066	0.8111698946609303	0.8161651588883031	0.8131781079163523	0.8060918791321575	0.790640593805982	0.7766915544104765	0.7654339109837381	0.7531650308741399	0.7428162173306792	0.7257149682917298	0.7124709633861674	0.7040639503297159	0.7042321946288631	0.7108687107193726	0.7177236527180261	0.7191430437139958	0.709957790789479	0.6891553247965103	0.6395183441335414	0.5875070559155976	0.5130771154927574	0.44274483622623395	0.3765488066601088	0.30517547256063926	0.2348048929501458	0.17279568928662	0.11863885334325595	0.07544499273756797	0.04641590215282097	0.02713516288163456	0.015500370479631055	0.008667648599641888	0.004675720343039976	0.0024464572221146353	0.00126355245306306	0.000658459334730565	0.00036529582157351605	0.0002568321352200018	0.00031881691363180094	0.0006016947273520974	0.0012244810178686492	0.002513879148885249	0.005474772634266922	0.010904800051568216	0.018714485165762202	0.029711825091785767	0.035837428769341165	0.0315283327453901	0.023695605518921397
CC420075	p2	0.0001678550074055246	0.00040041163779732427	0.0009578579758708282	0.002391806264402181	0.007028163852105355	0.029441139772282125	0.11833039159351416	0.2620623860404848	0.2968111162099008	0.3433971106165934	0.5139076893908339	0.8303913029038776	1.250496791786183	1.6867113655124748	1.9643395292748798	2.113564991759785	2.112677263150203	1.8162071614139703	1.5678647319755479	1.4010320653722457	1.3188401644345065	1.3013910695389928	1.3230815622383718	1.383639120642008	1.447386906462014	1.5134722553276727	1.5887268546241289	1.6417780608298942	1.6841168095027927	1.7059408307920618	1.706476183360653	1.6783058429122661	1.6271365185674986	1.5853536736083205	1.5383640821999063	1.5025338614769954	1.4597952142165425	1.427275859904689	1.40332309178816	1.3582013496468703	1.2921479822317201	1.2367036575174204	1.182680905433802	1.1311529719816882	1.0832701167822076	1.0137873066347023	0.9437292949277373	0.8733548894096042	0.7950152237507185	0.710013312552197	0.6138431114791962	0.5353856430612232	0.4306271277061531	0.3219949570395906	0.2145811364860482	0.1319461316891242	0.0781231208958043	0.04492529406221426	0.025089238774947845	0.01361190978672016	0.00738620081886275	0.0038987935636967236	0.002050872355815575	0.0010828402966831796	0.0005875659784486499	0.000357184067525065	0.00033435214879655505	0.0004785233881333983	0.0008699196551285933	0.0015678010064708076	0.002828146093371467	0.005115529728849477	0.008752402991605646	0.012926946481012488	0.015094699583757887	0.014362023559449488	0.011060715409264224
CC420075	p5	0.004003202771168281	0.008447288203409353	0.01744357865370954	0.03968038381338866	0.10524271897642244	0.28925531917537484	0.6738081623264695	1.0320960317739276	1.1137938788478088	0.9810696085245052	0.9972290774203416	1.2252091853379556	1.652947058540006	2.0204430411760663	2.0551522769488333	2.0268873574932984	1.9594511767854683	1.8374991174090116	1.6615915377488657	1.5016004844448365	1.3726613850454472	1.2855425740196909	1.2450173099262685	1.2343617788295727	1.261019217719388	1.301242487053346	1.3476656698078588	1.3862937520641136	1.4179204161056245	1.4170629431688204	1.4047864469752123	1.386517897467784	1.3772451919160515	1.3529196084420143	1.3302578104288358	1.317307120542996	1.307393014894286	1.2934033414211712	1.2698256708421305	1.2499310522377765	1.187862141819122	1.1447991089062248	1.1008667529474772	1.0524072697901965	0.9945488289929126	0.9255230695556699	0.8383275485546765	0.7423234694047689	0.6518070376955086	0.5603087096514289	0.4684320334997641	0.38660232773294567	0.30827796981433037	0.23598339082593145	0.17292445365560685	0.11738998973473176	0.07519617283252991	0.0445130695772226	0.025023886727988866	0.014147766315918802	0.007628003736756872	0.004036878301217916	0.002109872684035002	0.0011166208379018493	0.0006046374701156784	0.00040586928538494533	0.00039889670289947624	0.0005193265169415391	0.0009148800603709733	0.0014616708351639822	0.0022786623222645058	0.003790855323965066	0.005828973473210257	0.008724824274952367	0.00909657666894962	0.007191303093993813	0.005580693535949358
CC420094	p2	0.0016504967841826429	0.0019136064802021218	0.00245017725848964	0.004422592647529897	0.006716792499280099	0.010507548667570416	0.02066349954904932	0.04121569350597331	0.07424860224314558	0.12140533283641335	0.1800857888650927	0.24587179806012108	0.3301257053123329	0.42996107748620743	0.523573372611264	0.5921978221234484	0.6183874854300001	0.5917505644328	0.5532262220549579	0.49372820595705774	0.44153300081672325	0.3959695707543928	0.36335112226318655	0.33674514645331977	0.31700242362956726	0.31701977904403594	0.321141495969491	0.30965864170605606	0.26038001400503663	0.22679446045871762	0.2120101395068729	0.20788052588193	0.21373406562232905	0.23147324850871212	0.24851717650086125	0.25606747140400016	0.2730902194385268	0.2952971567405223	0.32324542272252244	0.3416407850409328	0.354752274602236	0.3733925378705604	0.39171416265457537	0.4098254498268303	0.4277100796355141	0.44871938346273005	0.4732527062833821	0.48736362478910833	0.4677787435071959	0.4309622395522872	0.38879077657231165	0.3344315480298755	0.274179268588613	0.22029222449154695	0.16210736157489605	0.1108514341373255	0.07219545930352485	0.050796442519225805	0.0400799906288631	0.02754730202778257	0.013161590595604594	0.005805629676891506	0.0035591277706141546	0.002826432261257098	0.003127582129050883	0.004081534458852953	0.005770799533662927	0.009254720402994014	0.014934760510350233	0.01962532081186812	0.027162095223556493	0.036948635039296976	0.047170319047175766	0.0578130693685236	0.06051539753470171	0.0573794891689091	0.04833165544093169
CC420094	p5	0.00015497703285675764	0.00032131897215301804	0.0006763536610038902	0.0014276013168092576	0.0029539136928891665	0.005926289833540654	0.011660763790702298	0.022585316702591233	0.04195934146578458	0.076434755443126	0.13034542637146151	0.20854122018095209	0.30910484154605683	0.4229946464716437	0.5235086887823516	0.6187172201278323	0.7030883366825732	0.7745227949172675	0.8031237503894147	0.8048891321667624	0.7885015177452401	0.7675070770951301	0.7587428274589102	0.7596879821770477	0.7531387383325676	0.7480382624437393	0.7376802671976873	0.7278649913038893	0.7060574658459388	0.6811350383231248	0.661572956143355	0.6433441507244267	0.6252793507356774	0.6098680645586784	0.6109734582149916	0.6154249185069435	0.62965398291385	0.6515597111759811	0.6682660105636329	0.6722240338380087	0.6582219198348038	0.6441413358659911	0.629107414147071	0.6138016794456302	0.5971792706444808	0.5789743659734637	0.5596077512724064	0.5329040854046375	0.48759557353384025	0.4386986530299662	0.38226600216836737	0.3164885951703081	0.24562896235540024	0.1762490668487948	0.11568539368506418	0.06855467466036977	0.03896036121706685	0.021127056733417506	0.011079956871269099	0.005770742995473392	0.0029987346946333438	0.0016388693812529793	0.0009609506344566125	0.0006237358658802474	0.0004934566650592004	0.000600745943480064	0.0010666734153352325	0.001991100653702732	0.004345697088015737	0.009669014958342196	0.019479884025379854	0.03378860289242067	0.05070821638708541	0.06521524524363449	0.06821442670098155	0.060112400364796426	0.046129739633698826
CC420149	p2	0.0010001229083903772	0.002533167794513219	0.006621412911271591	0.01721223244510157	0.0436717785767313	0.10493603151168115	0.22916485890171362	0.444781910668565	0.7515489052065234	1.1665700634680483	1.6338975098270403	2.0274928755758985	2.2151132328739993	2.092417900043385	1.7971385786002825	1.5063999429044164	1.2651729574906616	1.1192350280997594	1.0188198291497519	0.9760758955882185	0.9621135156501939	0.9610509479022518	0.9648131856668615	0.9736458497809135	0.9799427920624614	0.9800844359323173	0.9752451908352993	0.9604231478484914	0.9354256941471724	0.8923090555806339	0.8436725282877375	0.8001795081397344	0.7558845720669634	0.7168795065415168	0.6842092465194104	0.6612381102632726	0.6329704787506688	0.6117341804054583	0.5940367741290979	0.5791552210189979	0.5690530384647677	0.5599401655607551	0.5524895436921675	0.5473601969199166	0.5450981549208974	0.5430233409167239	0.5680779977958645	0.5449383846500078	0.4661542534967734	0.40017547967641337	0.3338185357803684	0.26686865285924516	0.20462389297207229	0.1475954831395746	0.09705714078163871	0.0588047718402995	0.03361248264959696	0.019705240873757038	0.012543614344096655	0.007470475625483204	0.003445434149735533	0.0016530726148520497	0.0008424716839143903	0.0004611357329992383	0.00032895499976401665	0.0004023793726750651	0.0007464568816027953	0.0018222181381715595	0.0046371609879399586	0.009423352330226469	0.014525483046547083	0.02168452685632347	0.03207621666730881	0.04538813574946142	0.05345487070759723	0.04917431467457659	0.040429777159330375
CC420149	p5	0.00441709370617349	0.010371274050172729	0.02354061427223238	0.05311421644524567	0.1122291189905276	0.22519585356370586	0.4110375089819224	0.6562905210190316	0.932728529574097	1.2361820614693872	1.5476304298656105	1.7998465422417018	1.8681313428691557	1.7612965248293693	1.573459920704891	1.3641176923117844	1.2086565900170305	1.121529496165027	1.0690697409866554	1.0519739200266527	1.0492634142392454	1.0528568396759201	1.0485829407406801	1.0381780492954715	1.0213484260851033	0.9976124025436616	0.9715930968041844	0.9384111137661102	0.9030105014828792	0.8558820629798009	0.8107888101217533	0.7669604226351507	0.7220056924190157	0.6826537836847937	0.6572141951561818	0.6318351415700371	0.6138247524457197	0.6006347446638421	0.592284783542251	0.586208899559001	0.5750840543262347	0.5667642629987489	0.5583566912553273	0.5494959566385585	0.5393061326358928	0.5250355334790776	0.5064952363374005	0.4848999143089379	0.4436094095700056	0.37959291917493826	0.3108821935572756	0.24837945306674902	0.18844903331632962	0.13104634904261991	0.08364829081824872	0.05068875589250191	0.02998183182043416	0.017293628766573584	0.009769252577118847	0.005484522394364228	0.0030027536877290117	0.001635343303549087	0.0008659758391194207	0.0004842619573724454	0.0003033301241384077	0.0002683274765175995	0.000408875022310785	0.0007700097323127155	0.0013445790990012187	0.0023214151974647683	0.004281982284469058	0.00792370259921159	0.01341675902581967	0.020052661044120724	0.023722179753746138	0.022251413301577178	0.015981314946681462
CC420157	p2	0.00042819743730034655	0.001298294079074703	0.00458909171048842	0.01816994108885699	0.03344321021640422	0.04435818980414866	0.09065224568440278	0.17466642011454855	0.34055156933462644	0.6411083564033624	1.176429363384977	1.872969939017776	2.288039178174736	1.8806862010591066	1.2236827633484706	0.9404867559349924	0.9379479401352285	0.9165998155412014	0.8021310862578556	0.6255538553248049	0.49029722339918214	0.41462054562264056	0.40371064660782974	0.44065847499165084	0.5058183534208531	0.6036341376793833	0.7249695585156942	0.858630319845263	0.889233993857183	0.7442271074358437	0.578916972938241	0.47531366871177766	0.4313287526615828	0.43092061248171903	0.45323188572898965	0.4828231726346071	0.5177008450511474	0.5528875212120926	0.5735128631969801	0.5972409856700565	0.6030034086798041	0.613061231940935	0.620637284463088	0.6223451246615549	0.616341147910859	0.600940052916955	0.5708675443663751	0.529330020578145	0.47246514980311355	0.4097551887068402	0.3555260018716586	0.309723720847466	0.23925956200092996	0.1695748803542715	0.11214812418947474	0.06839596144787907	0.039984706299450945	0.02309496862141509	0.012937893406206635	0.007210782386153309	0.003843829743427271	0.001992113049643256	0.0010341869884783752	0.0006395666838905099	0.0006347319803772997	0.0010544571678206755	0.002138772468753084	0.004292120097698475	0.007982280141401336	0.014505817369057896	0.021902231107891794	0.03135507738897974	0.039942718008209865	0.04414359087121194	0.046114056296357335	0.04009250312354365	0.029762841671539645
CC420157	p5	0.0002725605889776713	0.0012533713749009225	0.004185913108888685	0.00924345661435754	0.006869348009229878	0.008474629547156668	0.016541353492291702	0.04656161383690539	0.14779755112590545	0.43188634622271355	0.9764323439736123	1.611651870412856	1.930383759967151	1.4830016235761023	0.8617433644977779	0.5686605691533806	0.4843869924105072	0.4167281509326948	0.33903081108812294	0.2928670538614155	0.2863624693751172	0.30576594925107753	0.32071896623158497	0.33902789392649785	0.37502699716489335	0.4321685106189621	0.49806155950391506	0.5654770095136142	0.5628803259735002	0.472164825806977	0.37894266427938317	0.3237020044170843	0.29992902302030616	0.29984986858529056	0.3260705971654141	0.3611243696385924	0.3970975461274046	0.4333458576582007	0.45983537038781613	0.4893431936924618	0.5025441821601829	0.5221247053809576	0.5363002846378566	0.5414530752341722	0.5351843014253644	0.5069314204687763	0.4630257428180924	0.4086860663033457	0.3545498714905065	0.3010198241151935	0.2447382172603962	0.19433450828474025	0.14886411828808288	0.10317888589194679	0.0646054273358382	0.0394594885703385	0.02321317655534794	0.013292963056544158	0.007397098024162439	0.004152472039854224	0.002279959289944968	0.0012427011541989816	0.0007254981041767194	0.0004850120386325747	0.0004676066196098517	0.0007299370475377086	0.001465054532284328	0.003237473409334838	0.007141739035465533	0.011605770102075686	0.014620163105999378	0.02025314450158255	0.02894164356989808	0.03611826964804063	0.03757127258701377	0.034382179033139434	0.02925125763083194
CC420173	p2	0.0009014423270658953	0.0017541930136322865	0.003970486066100967	0.011289950950722395	0.04533770439535546	0.1854939688922703	0.44747517514911267	0.47587621163658306	0.32746082241511054	0.2807183565385575	0.3415003837565004	0.4770704145026547	0.6606967016609414	0.8747974807504908	1.1625409103975546	1.6681190858592574	2.3629673874352144	2.439566083437509	1.7122317005349401	1.0204846519654949	0.6978299440525252	0.5791802395469036	0.5491899590449071	0.5606880742169933	0.5952387956648064	0.6658067822657102	0.7493943666079111	0.7811014641300759	0.7224164526454149	0.6194904133970636	0.5495902241566721	0.5407816053376251	0.5920997030410462	0.6770123792656548	0.7934076262443188	0.9198045103366286	1.0559881569066598	1.1260757796435399	1.0989207689682656	1.0010649146684745	0.899139961142996	0.7745942852385038	0.6583201937004002	0.5648724100991233	0.501450523999406	0.46595801252713276	0.4519496729771962	0.46208143009816477	0.4569694152888413	0.419899043771384	0.41058569649832316	0.3781265519184401	0.2647533593919472	0.17662576652088693	0.1098365369828363	0.06576245297563083	0.03799500296285521	0.02081461223106175	0.0108896492503635	0.005496362900854544	0.0026971955945896873	0.0012838400778698532	0.0005958102879498704	0.0002778707265892982	0.00016318476990881417	0.00016613833101566792	0.00027314700067237915	0.0005816204211216029	0.0012435999048235375	0.002390779217209567	0.004245647547472616	0.007442711119674627	0.01186758664693583	0.01564246437887682	0.017039171102755712	0.014552270573008905	0.01094565598841384
CC420173	p5	0.0005221651446263271	0.00125554901601709	0.0031540745389884535	0.008467035480229649	0.030996049196366896	0.11438032642265963	0.24956570479910592	0.24496154880902202	0.2190987630667031	0.27337691993445057	0.4032876153599039	0.5852137877395281	0.7983089668128048	1.090825164647219	1.674444334480063	2.6215895069349155	3.0075955527464795	2.2956217048321386	1.353432638687168	0.8612822377659987	0.6914671565973242	0.6585168656890721	0.6783854499793518	0.7346419611085402	0.8488885528587056	0.9781065558724664	1.022565035051683	0.9111610429975656	0.7954859545329143	0.732840900825025	0.7426694206826089	0.8095561795853429	0.936086630407408	1.125411715273555	1.3422768078251144	1.5098484864850443	1.5315584120417596	1.4029319365318453	1.1995334554789567	1.0150239503784912	0.894426893947424	0.7848967978814445	0.6867910626280972	0.6017331622210026	0.528390968700204	0.46882921695728613	0.4116243561074688	0.36205449449836496	0.31707110400083327	0.28540116974227936	0.2508842811729221	0.21978084701074815	0.1973549726125525	0.18461447129501687	0.1724459687668098	0.15557687800909487	0.13031262955546039	0.10860548268391651	0.08519885183989706	0.06596787594212902	0.05125132966070629	0.04144524410806942	0.03308173129890707	0.023569044244782934	0.01469390671222094	0.008627801914654034	0.004720547564766523	0.0025063332817117845	0.0013154363958163726	0.0006696464453425988	0.00032883407279815505	0.0001615376344388986	7.843527596063515e-05	3.84646282035068e-05	1.8560613705157224e-05	8.711114435349011e-06	4.004017235714835e-06
CC420198	p2	0.002868176854445731	0.024665353527109978	0.14815645390377596	0.3243258217907892	0.18095043485801413	0.09446605442612405	0.10162192803364119	0.16187273314240996	0.26852297941707837	0.43360831640561986	0.6420697542815442	0.8666459978574209	1.1318191519143153	1.4452851862421479	1.7453225692963075	1.9849946947762522	2.1203541415468976	2.1570779456131204	2.113843168464964	1.997880861403892	1.9231419843654323	1.85931427842125	1.8274490641192536	1.8229157090487291	1.8168038237640134	1.798765452192863	1.7504990134984106	1.6739356657539657	1.5927721234048806	1.5048693924742955	1.4163356385930215	1.3347337631727	1.2651180168945577	1.1998028150800666	1.1537018695519308	1.1262109630467385	1.103699448960999	1.0848064795818921	1.075051414101921	1.06626871842694	1.0623260921648665	1.0584308861626233	1.0547738537210345	1.0514468120297757	1.0485820969417534	1.042564380901385	1.035160961904072	1.006425040037584	0.9725407374378273	0.9224243220718149	0.828087380154435	0.7194359646536718	0.6033087095341615	0.4752415254209394	0.3445613461066479	0.24149350145109102	0.16089525794455647	0.10040229851296212	0.058962587856078684	0.033153370590778185	0.018074387914196667	0.009609108062321924	0.004972598048465137	0.002565588288611353	0.0013284136879744277	0.0006952036923121603	0.0004221227507557117	0.0004210682496334205	0.0006871611115042389	0.0013128293513304727	0.0025141676058510758	0.005028628300670357	0.008707760543674954	0.013400814919082404	0.016026578852806162	0.013240926776550158	0.009094626423596474
CC420198	p5	0.00559389397010076	0.042577652023269415	0.1974047642728324	0.24253629061403312	0.10285533813072045	0.09868881476538155	0.1659826451408303	0.29551606259359664	0.4941148348198693	0.7506212952339215	1.0582138326277197	1.392430754721788	1.7148000138745532	1.970635137995047	2.1206786995430527	2.158520209102531	2.1164147877723187	2.028938016541261	1.958791193687838	1.9339958596639661	1.9308910673524546	1.9449505792958883	1.952536018786019	1.9242384427790684	1.8710040486755344	1.7902656060274493	1.6999002063824495	1.606282335081239	1.5179907700060742	1.4474947829995957	1.3890391971518008	1.3302739214464236	1.2779545927413516	1.240627151483386	1.2197903189822716	1.2087369233968126	1.2056100109721843	1.2096528080868374	1.2060015023802935	1.1805718356905537	1.1543243073860596	1.1282201314468583	1.1022874955234199	1.0747474343639942	1.041372132656753	0.988471869875869	0.912996230759969	0.8213907705694531	0.7163999375012138	0.6035879119177373	0.49019843408814573	0.38690044384747685	0.2892019640271844	0.20830848370515662	0.14253284872372396	0.08889973997343253	0.05330332788155435	0.030880005244983338	0.01747174446771199	0.009514487910179888	0.005147428138939954	0.0027236536853899734	0.001358375905279427	0.0006875948868538216	0.0003528927880545221	0.00018838617730348035	0.00014100414840406475	0.00021843775043699633	0.00045392259418131336	0.0009887711103251	0.0018569822544751778	0.0033298199814809893	0.004997027641979807	0.007143383539854043	0.008162871470385963	0.006790838049880087	0.004908619841682237
CC420202	p2	0.009811226515529957	0.014017558847349886	0.014602775054894847	0.007857352509797548	0.009333979972901101	0.014362948237027945	0.026723329008483305	0.05480133140467442	0.11155078874695845	0.2157923076478236	0.3444801981602851	0.4211085620548124	0.45875879173298684	0.49786011880998543	0.5560757668676939	0.6010605010867925	0.6404213717734989	0.6639607949196591	0.6706223275335942	0.6752822810849404	0.6746098354217274	0.6602870043501002	0.652985620101506	0.6569612663262133	0.666017811699319	0.7005126364335157	0.7611172252862031	0.8503584161625001	0.9585134622860257	1.0785934322720392	1.189342957404119	1.2883695511996769	1.3709388579534738	1.4411819825681944	1.503034886599024	1.5563536015691908	1.5903016278827635	1.609077807563879	1.5908653792530896	1.5449916543583952	1.5048177978061728	1.4564236562811912	1.4101449445375662	1.3692240042865083	1.3340860687552953	1.3115486860485859	1.2858084503143372	1.2494411147720204	1.206234362900198	1.1514568373369334	1.0847554257817074	1.0060922850793816	0.9114783604154413	0.7918168736939302	0.6517759077091487	0.5062825004545256	0.3704173293039061	0.2540325128804038	0.16533936464244667	0.10042849314744597	0.05581456743711689	0.02940089904201247	0.01504966711683383	0.007573537785938476	0.0037383615560529133	0.0018221660966482765	0.0008845371609405205	0.00045855700858553756	0.0003226293790673272	0.0004028344018920183	0.0007280832433451163	0.0015634081958016436	0.0031577245455276957	0.004344889134274222	0.0047114277321615595	0.003915077852199669	0.0025072840975148827
CC420202	p5	0.0003210199491803841	0.001979659685568412	0.025177329607391226	0.13565863036766496	0.47721097241688987	0.33811416686410595	0.12138988615894557	0.08480839099221826	0.11365219816550903	0.3757936344749931	0.5684974274332988	0.5284505288123086	0.564282677798162	0.4869634224217135	0.4330720746824144	0.46907294643241715	0.5536240511640594	0.6211142906384204	0.6677664642181186	0.6839923492748624	0.6777468276952079	0.6814134804878854	0.6927563997032289	0.701851615998068	0.7262787939554867	0.762709712455384	0.8266429571170892	0.9240628750477266	1.0260074804785362	1.1283424138842741	1.2327179276104492	1.3247188769477853	1.417049220548715	1.5003204251032396	1.575321262332368	1.617439647826644	1.6344165131908768	1.6173726186919783	1.5704272660356586	1.5035258826466638	1.4263205555651284	1.3538758478166562	1.2884595203157565	1.232604000073137	1.1846302758377196	1.1399253968147334	1.0866079505438162	1.0310420527236153	0.9647931143915749	0.8904718830387456	0.8037317520482474	0.7037946019289424	0.6006339583378918	0.4877288173644892	0.3769510714823543	0.27393194418187694	0.18881155604120717	0.12178685558798981	0.07429256615511695	0.04409563392364809	0.025259795233616898	0.013978419345248155	0.0077975613958694385	0.004188551576911412	0.0022529381165710986	0.001231713397697983	0.0007349637116495054	0.0005172257620364373	0.0005290810635434107	0.0008339113607809144	0.0017326937844702583	0.0042254159105113605	0.008083679218878396	0.010061113177744361	0.009186232647134399	0.00716745590562137	0.004961793031664821
CC420204	p2	0.003319163035773584	0.007286456898570798	0.015490762400823092	0.03130407397508949	0.06520330451031961	0.1412083813335326	0.2804597993192966	0.4679695526887983	0.6848510715533481	0.9585334977280443	1.2803411106774063	1.5595258538430665	1.7956397383114937	2.108819437164033	2.460923002905439	2.6329780967438583	2.533198964967534	2.214818147053665	1.7615277464916188	1.412882739752311	1.1934570664282818	1.0873190559698696	1.0700098977560482	1.126092277649869	1.2332207345494564	1.3467047599644237	1.4359626934353338	1.4976856599295019	1.5440493962940953	1.5631731522045191	1.5833767285990137	1.582734109138863	1.5606540992517313	1.5268615282302123	1.4724176449785116	1.406615627820933	1.3418607235307856	1.2705321722951413	1.2060495831358047	1.1665196575565666	1.1268448575832921	1.104399735288554	1.0927530511394357	1.0893454483781289	1.088395916775852	1.0919578562459036	1.0815367767996193	1.0515803349413322	0.9718573385438634	0.8891158784004046	0.7891292172273254	0.6599673776108124	0.5332398043689923	0.41998604650489924	0.3144707114935025	0.22134088621931164	0.14768804542944197	0.09679944538695882	0.062339964542870926	0.04454384490958107	0.028105219078224376	0.014176127429783768	0.007373484859756185	0.004128180741228395	0.002251711716227017	0.0011785179863821318	0.0006323450994379175	0.0004204090914411964	0.00039971703147445044	0.0006391165525527454	0.0012503720806226971	0.002734885819994919	0.0057593722309140895	0.009431027700337121	0.010845798087882346	0.008533463326039995	0.005453783365345647
CC420204	p5	0.0009404059335706788	0.0021639120560120006	0.004843018913569822	0.011028594072972183	0.025531450273532628	0.0591190052841871	0.1259357725839559	0.2324834683111054	0.3659519465011412	0.5046928460499596	0.6816653010749887	0.8910859170463162	1.1003968380099194	1.3179381946316164	1.5518564916678785	1.777956829668597	1.8200038067742663	1.6585178933465863	1.4262150924704808	1.2514433281151012	1.1565539245990353	1.141601895491717	1.1646317075462544	1.2191001867056013	1.2910955038086103	1.3622934766154333	1.4411297698031287	1.4990914315600412	1.536474898086514	1.5602583817688833	1.5604654937747138	1.5617630646031555	1.5613151787074915	1.5378097753211684	1.5088844920071458	1.48130012828325	1.4471655967599026	1.4101747620185043	1.3789039010110147	1.35634090473797	1.3381953848563075	1.3272633446369726	1.3173423664381945	1.3024497022728845	1.2762188206111342	1.2332825989053553	1.171387200916721	1.0829531221039266	0.9915507618814483	0.8918010222969267	0.7930095559159434	0.6903651647498206	0.5762183512942839	0.46702038915015553	0.3635495825032942	0.26117422310386273	0.17194085418970248	0.1064234671439543	0.0616602643735492	0.035125053868928294	0.020001306700829013	0.011123443708550543	0.006030476157722557	0.0032416131612842424	0.0017259277788486097	0.0009189695353146106	0.000511674853180872	0.0003185598514298328	0.0003280319399709283	0.0005704478389171524	0.0011578506723810068	0.0023098494876783557	0.004282587988165207	0.0074792447610506066	0.008018603511222168	0.006254605497886423	0.004791352802839416
CC420231	p2	0.0018886315662672458	0.012953580739589528	0.06222056405035474	0.12488004244666209	0.14749263334682366	0.16970871942260904	0.3510168967811537	0.3143332681545669	0.41977799696328144	0.6582544256779129	0.9917470987671017	1.3507085845071345	1.7704899486823495	2.191985364558941	2.6164518610415155	2.761160227604276	2.5477421737058497	2.1828512430734683	1.8638205063644728	1.7031841118210003	1.6619010895840423	1.6864210462345854	1.7572623638060325	1.770702003014403	1.7510998921443848	1.6938661894174893	1.604378181729671	1.534549602332151	1.4654845873245907	1.4143621175227215	1.3870179325798266	1.3668998476161338	1.3588552935180067	1.3590990881351561	1.3617253371965041	1.335221773719598	1.2974666879177696	1.253232446432595	1.1858658685394214	1.1222645802554572	1.0892932745220731	1.0513773602857066	1.0173748075891933	0.9825975583694468	0.9425834585861214	0.867067342098086	0.7781823289309314	0.6808661810176275	0.5859831033486265	0.508390075293968	0.4345938272238877	0.35970176332478365	0.2768508485658607	0.1984989917607093	0.1329683765001375	0.0827683209681302	0.04841451992437451	0.02749783610798454	0.01599661697479296	0.009589689357848463	0.005009959350591326	0.002408703809112501	0.0011798612252343107	0.00059225274270979	0.00028726426601052873	0.00014351391912740156	8.783724388258935e-05	9.498014569312253e-05	0.0002002185581349933	0.00044550497895909564	0.000943952201740136	0.001723170897719302	0.0026440659999034445	0.0036160554867560235	0.0038114655289669375	0.0031345444018840477	0.0022610546217284437
CC420231	p5	0.001427881678459104	0.004179549086433417	0.011010295949175323	0.03761024730593025	0.06488855247421124	0.15632239517619548	0.26399600435846693	0.36379881290458727	0.5589192317818971	0.8360174636537457	1.173798320762181	1.56687699179267	2.0180727444681255	2.4405655569652818	2.631767055278716	2.5734878380671184	2.2786524068196523	1.9462809514544388	1.7755877088663499	1.7290655850706484	1.743399665538129	1.7775217109841333	1.777020087054793	1.7269825276973234	1.6396733412947355	1.5352864513195	1.4245049045091156	1.3409274639145914	1.2878060743322404	1.2676748668281286	1.2726900929726468	1.2852681743417473	1.2894255557553624	1.256111266252824	1.2072784772375817	1.1287762827000847	1.0468079225084213	0.9793457973367848	0.9255606729088314	0.8906124522489335	0.8395812517512484	0.8092469952412809	0.7783136667928604	0.7397611551022405	0.688074662872367	0.6179015837330459	0.551510333192885	0.4849950540674173	0.4165353100299937	0.33980359093013285	0.2631409625028737	0.1965761189620789	0.13908011359268405	0.09013802713638817	0.05548233468453594	0.032355339204249524	0.018266225353811238	0.010011673729469034	0.005457067791535757	0.0028479491614864932	0.001470635585037073	0.0007597190398526369	0.0003769854893068962	0.00018410176610719292	9.471259662511681e-05	6.849756405714732e-05	0.00010741291895893772	0.00024748667853119775	0.0006019875522207839	0.0013914472561701518	0.0029764316366451306	0.0054284720757266335	0.008695588598343584	0.012925725994263766	0.014297181060606123	0.012497722777119507	0.009861094255219758
CC420241	p2	0.0013250649548054222	0.0029758588342390932	0.007511053897694621	0.023875068529619053	0.09876399931372763	0.17519514273886225	0.2217767146909577	0.35562612830246704	0.5493277414487533	0.7422627487121504	0.9675438023833921	1.3231376141458366	1.74939175044316	1.9118049192034927	1.985540152301127	2.3495154424299813	2.7922226146735323	2.8815538690708045	2.413190621073637	1.7758433012430141	1.377660242479227	1.1798726330669942	1.1079126351104405	1.086439788313922	1.0879958405157737	1.1067518742758176	1.1361298362306327	1.1702801672070866	1.207878070152759	1.2386068376103625	1.2759127325216126	1.3090642113295614	1.3378213362172235	1.3594454416602757	1.3793643569524001	1.3904505753633447	1.3935783222929368	1.3855792521754486	1.3618944222947629	1.332478994632546	1.280966637040921	1.2326928787895244	1.1848660694211484	1.1416637305063733	1.1064853310014782	1.0733552474804933	1.0448644926057344	1.0157775377033358	0.9759395026586587	0.9246706277832055	0.8569642682709879	0.7611613203160069	0.6508890324215967	0.5292534598316412	0.4155833176263531	0.3035035026113286	0.21117549489227216	0.1409186949177793	0.09260146115272645	0.05822090573852873	0.03261826609939574	0.01775606305548254	0.010011914786058162	0.005566150441461208	0.00289776680916992	0.0015478560000826652	0.0008693432947039291	0.0005617876731185124	0.00047912741867315055	0.0006183762687328803	0.0010963921083947733	0.0019044523475327966	0.0029093474789166915	0.004328971746344859	0.005711102786955862	0.005410622708477608	0.004841269570546048
CC420241	p5	0.0021728082537371502	0.005076027120584052	0.01160591816395204	0.027128601690900193	0.06320978132283883	0.14405168766685525	0.2973003469733354	0.5263374353870074	0.7792088568946532	1.0247060012203288	1.315714467359044	1.7614235229672504	2.2120362570391903	2.329480679968718	2.6205929818100824	3.1158010205401663	3.164623739924125	2.501826440847068	1.870458519766488	1.5410707959084151	1.3852741636944998	1.303928860447187	1.2657151668076534	1.2651093479262239	1.284336605897352	1.3155179071701857	1.3535897775145274	1.3781243635802318	1.4005307163577934	1.422933856742784	1.4469336175670637	1.4711979471532661	1.4923196311298776	1.5132361807937234	1.5156781191337294	1.5040873988454442	1.4725177982718765	1.427806976012772	1.3767909639103095	1.327381396735393	1.2659012604860937	1.2283969779256418	1.2037071718841177	1.1888328538664568	1.17926267501211	1.1598651194945195	1.1312379430398807	1.0665388521011925	0.9880465406969117	0.8955609857847046	0.7836774422804984	0.6704381464655358	0.559439114203715	0.455362957711423	0.35616470919264154	0.2618860602182151	0.18009767769371626	0.11465726663411263	0.0680734175266335	0.0379237457687284	0.020783996535935156	0.01102678354505869	0.005698786938762353	0.002907760041769301	0.0014855669559684708	0.0007234975538284855	0.00035100269139054155	0.00016301707186828758	7.60068509301631e-05	3.444399490099732e-05	1.755379561728372e-05	1.3620227529015055e-05	1.8558875798286683e-05	2.8546275562642075e-05	3.275456548194325e-05	2.896250638779427e-05	2.514829587197434e-05
CC420259	p2	0.04470486128251055	0.05326621406415517	0.043393600350826296	0.0331971772062178	0.027479988745650417	0.020800070747899028	0.026920196462978097	0.04662000725059726	0.0852994855360101	0.16856985542361166	0.3495826495406848	0.6864370908954063	1.2189055634181647	1.9149267861887407	2.3432931451403487	2.1039686070351586	1.4494507972326471	0.8778406210982632	0.5858621522231984	0.48039392466331093	0.48250869783862804	0.5214088610627715	0.5720163423226056	0.5867864488963679	0.5621731946269749	0.5482802030092002	0.560996547672953	0.5744171553287885	0.6113530913398039	0.6421488417008941	0.6549804139195595	0.6450003413969827	0.6094972378019567	0.566341711185903	0.5026738099681392	0.43230638063879573	0.3775146383764299	0.33142031179484116	0.2950479930144052	0.28303709158852997	0.28649591740581326	0.2999175832425687	0.3192106499781469	0.33982799663892865	0.3579963119930267	0.3826645186439122	0.3625560322731939	0.3546828354012814	0.33386125029983416	0.3207340537915605	0.2915139409055778	0.24783196511069974	0.20108637331821072	0.15919253934338964	0.11511096545599357	0.07761083312658316	0.0515999576482402	0.041779879896667135	0.049024676460899703	0.07248122631871122	0.049974545057320456	0.020685942321503857	0.008699110810192166	0.005635145546071365	0.005187408159431649	0.006080602584609683	0.008608934980491206	0.011899872951598039	0.016167830114817636	0.020711933544622124	0.02642509319447636	0.03526606683020298	0.04420134874374021	0.0517277469598318	0.05279460877229	0.04671910345751378	0.03816222051097732
CC420259	p5	0.00024326741499237122	0.0006989623208697967	0.001948994323862301	0.005576144835857199	0.015183302833097056	0.03867789551275114	0.08764085562675833	0.18508844266910263	0.346339140188276	0.5837310563326092	0.9582929721369223	1.2695420479742001	1.5035982272445356	1.6425537261335328	1.5738250578557145	1.3429290064331982	1.0482791317462408	0.8148026405016826	0.7032632483595849	0.6650978573928912	0.6653515919319863	0.6775161036801898	0.6803921178000165	0.6676492511196371	0.6439203642234641	0.6202323320348474	0.602133780252531	0.5930688215193507	0.5802916957289818	0.5551651159637409	0.5315743241567008	0.4854282913345888	0.4310291093778405	0.38624008753897293	0.35274195150856014	0.32682502765826266	0.3085263529660662	0.2913853906614363	0.28139841479494554	0.290560862650635	0.3108021773075065	0.33911423265319784	0.36522267343508463	0.37829276577246573	0.3699238858428563	0.3481564323877298	0.3195856004877157	0.29813720096328417	0.2841073089965554	0.26301521448271853	0.22867817924623457	0.1909282312653837	0.15550697186303009	0.11833048148140067	0.07711192425457772	0.04599989186357244	0.026970274233917055	0.015439981997567652	0.008638645106820962	0.004947399902139251	0.0028056798863601655	0.0015705922951550644	0.0008992973165340662	0.0006000087004764647	0.0005169810534005	0.0007541127748871611	0.0014533738088096239	0.0029817050939448947	0.005921457636546891	0.011636166850134456	0.01954197935440776	0.027441953804428945	0.03734762879121755	0.048098437367162766	0.05045257322067221	0.04585704485422313	0.03780915787883533
CC420286	p2	0.0004372363102127933	0.0010210951646714207	0.0022826499304316886	0.005221041228296061	0.01217732609290692	0.028880708807576635	0.06882521222207237	0.16261563912162516	0.3368912757316135	0.6021302510666182	1.0183990066341924	1.7219730031447182	2.7333779060157615	3.2419189969428523	3.0455526677496363	3.0190748971486125	2.9054731188265728	2.443727310248336	1.8741122470842289	1.4602010955663351	1.1425944393037268	0.9204481640920182	0.7900795268508203	0.7382268749696121	0.7531194411803922	0.8359650118613585	0.9650809504197876	1.1434989012868275	1.3515803383622302	1.5288444108371926	1.544645826333885	1.4040116197486834	1.2689382606001833	1.1845474994437828	1.1298048073197708	1.0812532492195512	0.9930632327733345	0.8961954182868572	0.8222880566793264	0.7715605354137814	0.7367396634832019	0.7108195820243814	0.6906769373989243	0.6747733841714756	0.6630327951102817	0.6464207561911895	0.6377962529518929	0.6382158671832182	0.5751233700283692	0.4919616297615841	0.43224658024123847	0.36082443807357145	0.2621231805372161	0.17603967920596245	0.11400107654556206	0.07253691811306552	0.044212427596833734	0.026247076381396568	0.01515922623241815	0.008725787262541066	0.004950454770918885	0.0027172966615282104	0.0014745349686617279	0.0007945282729690827	0.0004244631594985423	0.0002238320526065883	0.00014252119988505	0.00015179006251360384	0.00026489011079015265	0.000559986208374191	0.001214414689485714	0.0023889529846136638	0.00398329270342972	0.006805327028003965	0.010471895438114736	0.010171486056955567	0.008124335349205933
CC420286	p5	0.00022118990505353556	0.000522668955942239	0.001262099207339281	0.0030196276797967788	0.007031891325139323	0.016926792285052925	0.040874947343678456	0.10286407340652674	0.2320480991389381	0.4393466577952472	0.8124842492120954	1.5001884178391045	2.349958506586487	2.6518244658199626	2.3940514762079186	2.3554644155691795	2.344654373514991	1.9526102113348256	1.4557803159275358	1.133717668862795	0.9515283709813188	0.8032974420672332	0.6771460740227093	0.6104526684609243	0.6005689860401341	0.6460386939671352	0.734566686059231	0.8448215557376944	0.9741538852659011	1.0540052912749829	1.0064420515461328	0.8817643606361449	0.7899139803950677	0.7091827010906094	0.6628726628246323	0.6281534260912586	0.5609442320423366	0.49963505684632137	0.45641018108989184	0.4495596296322967	0.4687108290712911	0.49741815455566607	0.5246163607218577	0.5419049982036183	0.5441497798475681	0.5291235744988158	0.5133710508425292	0.49546600458700407	0.4606543026754859	0.3956197412514244	0.3255560118331011	0.2525601741541447	0.1838067644461092	0.1244262414903	0.07801271420183152	0.04475072666248494	0.024468364159180953	0.012984816139868788	0.006798651634328561	0.003499747040699515	0.0018938896818013551	0.000958237155301509	0.0004985869501504628	0.0002917084224117703	0.0002733533801007753	0.00048858944515633	0.0011336685190162054	0.0024439279731454638	0.004598511941146207	0.00847487241292281	0.013201642053541103	0.020748256819320562	0.029604804992668075	0.034522492127667684	0.03564324444236577	0.03256160575214251	0.027377476766800152
CC420348	p2	0.00016830821427736185	0.00038820478892894833	0.0009101138101837435	0.0021213431496623814	0.004965918654579322	0.011649937396025104	0.027637768355704338	0.06141792074932014	0.11798237574658078	0.2020168874070873	0.3291842484388563	0.5172444186894204	0.8102088609500188	1.2013928532018912	1.566004078838268	1.6875145926638802	1.5479795819480977	1.4365875378175934	1.4590314569716707	1.4553002206539554	1.2673083861154117	1.0143886697233728	0.8704095058848081	0.822325775137911	0.8049574765294185	0.8101106803765715	0.8187511139613821	0.8268338240225622	0.8277071984679227	0.8323728918244161	0.831075365338286	0.8191653930165939	0.8115454951385145	0.8199172626343842	0.8150495781697563	0.8113002895029315	0.8138337797686943	0.8125890656426576	0.8296630219767247	0.8744129675558594	0.9462175809202094	1.0355964752606361	1.13799575168022	1.2480106479536113	1.353112192784771	1.4617144210388384	1.4963981818278935	1.4603773829758409	1.3695928359640688	1.221295731383135	1.0479654109679866	0.8639231549763646	0.6831918902786064	0.5101511336476727	0.36284252848235576	0.25032701647231337	0.1643067608092621	0.105120423289764	0.06389533021696149	0.03709061592922066	0.021011368774176004	0.01145928457088991	0.006209564714187364	0.0033261414335284526	0.0019116896093076478	0.001417159274131796	0.001523558253639203	0.0019359958782790962	0.0028389878213441575	0.004271051545752463	0.006348714738472525	0.009104388435479446	0.012109932643914008	0.015950091274188522	0.017684920618550842	0.017144182152031274	0.01453899197393804
CC420348	p5	0.00016471539493700162	0.0003573350901594858	0.0007714092972272937	0.001628168613926742	0.00346724017310058	0.00721258969379386	0.014976298870044619	0.032965914302884675	0.07173727215374473	0.14219527871506618	0.26487028313278416	0.48464356472807424	0.8401754405519081	1.2907856226689953	1.5951813391134917	1.6179389941583247	1.6683616751100665	1.7678639775901654	1.6551458403231902	1.3272227660686629	1.0369251151612382	0.8808501639010906	0.8031001399498618	0.768469289898867	0.7626123299311982	0.7599108183908767	0.7698917231036839	0.7696616755513689	0.7712379685643986	0.7795726716358727	0.7860855870812417	0.7915338864234097	0.7788598191922103	0.7711492411373677	0.7692750367490174	0.7653509017459725	0.7676940791747026	0.7690353461259332	0.7718358684712946	0.7699324506455493	0.773926765930847	0.7777643756893278	0.7842887071023985	0.7940281279701743	0.8039600825828978	0.81237365697292	0.8081073830359121	0.7936988673366364	0.7338697291535979	0.6378648461706833	0.5311496212546132	0.418841409343221	0.31314960190145574	0.2242944875425788	0.15444935398373316	0.09963090156227897	0.059373379642066085	0.03383894806337488	0.018883815259326985	0.010223396611402607	0.0054705652289144145	0.002882575730630585	0.0014939042049043846	0.0007607068476508217	0.00040258414139329106	0.00024678547973507633	0.0002575678995160574	0.0005451028773032762	0.0013509979784908296	0.0032612692512300084	0.007803203916880857	0.01766407517193675	0.03332609004306792	0.0521054488927952	0.058109299202367085	0.049432116897734815	0.03519026049349454
CC420392	p2	0.0022391412730182613	0.004932301182950971	0.010484271831114748	0.021634214220798465	0.0418038305606004	0.0770369226784938	0.13802517297259137	0.23697178007387484	0.3843598947401949	0.5882820763358463	0.8531670067334138	1.1934651442311452	1.5775683285355848	1.9535198734379164	2.3051003202229015	2.604107872292341	2.779030223516801	2.839295323540857	2.802793306408102	2.6677399125831776	2.4465221146892437	2.195737075085384	1.9360188322862582	1.7172559657480455	1.5415761467337	1.40421215121864	1.283400136452939	1.1929771104208726	1.1128514268187009	1.0424830563286582	0.9833254485061546	0.9371261936449135	0.8996332586672843	0.8694533916006495	0.8547022368079604	0.8384658384536431	0.8153670973679916	0.7900855130883077	0.7558898090636668	0.7304522388529986	0.6982192559553525	0.6709963726005725	0.6443846917952716	0.618562988453413	0.5942065238695218	0.5805426509014903	0.6085212432106667	0.683942535908219	0.5428944125719494	0.44573956590135083	0.3803887858592	0.32578546977747597	0.27556377502418794	0.21835364609184635	0.15829977181173452	0.10598466509228735	0.06538362368906105	0.03984142868975208	0.023072922783209767	0.013030462327053736	0.0073830598715625955	0.003983493859470317	0.002021434598712413	0.0010243354902206205	0.0005478987474425597	0.00032492018129221456	0.0002506442083501378	0.0003371512824975261	0.0005922772672161732	0.0010301204443703077	0.0017900038309872069	0.002984631583313518	0.005259581503462996	0.007837351942342636	0.010698861567630375	0.010478686066137914	0.008414485969520236
CC420392	p5	0.005221850053289762	0.015488363116929907	0.06480072455207843	0.18211889016242894	0.4478719521778047	0.36562297708616376	0.3806552555434009	0.2664563089525132	0.24603882333007912	0.35350503884672735	0.5261821416964375	0.7779316460823111	1.0816259979925258	1.382629125642965	1.6425651183378274	1.858154113264869	1.9665463025511432	1.9865692451013548	1.9112697171836797	1.7848272340574327	1.603445331149142	1.4054404830799727	1.2452650382735315	1.100557390617462	0.9793242657100805	0.8851471130051037	0.8012301164627724	0.7235856029649481	0.6594452284811653	0.598483995042398	0.5516719831779361	0.507025928506984	0.47899452609537935	0.4561836097160503	0.4381338275419745	0.40747347640656856	0.39390124273163957	0.38071598436489157	0.36799073546655175	0.3637834399291862	0.3639704281696139	0.3677013435012457	0.37156652851250926	0.3719003341313254	0.36548243357927884	0.3590789627855005	0.3371473111376263	0.30778551545738864	0.2853674294549473	0.25765010589996734	0.22366389798708522	0.18631407130825234	0.149987381751495	0.1150549082325291	0.08614360564032593	0.05898001223986996	0.03754659783952143	0.02261640999492526	0.01363547894398016	0.008158235346054596	0.005188527444926911	0.0031312185691139143	0.0018615771797261533	0.0011477428244804245	0.0007217017123533857	0.0004452182135002221	0.00038592641846198195	0.0005052835822228303	0.0008373007054848755	0.0015794201806061743	0.0029529657924156315	0.005372506183866317	0.008906825045187411	0.013162377270209455	0.013883441672277655	0.010983576469439748	0.008284921551386685
CC420396	p2	0.00047233448952242675	0.001091810984204774	0.003283509272485595	0.008378470596811719	0.01289952745570591	0.025166813637205764	0.05125073547483687	0.10153373449668297	0.20762849634405925	0.4246536018091436	0.8214446131811557	1.4251481367028895	2.0700777319704615	2.9697310272343933	4.1834439029693105	4.288546584442868	2.984234703775595	1.7901194740471238	1.208051327012827	0.9242056004899659	0.7793043999670941	0.7305220923127328	0.7264228845273316	0.772093497410498	0.8044661459197022	0.7354158002334514	0.671784894943322	0.6255716358677346	0.6082176152542216	0.6288943870553506	0.7337896629228675	0.979173993313721	1.424143029196522	1.8129211222861963	1.5998731061322453	0.9734851171105408	0.604466737142059	0.4423334742281794	0.3841182328441489	0.3796050915250598	0.3824827814860673	0.3974484310010075	0.41539534473427636	0.43141720454841137	0.4430770747758511	0.4523922800659053	0.4385269748677021	0.41878069345951663	0.39733032575260774	0.41331992359106046	0.44729462273516485	0.48625385030395324	0.48713197190362023	0.3379336879034962	0.17264330354156074	0.08881583713731818	0.04829081944654755	0.02717634012421493	0.015954959189004827	0.00956662396770312	0.005646298523903491	0.0033016438600115077	0.0018569675089460428	0.0009972219722040403	0.0005472847599972241	0.0002898477928560828	0.00016978413670457596	0.00014987158884195633	0.00023200413699084958	0.0004071189846780836	0.0006802038831230581	0.0009819501583996507	0.0013568345553219235	0.0016499207774846414	0.0017106545798609672	0.001526541737698394	0.001357425268723791
CC420396	p5	0.0012099817338409376	0.0022491919131437136	0.0041301928999469455	0.008143716118514738	0.01772535466670834	0.03628708447562169	0.06140647644143434	0.11057721545767074	0.22720922080937767	0.46628875974885187	0.9154341587098045	1.6028903038692563	2.319908448919274	3.157860325688093	3.5433438102124546	3.096856393844332	2.288758168230277	1.701068754793708	1.3515398345547947	1.1713028690440854	1.0695265406319143	1.0208324570526126	0.9923947445173659	0.9556277634193915	0.917259130397087	0.8883575894590499	0.8750888105497602	0.8761590850540979	0.9061139612655108	0.956306486518147	1.0530921336889982	1.1666065970876693	1.1659948026794382	1.0185732791918118	0.8614813822730915	0.7430495755488911	0.6664610287409959	0.6239600613360672	0.6210391229183818	0.6357631052635816	0.6382439029487904	0.6569716919624589	0.6740107423151191	0.6845170317262712	0.6874532446639341	0.6601990306538408	0.6117876218991145	0.5591683178436625	0.5001342769204149	0.4384261043616584	0.3632226906849996	0.2752355808996833	0.1939222245199757	0.12946480973571037	0.08631510241295036	0.05529138650799863	0.03372201253695634	0.020366307482851516	0.011986533349148261	0.006845549513863524	0.003807346591087967	0.0021630191734911598	0.0011449390060828467	0.0005945223768023137	0.00032033713596758525	0.00021863497718307965	0.0002466784252792547	0.000519048384713641	0.0011203226762882784	0.0019448773254570689	0.003363886935966478	0.005790817653920138	0.008506317105302742	0.011722189780971016	0.012797810185027658	0.01120841152256201	0.009322469723556673
CC420433	p2	0.0003177099852964463	0.0010330682312551915	0.0034556999787816478	0.01210209631507355	0.04304213720632083	0.1295482462113347	0.30261012779274526	0.5471288971236472	0.8496403326320443	1.2943637172731237	1.9429893666607834	2.684754041275191	3.19592677897087	3.2561976100256516	2.8146513268782023	2.0680399892145656	1.4411270987377933	1.0346313508420317	0.8295565854686882	0.7416790051374167	0.7082068576046882	0.6898625980292918	0.6816773738913027	0.7033358859724096	0.760821747607187	0.8620965549422525	0.9915452038659948	1.1196372277835567	1.2123804925196273	1.2591663776382698	1.2439143155069032	1.1732490150747523	1.0657985938449628	0.9417306541206515	0.835258080806678	0.7708851589995905	0.7486840941162831	0.7549081593531491	0.7911318887470599	0.8240915489417652	0.8460988014378314	0.8686610208896942	0.8891577999418336	0.9058611291396625	0.9147397458773076	0.9026747551245837	0.8788461217166702	0.8276445014291525	0.6999747552785165	0.5733655255364482	0.45899303884456344	0.3590353813118894	0.26279092434472523	0.18245439342804104	0.1177784248736152	0.0723913235225765	0.04333460143068788	0.02635443980300413	0.017309770607667748	0.011719777681818304	0.005309708479155774	0.0024596114554491103	0.001282919450420207	0.0006604288441671555	0.0003380129901957576	0.0001728939553774313	9.18984853544667e-05	7.095944848507874e-05	0.00013189266930620645	0.00038078390576695367	0.0009835510630265096	0.0021008844728067824	0.003459841524105681	0.004890558278013857	0.005274826283968901	0.004279954236431524	0.0029829036122321147
CC420433	p5	0.000321046811167363	0.000861623968303208	0.0031231705085204816	0.013527669277484305	0.04534360138517219	0.10710355513654675	0.21926471880368686	0.38755907860873273	0.6517358953778112	1.1196309183695894	1.8583072529853635	2.6574289778055378	3.0048713685733937	2.6994233833152887	2.0052501854093943	1.4347250726063228	1.0861962971907186	0.9129564016232036	0.813244829744417	0.7314880469072773	0.6690890106250276	0.63535900314272	0.6422178573648304	0.7002579478355198	0.8001695318899126	0.9348813444771712	1.051781997483882	1.1383926275448677	1.162150602378857	1.1213328742405382	1.0355452336942104	0.9408356647195434	0.8582570472591661	0.7969454133075694	0.757219522701805	0.7378818048094846	0.7289641747487418	0.7260546082805797	0.7354148935455797	0.7458591012560463	0.7552561083391849	0.7677780735561521	0.7753090180138159	0.7726255909426616	0.7556223389732086	0.7165120679069985	0.6618151816546889	0.5940732934901776	0.516111524168275	0.4313863453253746	0.34899291805575	0.283084916992312	0.21757185184000513	0.16019539137798106	0.11383670209271145	0.07730578761652852	0.04862717080631249	0.029717500479077168	0.0177716870962734	0.010748706957556007	0.006226431047031663	0.00348433860210627	0.0019168763528243813	0.0010610613110589389	0.0005594817602746061	0.00029520521496900667	0.00017269711143596557	0.00016835301152496904	0.00029349780542788713	0.0006764818729025591	0.0017694582230751597	0.003916840259330043	0.00725384402920422	0.013190509026003864	0.01932354029019849	0.019218348733942143	0.015469680247523954
CC420589	p2	0.0007119263839429609	0.0016406711752333192	0.003794835594354391	0.009141334949744869	0.023433226222509547	0.06948132509297984	0.16943233188437035	0.26724240524326437	0.3862487906912417	0.5782916957284517	0.857931134599722	1.210720667233839	1.6179541736268457	2.004502899038581	2.430201540690828	3.0186279328933945	3.4353834066753923	3.395193892813498	2.927617097108887	2.327027087980326	1.8143938577445884	1.4740819401202168	1.2569433581756473	1.1333700397645987	1.069297188594386	1.0539705097787442	1.0568654500001629	1.0626463392174352	1.065374030832677	1.0589063183458145	1.0424524178541883	1.0320314072801307	1.0203361654831882	1.019005305999671	1.023877026872776	1.0328931428910444	1.0381266692896864	1.0183009054431944	0.9745415782310531	0.9120099793963894	0.8436798097043257	0.7673254561006251	0.691337404336625	0.6213296316830726	0.5603270427008044	0.5125384404188771	0.4715595843106904	0.4347560244959593	0.3805125401245788	0.3242593050943405	0.26433247815412153	0.20629153785203738	0.16016236360579308	0.12499308296146253	0.09105433107071037	0.06112572497284311	0.038164069235353315	0.02414323295048136	0.015036074524391565	0.009845200335998082	0.005265346301190035	0.0027232721370812406	0.0015397604508418279	0.000850610262834603	0.00045365010887543254	0.00023531970267688017	0.00015385793584898148	0.00017108997135402957	0.0003399129952057195	0.0008560264840304399	0.002116266137316984	0.004415290760732238	0.007564808910699734	0.011910731387457957	0.012973559602188964	0.011424076698692338	0.008646371110166324
CC420589	p5	0.000511305783248839	0.001224423430297017	0.0028929108780881723	0.007188506225615491	0.02247854990828281	0.07832617298104216	0.1889074167497558	0.25803748720756364	0.3285826202321317	0.5027357554389551	0.7824511924547234	1.1694169518562374	1.6410774625800406	2.0634461195194778	2.511598016540438	3.143166389488269	3.773727752546573	3.809975119412122	3.1340075450441356	2.284065998068883	1.716366788336687	1.3802760703157424	1.1873309030255161	1.0869561271726154	1.045048326848763	1.025761628341967	1.0221376781937055	1.0265622547307094	1.0350910575708288	1.047401604208067	1.0500496863212767	1.0520020189454757	1.0553025956830615	1.0715960607123334	1.0932937993057024	1.1136490194209507	1.1311794078684625	1.133173522326321	1.078000628968088	0.990628530742703	0.9078531969571068	0.8220529787032409	0.7374427019083164	0.6565726440888536	0.5823968538983103	0.5060325902396275	0.434139082100199	0.3671905746511163	0.3036501277268914	0.24865138626994648	0.19813936808356913	0.15577718756979225	0.12246305043356928	0.0957592213862376	0.06812800882251609	0.045249597764284714	0.029032046584145425	0.017706923469036545	0.010213851670645363	0.006002781729726814	0.0033996897691485188	0.0019844875641446603	0.0011386419698482192	0.0006187802521352196	0.0003206631007864114	0.00017241422499816685	0.0001093571632532846	0.00010769396832752594	0.00019861953553157105	0.0004451858506727585	0.0009400180341547041	0.0017025108918039703	0.002648023358567899	0.003271873813366445	0.003355606984719527	0.003091280691670921	0.0025049925933207377
CC510237	p2	0.0010838070812241474	0.0027199838087976482	0.007231094739962785	0.01990437681673824	0.054059073807729924	0.13656836798186134	0.2885617346827318	0.48195489668307634	0.6955018871557842	0.9437459678838284	1.273411406765955	1.7497428321321202	2.3260073791731	2.8596225931264057	2.966779036776262	2.6746106281220463	2.249561023546604	1.8776292853666467	1.6315324124871806	1.501034628068652	1.4287076566586676	1.37359164651394	1.2969156132136208	1.2267098946310386	1.1755875938853537	1.1398606542544218	1.115102497024814	1.1140298422737334	1.143938568159424	1.1930761789992468	1.2420529480374942	1.2602571404820946	1.212332749395267	1.1188757034389065	1.0117487464372759	0.9069763255312981	0.823525656719341	0.7558911206213172	0.7018206500689089	0.6762454800788488	0.6732206142410505	0.6847769001100874	0.7045966043986306	0.7256004580892488	0.7448480670804773	0.7657047721236208	0.7166836598401121	0.6718260279765859	0.6094156597177841	0.5406974134826984	0.4671804222921628	0.3906155976926776	0.3137618416314114	0.23802929805004008	0.17183120614571504	0.11483566896506149	0.07353069764219809	0.04564955449625443	0.027051424898977373	0.01585350234959383	0.009196252931183497	0.005223477819065424	0.0028523441557473596	0.0015359881947195951	0.0008070545370081353	0.00042616064625630376	0.000275337142603801	0.0002932178949500998	0.0005282857551735173	0.0011367156469628912	0.0024126706127379476	0.004550456402729028	0.006376871344803117	0.009434681371891705	0.012006107255477239	0.01176338989713568	0.01018578248425833
CC510237	p5	0.0020594619908263947	0.004896871347060812	0.011562593179970387	0.026717568463347968	0.05980312521430573	0.12697789668786583	0.24765427249924138	0.44033569492974056	0.7151837525240755	1.0920441979717355	1.5565196128897751	2.0695536741589082	2.588111648981096	3.1656753690034325	3.5705312462552943	3.409958802539667	2.8646752018464823	2.3115476726580635	1.9107976538131692	1.682519581649634	1.5555792597615703	1.4686561371590539	1.4084718804228276	1.3557939862926223	1.333612703799678	1.324749614258498	1.317612267956923	1.3339686076959485	1.38641108325904	1.4536931311781003	1.5333391832933676	1.6070147692365933	1.6411771511559026	1.5630847164697041	1.407158845671608	1.2415589321855593	1.0830897988747188	0.9587072127039996	0.8643709878330441	0.7967661222285487	0.7603761190503188	0.7425815345101233	0.7380665659158092	0.7404285680985344	0.7454892805817717	0.7467512089857925	0.7431848834610563	0.7280827945400826	0.7022353089798551	0.6584018807535208	0.5891605808501147	0.4991991971084619	0.4015432547095349	0.305264670208405	0.21827891163523847	0.14837498801592822	0.09711691923918687	0.06164823575270381	0.0381354121801534	0.023280148982208558	0.013790778889104828	0.007838972694568942	0.004413136518894512	0.0024158975896290897	0.0013104022812247223	0.0006791721591895617	0.00034157650547655824	0.00018448644975905797	0.00012388271113684157	0.00013072361793223402	0.000219535781816226	0.00037169262778205455	0.0006157516049350199	0.0009549346160143684	0.0011258225508179451	0.0010213049845321444	0.0008391137962100159
CC510256	p2	0.0015856619775010987	0.0037453684738374352	0.008494523005197704	0.018652813391625177	0.041545152572623895	0.08739191756562414	0.17226238494770157	0.29903945960316664	0.4802912569957649	0.7373391968805543	1.0718560276749811	1.4488909057396593	1.7533494670135756	1.8623725566377602	1.8183644175287146	1.6509393269359849	1.4371809623236118	1.230272353137355	1.072665805708582	0.9587736206756284	0.8779490656312615	0.8132726335432475	0.7500948824937997	0.6925242885847176	0.6499883197852582	0.615482341871042	0.5862632909044488	0.5539465077183603	0.5140659266802523	0.4738035788702166	0.4360559988209146	0.4070799969402074	0.3864483248881474	0.3727020564901372	0.3674383468232541	0.3628002203377881	0.36693953709611615	0.37379737828879056	0.38026646498487654	0.39528746467554865	0.4028066483971623	0.4124376779541262	0.4219676328889763	0.4289615408530401	0.4318263565201081	0.4284639479439358	0.41431781778504895	0.39013587529462984	0.3644039860459507	0.31832286691171335	0.2718037066731278	0.21699826028288302	0.16153196599075667	0.11165074588351236	0.0747661992891495	0.046405525508012815	0.02814697657201566	0.01638550958342152	0.009383563433151311	0.0050574257173051	0.0026849851728736334	0.0014586070840295225	0.0007548556621459186	0.00039691299078459664	0.00023374198020243404	0.00023484554272395523	0.00050048123525419	0.0012563632194902787	0.002969581253386334	0.0065591667841277184	0.013361710056737643	0.024007309162293808	0.034737049412891824	0.04324226644207385	0.04951523302418584	0.045712150367374055	0.03493355855840602
CC510256	p5	0.005883977946558353	0.012918724825872297	0.027763969885480907	0.0579915040592425	0.11143059455945034	0.19318892626014655	0.30097685666803087	0.43460025260112395	0.5663181630653146	0.6751242804927944	0.7646666549005074	0.8435193339171884	0.8891686254723213	0.8820537614759438	0.8483348738868626	0.7929020351476712	0.7322849417359417	0.687422639073777	0.6498500643842986	0.6240324168390932	0.5860685353838359	0.5399434504953085	0.480966479710134	0.4338682882258658	0.41539948173304947	0.4043168422561641	0.3607669261812762	0.28124592029517453	0.20900485571539587	0.16127374130242916	0.1289294961731322	0.10387762907613386	0.08636407471396687	0.0769998054076394	0.0720727433769915	0.07022594209756791	0.07545037851918021	0.08383965710321961	0.09842493883595572	0.10837457114337436	0.12142252110555303	0.13856909935376865	0.15891989684073746	0.17765140362563386	0.1923112590798445	0.19846004997082067	0.19839899857175727	0.1956022202991657	0.18300934989404433	0.1601813529769377	0.13144504068709562	0.10246321452805146	0.07586336547901767	0.05058859712609306	0.02909052546834781	0.01584727561667413	0.008754830661978812	0.005185703210022736	0.0032228482586576694	0.0017591519302934437	0.0010989523185711229	0.0009944188256848802	0.0011652648323288817	0.001612727126767505	0.0025786169524820443	0.003987134923636782	0.00592510527621301	0.009896412027841573	0.016095767319869107	0.022527743476397424	0.028767733095041496	0.03465107144726905	0.04116103074751941	0.047561062870737525	0.0481951300469196	0.04448202507014309	0.036596454462054936
CC510329	p2	0.00392673451894782	0.00813787191224467	0.017192315010715574	0.03540443258610854	0.07253416664378753	0.1491403222197635	0.29351426353928817	0.5423882043738818	0.8957642117519453	1.2775521984547373	1.6289956909716956	2.0568123628369257	2.600173208987955	3.0239541895126982	3.138986264300334	3.130738695513851	3.066707286053305	2.8677568053253637	2.433096938706915	1.873853359742341	1.4182870026032173	1.0941078279078775	0.8712389015994783	0.7542453346431669	0.7091299410594027	0.7176030616657301	0.764849523595962	0.8413375885454092	0.9381453529296672	1.038939010009628	1.1192805294914432	1.1714266172253736	1.1840333831467797	1.157124121593813	1.0931051815350046	1.0048720972085015	0.9221907325985315	0.8395462188589674	0.7616237991741862	0.6886005583126864	0.6250081807841296	0.5796263953946781	0.5474705007791809	0.526472969600493	0.5145612573487909	0.5139684731321799	0.511374209424179	0.4815978951554664	0.4432883653518241	0.411374837211989	0.37783928001367595	0.33700243499992305	0.29397352317914616	0.24538911036102273	0.17509698957115258	0.11291816975324129	0.06590359572628449	0.035595680520460256	0.018245866670659184	0.008673423857431898	0.004251771396985422	0.0019148067736753478	0.000889082023474732	0.0004211426486504277	0.0001991426186752392	9.527815571475983e-05	4.479438217477861e-05	2.224764010007059e-05	1.2747674076503637e-05	1.919113041503703e-05	6.156341046882928e-05	0.00017998844064758232	0.0004029622594715653	0.0006754682045317799	0.0008072305766175673	0.0006744213515903715	0.0004950261156133792
CC510329	p5	0.0023366893430511533	0.006721122816140277	0.013608864275076576	0.027088377729633926	0.04455920734728061	0.08569272055448765	0.17616811160902485	0.34890640935026496	0.6170695321257353	0.9878651894413826	1.4925756260757093	2.1968983452469772	2.8111538408546153	2.8513654357061515	2.6799274702633347	2.6419601860013326	2.5664029797886783	2.2174578489181553	1.7631971204661103	1.391039394483046	1.0655014101738465	0.8428066618479809	0.7169766983632336	0.6423087961295174	0.6322828897343414	0.6242965967894211	0.6432066089590379	0.6978050085848112	0.7705772460277145	0.7882425488873722	0.7633582965595749	0.7222625167404266	0.67213566984136	0.6471856404455819	0.6086857714507449	0.5573796526934796	0.5262014307768615	0.4880421774189242	0.46502122564308035	0.44202371604015284	0.42701933049953295	0.41525172495619794	0.4046845271344229	0.39277611380721217	0.3776862064756763	0.3576925373640455	0.3295708751468385	0.29802642202291113	0.2661543374758167	0.22974865853503454	0.19422153864320363	0.15870383308910763	0.12146785166133289	0.08565980239863646	0.055813113898097365	0.03581154459388526	0.022319356721982188	0.01367997741418075	0.008379592387376945	0.005040168376677951	0.002994740730481098	0.0017635720937546338	0.0010196189393701161	0.0006361248722623301	0.0005774440333957924	0.0008614716172219055	0.0018759522327941832	0.003914246795137866	0.007883515217215385	0.013874771902890158	0.02322087623309006	0.035680072086160544	0.04377004570602427	0.05097189954309858	0.05276724607498267	0.04684478247295592	0.03749184062278945
CC510392	p2	0.0032834746115630044	0.0072173321910410215	0.01663564130597365	0.03936403865742158	0.09482454411923175	0.2132822967997472	0.425169906559235	0.7134773663655976	0.9778144009027251	1.190359268814961	1.3448524490934235	1.422869015791566	1.4534367381035451	1.496484723794721	1.5771604374501758	1.6258160112799627	1.5897893354046486	1.524584763650335	1.44744254379105	1.3826029479124846	1.3338626899302528	1.2965994353796386	1.2755390611667798	1.258655100739859	1.2371931152963176	1.211724188162226	1.1749205746006417	1.1367780491334993	1.0882909969623382	1.03814756999125	0.9863953851021747	0.9425551350970889	0.9077413459057446	0.8820497563328673	0.8631203067119295	0.8406376957760526	0.8217040007683412	0.8034022588769506	0.7898604933913946	0.7740315256561974	0.7521924553118523	0.732048183815749	0.7103849250074843	0.6875295661075439	0.6674188538915146	0.6399922702992054	0.597351792587231	0.5440361895594449	0.47874322890895227	0.4193383440177172	0.36257087007260996	0.3044402807925948	0.25038098384853014	0.1921055715031959	0.13099107083255865	0.08482716759223193	0.049039601544157936	0.028040336841706544	0.015558902507788913	0.008007949141680926	0.003940924324272299	0.001990900431227501	0.001050262451926995	0.0005595155653508013	0.0003424647097373157	0.0003576284098811363	0.0007640227751879048	0.0025364659984894334	0.008098112607623487	0.013417452041008367	0.01564635290285381	0.020553095433327603	0.03229925820909606	0.044550584582984755	0.045738400709968915	0.04097909752802455	0.033379972855327275
CC510392	p5	0.0021321165286970075	0.005201312444139835	0.013390385204114126	0.03551189852552471	0.09538215586217214	0.24085786898361333	0.4937457045791487	0.7926974695948427	1.0754225029506526	1.3355601293246344	1.5126719885677886	1.4952203206199213	1.418433724920457	1.4432776533152456	1.4778307289612511	1.4749005219452593	1.4748564902296046	1.482703238907021	1.4771369451486687	1.4645100190047753	1.444971058426264	1.4189693214688648	1.3889372968023441	1.3507923028730868	1.3072259211727235	1.2551683033020935	1.1991391191772254	1.1423189285418465	1.0900330655324817	1.0334454157364752	0.9858220618761795	0.9419433378399676	0.9049346126175067	0.8808685566884015	0.8637938046885674	0.8489386577049015	0.8391276270212247	0.8261557052965608	0.8196943656086726	0.8094091464104421	0.7877482691373064	0.7642101720621538	0.7373302432794584	0.706944041434429	0.6722725123828225	0.6281486187700545	0.5768096139995452	0.522667212624271	0.4607281068466873	0.396012000803667	0.32817596172834457	0.26279256253806044	0.19905839680977255	0.1391864554904638	0.0889018554277987	0.05373539826393424	0.03132427204562042	0.01749443891236921	0.009473753444430544	0.0054324221660360305	0.0037525114507661714	0.0019112259345776073	0.0008399325009462644	0.0004443935724432757	0.0003798620513770565	0.0005345277318019419	0.001051150097188593	0.002084815502493363	0.003977252702584092	0.008044560416362543	0.013843143390260014	0.021970524414311847	0.03232399585331134	0.04676169646091684	0.04720951185141466	0.03886330513543186	0.03148955167661444
CC510433	p2	0.003307366762948549	0.006953620482979158	0.018497714889940065	0.04316961922179061	0.07480777815960876	0.13707333654291345	0.2444631098498873	0.3679611069105694	0.48738093109400227	0.646109463641289	0.8062179867931378	0.9736030343066152	1.1251253499087492	1.2174324142921908	1.211344557505186	1.1122881825366004	0.9690319940395714	0.8364317883545697	0.7416649409689706	0.6875489751510075	0.678103975939528	0.6784463823778412	0.6854215095801208	0.6929505684222259	0.7221511798527259	0.7654762701362507	0.803279484797106	0.8464943958965507	0.8799646127512627	0.8867973623862394	0.8838560905400298	0.884841938913443	0.8697382891533545	0.8659488167795151	0.8607759828127524	0.8578926331435626	0.875061289117775	0.916025896216671	0.9520705172842133	1.0103386688084566	1.0401592873906076	1.077785532068262	1.109320601331992	1.1280345089726123	1.129791692379352	1.102519344308839	1.0334696894668276	0.9583122331198809	0.8803059374335545	0.797774873636862	0.7122887263759321	0.6352847434136231	0.5298829924909398	0.41309118214552254	0.2998403014614993	0.20625350209622015	0.13435510076953605	0.0828036245638388	0.049159052773411975	0.02827504727783463	0.01601664657809851	0.00901383847948721	0.005028121900366161	0.0028071653340358714	0.0017571787434762774	0.0014286671809025904	0.001781602346193373	0.002734482851781419	0.004419748513063915	0.007392180101515565	0.01222281105814949	0.01806899803602937	0.025406648006057173	0.02922162629501889	0.030454615369864636	0.02765277967773389	0.022701266522796696
CC510433	p5	0.005244798083901729	0.011734362116613673	0.025180882638801402	0.052042382967829356	0.1038292853777333	0.19990910207120322	0.35759622439049665	0.5887435456155738	0.8646531224036147	1.117619227837208	1.280648411120493	1.3454731335954146	1.354054816601389	1.3375600519279724	1.2657264414427305	1.1914748050122332	1.1216019664236732	1.0729301016748045	1.0645128214304673	1.086935736952644	1.1307016042709421	1.177244580162595	1.2241978223863432	1.2566225290085382	1.2767973788848024	1.2837782462607956	1.277554950470717	1.2666852357992295	1.2425920371530015	1.219743118216582	1.1899236819923809	1.1726998486105575	1.1660668487694965	1.1744507427538995	1.1828343033095376	1.2015973850517705	1.2146856867253246	1.2162755348428367	1.2110458450282198	1.1878162393649663	1.1425812177475645	1.0937919701184005	1.0409795520664422	0.9880732952264801	0.9372078240873694	0.8883777852805702	0.8320947176128352	0.7717331331411741	0.7080515644144895	0.6373967975908214	0.5598333811172754	0.47706274233996476	0.3884654743823138	0.30080089237894225	0.21994446695805575	0.14829989354156184	0.09160054608950272	0.05308595632760622	0.029791631307791975	0.016067891231372027	0.00848804207567116	0.004366559996422557	0.002220971577668824	0.0011208717367617537	0.000565881966925467	0.00029959164964913607	0.00021907532929399157	0.00031305884595079255	0.0006454371750637191	0.0013895265383290013	0.0029230235227440137	0.005673671905913659	0.010392046973799083	0.014835302029011937	0.016611417907185212	0.014396923550268441	0.010657349788481828
CC510438	p2	0.00024968605349069917	0.0007117500357276904	0.0019728355886572072	0.005310926669115232	0.01414026575038031	0.035943133879953695	0.08275841680094845	0.1801457996597566	0.37977733032071004	0.7497880015278643	1.3007502793649657	1.7171103896174646	1.910947055864242	2.1492992765645793	2.319598177965613	2.086230205046462	1.6819342013344598	1.3174042574566058	1.0703964056283004	0.9629737629800834	0.9488679582431955	1.009814025820048	1.1245897364077184	1.2666113487597908	1.3842898060172881	1.4867418341846366	1.544075587125663	1.5691696065437426	1.5618956697731194	1.5360103144428021	1.4965835495679614	1.4372287670243584	1.3817404171429049	1.3203960634845284	1.2616503403960933	1.211760149627194	1.1646378494442828	1.1217628839628753	1.0838141323590513	1.0445388776200255	0.9965977697112887	0.9536437396024888	0.9111438724050004	0.8724232145350967	0.8444884053646625	0.8340883519374978	0.8562818936926715	0.8535745430514453	0.7831122516646848	0.6896627193973172	0.7253604706883866	0.6099052599279475	0.48233526322547654	0.34220111122760216	0.1779362166875182	0.09026782959886695	0.046388290244593906	0.02358078022597763	0.012374107704561502	0.00834773987143213	0.00791712417933378	0.005552903083520393	0.0016195613566895573	0.00048174850970540136	0.00021622154765238725	0.00012981178637915347	0.00012871993519879757	0.00021610467234691418	0.0004477113431910013	0.0009820397001461243	0.0019946978931466713	0.0037975317262563778	0.006920896578629147	0.011472172423616353	0.014032418353606526	0.012256607878268889	0.008431637503030102
CC510438	p5	0.0013865498443885317	0.0033706272175176607	0.008876561669324825	0.024489087864549796	0.05588361693536342	0.09747525928644465	0.18469636652645133	0.3343817047128962	0.538652701460431	0.7860206255640948	1.0745027186584135	1.3649182946002745	1.721697981059812	1.9635412463712991	1.88881362050292	1.6628140840980066	1.4781236162342999	1.3632689971445668	1.3106213781506586	1.3049975308221586	1.324516045968891	1.3563339885021868	1.3796802724156316	1.3991595307763438	1.4136139097341058	1.4097140226701586	1.3964406457463445	1.376035309263382	1.3477829176620404	1.3104738633386663	1.2718373963854843	1.2243790350538921	1.1740565449993108	1.1310082383162048	1.0859662803761538	1.044974371757176	1.0169256815632624	0.9838236538501376	0.9516157241329447	0.9188826993837315	0.8961800034508423	0.8724974718652194	0.8501175351226995	0.8272773549004028	0.8032356335461569	0.7664341485037733	0.7176169629121368	0.6643949846781805	0.5987950651171167	0.5277748387679152	0.4502163235972169	0.36425804155611347	0.27504515307910593	0.19350507272951517	0.1277059815189793	0.08292818842227806	0.050528398939222376	0.028943239635914025	0.016702959845516212	0.009401329892631887	0.005157575348787899	0.0027846330288367692	0.0014835157090722923	0.000812406398036884	0.0005323536251184347	0.00048544150890436594	0.0005549319700342299	0.0009309012606461936	0.0016065341324362535	0.0027190992058955406	0.004863569863134943	0.009549095643509892	0.01847112751406082	0.02788255919558522	0.029385302541248354	0.023268233739949715	0.016863697132421827
CC510548	p2	0.02172752042188864	0.01785275661666014	0.014458772346456355	0.010133160956888352	0.018974030531132672	0.05168253321441971	0.09836628325619406	0.102147118235376	0.09273189908505843	0.11618979646837535	0.20424470565235897	0.38530658246996446	0.6654527911888543	0.8311004649715038	0.8056180300222086	0.7050028866381699	0.5923874168514901	0.4751129032706624	0.37317048029874583	0.3106285642359303	0.2891288458592022	0.3090162688926	0.3490568240529607	0.404407678205725	0.4664546245329537	0.5311303736897088	0.5633666928664933	0.5676806072143794	0.5603930687281443	0.5275149465505671	0.4827762754938218	0.41689085859832886	0.36874150584308124	0.3304117937694343	0.31125572197846674	0.30122703509246485	0.3078643000992903	0.34169194814541975	0.38190925019594263	0.36499719262721325	0.3360312883218943	0.3303786597282236	0.33519693544162804	0.34108572487070754	0.34796119433438893	0.3579971242442963	0.36463130879150296	0.34987614849910664	0.3215663686168028	0.2928360672010215	0.2610950808542372	0.2271188712593337	0.19238883307010335	0.13916071333878788	0.08227366491653992	0.047332562431193693	0.02789011129929435	0.01787785714617412	0.014197308644607373	0.010101083818267857	0.0044473261129189395	0.0018426405887909502	0.0008872825290092135	0.0005084310585270837	0.0003705047529643774	0.00041048039069044247	0.0006716079810889325	0.0012503590559007256	0.00249595528131959	0.004905000469763714	0.008079433662108036	0.011081658230130697	0.015948692005435854	0.02119567068776485	0.0236482302927814	0.022051768911474656	0.017945695514298754
CC510548	p5	0.014335390784600681	0.01958676038700482	0.008838458425238593	0.014100678665768966	0.029802620663397988	0.05881468110303971	0.08610316962537846	0.10142092201037091	0.10872764244362589	0.1456257473028775	0.24939895264937767	0.43175865417652365	0.6644526859447104	0.8804521788052154	0.954098899706155	0.919789659798235	0.78373660500777	0.619934767316886	0.5534808085607633	0.5602838883219224	0.6157552285479191	0.7023435014811245	0.7918574642019073	0.8638982619179314	0.9036106572430426	0.9021454278440779	0.8712349414256992	0.8336594115327425	0.7904230503985148	0.7453144465057608	0.6952329333793053	0.6497573744401124	0.6160333336400776	0.5865803548292042	0.5631133578148145	0.5383487018510292	0.5162716270981639	0.5084694774620391	0.49574719443054127	0.49185527798847845	0.48824148070543516	0.4884636855631767	0.49015765744141887	0.4919388440279738	0.4921222626116829	0.4859865877070514	0.4680937810226856	0.4452334533940198	0.4063691301657027	0.3594703296530856	0.30887815613676634	0.2602105902659126	0.21115672814278852	0.15627552995358013	0.10112223994505924	0.059654755149144534	0.03492920837578198	0.019748825117176967	0.01210616707159889	0.012449895960251364	0.0209672819400229	0.013310894713015326	0.0033181739999834942	0.0008156022262026862	0.00034045288332524394	0.00021588089786797208	0.00023941293166022801	0.00046922622359740724	0.0011085248367273535	0.002663478575864473	0.006295139907490346	0.013493711813822236	0.02305603685417242	0.02976930994435537	0.0296076912404846	0.023934297795409343	0.01734567497663339
CC510609	p2	0.0015627565508691114	0.0031426900912366225	0.0062095238656364	0.01278130518773386	0.027589410539502417	0.06070908677264594	0.13571069816680312	0.2851845768794582	0.5248259140992283	0.7882153908170845	0.9812684234251974	1.1094683901229205	1.2468674317064363	1.3931880790824156	1.534498931113757	1.6888333124022883	1.8445320115036563	1.991409426926501	2.085659635661235	2.137384493196801	2.1701914255315153	2.204663504594056	2.2167762653698135	2.2083750413526655	2.1759845890426215	2.1280683934307647	2.0625996380282827	1.9957268043847876	1.9355355905698373	1.8818087980976674	1.8519165735473555	1.8170162417303728	1.775464656042348	1.7455739718744514	1.7057961450558494	1.6703007302080377	1.6291075368958237	1.5856549060306986	1.5252810603464861	1.4652842604392953	1.401372988385402	1.334320878126698	1.2675656000881321	1.2025429844494873	1.1390148828381892	1.07764840176855	1.0027970334953993	0.9208396188888143	0.8337729347422977	0.7370702031894366	0.634025747105901	0.5330534294170853	0.4316748895539235	0.3320691583905371	0.2393099491055524	0.162198992162969	0.10568129248729015	0.06515258584228631	0.03832494986086738	0.02222253798190743	0.012331596097855089	0.00673216198559437	0.003683341126148195	0.0019289840288923732	0.000995608401237164	0.0005294510662608052	0.00036334778689967484	0.0004265956267600314	0.0008248548903122381	0.001834011659874153	0.0035684747991522707	0.006178746363175826	0.009622426521502674	0.011408767464162035	0.0114620881637213	0.009427556187332932	0.007016356269862287
CC510609	p5	0.000826615935006893	0.0018636613878414417	0.004066961093614806	0.008928792458758647	0.01949116726964626	0.04075852877369955	0.0844716329181685	0.16520583881061734	0.30104748611417553	0.4934928058467211	0.7210496211614958	0.9574146939664112	1.2030511641733772	1.454049349791882	1.6853975629949263	1.8624761779590604	1.9791378553969785	2.040305920160528	2.0806511722723333	2.1009759194077033	2.1225216994313807	2.1306067847594727	2.1213479225909864	2.107884175069681	2.090450028508472	2.0684308931262207	2.036548319348865	1.996507277442977	1.9557661467528114	1.8994544140857275	1.8392873597189896	1.7883238648382256	1.7267869296055893	1.6703703871506996	1.6087446131515888	1.5496643601521316	1.4985920561706967	1.443118950152063	1.3843478728180831	1.3233220496512337	1.2654558615302145	1.2054685249244583	1.1459333337886919	1.0875922255943828	1.0313970047997558	0.9763302775130329	0.9155896974574569	0.8452744774248208	0.7684458073487949	0.686673290311414	0.5970839898328946	0.5009472573585751	0.40371375779110347	0.3085890472969941	0.22405327603927608	0.15270733363562378	0.09487964149938256	0.056257082950126575	0.032302454327957454	0.0179649400941079	0.00983835404712613	0.005273343557227318	0.0027446871973285532	0.0014192803071562152	0.0007119557761654464	0.00035757826772171215	0.00018276299926553552	0.00011163056414759092	0.00011891419576825979	0.0002364631493158376	0.0005939564964620294	0.001459111616501943	0.003131125571941752	0.004624669080415962	0.006401064385084194	0.004982325855796607	0.0026703242732450424
CC510639	p2	8.194499875411369e-05	0.00018930494905899917	0.0004504352362621874	0.0011276382605937961	0.0029787877943092747	0.008121936527284957	0.02193063173737973	0.05618175827914552	0.13130545511042258	0.26701850033615465	0.48377477165949884	0.804344612154851	1.2458059898597327	1.745133050457472	2.117978954592112	2.317654183624186	2.4760952267645875	2.377777109810416	1.7465651486336389	1.131755157114223	0.8698827911540511	0.779526198556928	0.7554042917763627	0.749932355965615	0.7586886056535274	0.7944514280561698	0.8503652694614237	0.905391126632998	0.9480146032735811	0.9862329878809163	1.0143187858683342	1.0270795555305243	1.0539334862606018	1.0852524391314664	1.1173420022552556	1.1455202772926865	1.1703765240954687	1.1785567359618672	1.1856398705035887	1.2053400327994108	1.214702775506696	1.2332560267577066	1.2535465948932591	1.2726299795220835	1.292307943057997	1.2721726220020753	1.2388473797780413	1.172075297220338	1.0870318713184708	0.9777009797051353	0.8524425572415919	0.729089384152515	0.6016860226329211	0.4888213658963369	0.3861127464078028	0.2901564393311531	0.210746169211992	0.14708479831390428	0.09817164978106002	0.06233034367894163	0.03840823570872341	0.02375264350251008	0.013772246080442542	0.007712804267722819	0.0042395136238539705	0.002245049473321375	0.0011899683414937307	0.0006171899050561104	0.00036330825251218587	0.0002959695647428445	0.00042676413654666373	0.0007712868151090165	0.0016722296131753502	0.00396399369324904	0.006390669912662773	0.005259032349426976	0.0032935726266904923
CC510639	p5	0.00025960083791638517	0.0005369601100424316	0.0011498017235316326	0.0032082381215589955	0.0085797024241305	0.02043801173831969	0.04615628530004521	0.15275292115198547	0.34016484405322667	0.3775161112801288	0.4921086325414861	0.834867856805414	1.3185911217448367	1.7871215541096745	2.0746386449680836	2.051020681936341	1.9099154630821515	1.5833995736747546	1.1649935217199436	0.9195294823444495	0.7849246229596253	0.7164340236614875	0.6908550632061886	0.6794729391359468	0.6773844352027262	0.6902465833649611	0.6992563702298648	0.7141691404204971	0.7395699239628175	0.7619654767509307	0.7752661210666855	0.7907137408061068	0.7932267921477135	0.7806952330470799	0.7607567410549123	0.7547607185193781	0.7602979863501699	0.7674363163856881	0.7599343672836305	0.7783025300163142	0.7838139042709099	0.8040690405442695	0.8250759248185249	0.8417625889777101	0.8512062795959097	0.8254895357828903	0.7911189412839553	0.7177907989572508	0.6366359925864964	0.5582588566683705	0.4782819025364348	0.39946222740084036	0.32089764578175056	0.2459208968509068	0.18143985784216426	0.12351373187364478	0.08273345145273521	0.05588755624196076	0.036475810441438584	0.022349071033429875	0.012808591564734103	0.0075592752797975105	0.004305870747403607	0.002371616864520537	0.0013115003998569992	0.0007250878456301574	0.0003911000532913481	0.00024763375945961036	0.0002666789449520628	0.0005996018936717554	0.0014421093414773722	0.0033207411236253004	0.006760440154926811	0.012329942532284597	0.017840355047756648	0.015597164249631227	0.010510249631759682
CC510648	p2	0.0013576868344531339	0.0034464189470812096	0.009392866289325673	0.028149542225735794	0.0740650072440253	0.14455433110364382	0.2655265785968963	0.484162093109444	0.8148604401086644	1.2311759495624317	1.7593628180887368	2.4068218871953992	2.9209808737550516	3.1497164621568956	3.2927595894914177	3.4853847764529076	3.3160742066029996	2.676852611373944	2.011364606252737	1.618596282202948	1.3946412319464374	1.236333006514285	1.157424541438872	1.15742280858847	1.1848910352596491	1.2335889272010714	1.2849967590987947	1.3193437573255524	1.3406449229379205	1.352554063082636	1.3239659369182082	1.2751591104522078	1.2071144673831293	1.1268131706208677	1.0606458708842414	0.9755673133175868	0.8834227769770254	0.80557153002829	0.7423679954191928	0.6912812072415659	0.6560256895901174	0.6320715300765938	0.6171850198006799	0.6077245616571063	0.5995939050926915	0.5911352553049652	0.5792167792931994	0.558063903817529	0.474681237013681	0.40486919939847715	0.3416631901060098	0.2840079199652553	0.23022964732311194	0.17004933710263093	0.1179231299631938	0.07910175024498085	0.050497996683409645	0.029856655553279425	0.017518120942355605	0.010195838173242228	0.005757314321209308	0.0033080145423482698	0.0018052545822113367	0.0009523109160854373	0.0005087728394959564	0.0002844950146036966	0.00022658120655590867	0.0003363909943408359	0.0006723802669675882	0.001314590637619962	0.0024371307707186443	0.0042949747371181885	0.007119119563425155	0.010154827731240015	0.011502670681638166	0.010172811510517257	0.007703909754200421
CC510648	p5	0.0010794472982130004	0.0027061540455201242	0.006755248365738299	0.016636290179175426	0.03998541121800923	0.09613290285331572	0.21831212690857837	0.42877842148781314	0.7373571342451647	1.1445580020750323	1.6553580792935056	2.2604425091810416	2.801899763473837	3.232250864577903	3.466201108683019	3.6056331232708296	3.485525699217845	2.9386891705738405	2.272467869898418	1.7889527419901177	1.5360662089850952	1.3899967826447595	1.2905836876718932	1.2374812872010645	1.2181309590591853	1.221415552268594	1.239909367725731	1.2643880977477393	1.2895810362789049	1.3136995234778461	1.3261493768433985	1.2877984954962736	1.218138529112876	1.1424368184212348	1.0521136690669506	0.9657201701346679	0.8785653508379823	0.7983182888411946	0.7403282277809453	0.6980820305318908	0.6762464807373036	0.6621835393418576	0.653007437161014	0.6435048004683571	0.6295951880516014	0.6089484697013285	0.5864991892102956	0.561700258127965	0.5193792571653504	0.4575432430743314	0.38788156045205174	0.32573448449536313	0.26548756380730587	0.20861878223543326	0.15369567274191898	0.11217573298279232	0.0802289574690323	0.05347692318425362	0.03436897832497571	0.02125598654157996	0.012579242193196746	0.007030220921978881	0.00369934158437225	0.0021120673882101828	0.001180220460124571	0.0006941747253724024	0.0005464721198561086	0.000657196202348571	0.0009948883555661718	0.0016807138876588567	0.0028318402972831893	0.004500464421523077	0.00716779777203451	0.008111355765980242	0.0068940385388592505	0.005664586881513176	0.004838535416071206
CC512003	p2	0.0012363202448219886	0.0028619279856253186	0.006736416504146992	0.01708957541799016	0.04401990544491508	0.101206388156178	0.19302430038346513	0.30556002432760515	0.4209351507534132	0.5505302779342124	0.7731431198775355	1.15555746572855	1.544517319509056	1.8987866015382906	2.3265962188947125	2.4861637964468732	1.9732475559716691	1.380873417898631	1.0624435869064883	0.9123983356831104	0.8560806000731543	0.8283891780945143	0.8444102920795276	0.8803149672290971	0.9095484832612015	0.9503523456511352	1.0007848324300646	1.0501192431243402	1.0825570922900474	1.1113445288424284	1.1439446467204206	1.1961130413551757	1.2690753182571681	1.3445749126357704	1.3518626741565203	1.247384902135112	1.1424574260701066	1.0537807895894795	0.9799118146158813	0.9341115989067615	0.900767974924272	0.88374472145551	0.8763144969342251	0.8731747103254779	0.8695054997382425	0.852665039829828	0.8253974902383943	0.778053396608413	0.7215838863149016	0.6598252503469816	0.5917340101934115	0.5199747618465105	0.4344961563853023	0.3340029758631352	0.22430484305535192	0.14116463144626856	0.08577220603875198	0.05081908733007303	0.028964679377486768	0.01653759109241127	0.009134262822150208	0.004877861641131802	0.0025722785130526215	0.0013228818449477465	0.0006513589933926681	0.00030661670722863975	0.00014831251651018317	7.191626365667183e-05	4.788297373778451e-05	9.40222857293958e-05	0.000333496099550103	0.0010550087947295845	0.0024953813251741537	0.004588157997244856	0.005273084589175742	0.0041349056522917	0.00276706448844091
CC512003	p5	0.0013358102903754659	0.003844998297694443	0.011644893036278461	0.0353810786455527	0.09054873894355886	0.17976531217637753	0.3234446366194178	0.5438613587692464	0.8552283890041247	1.258448636447352	1.7580527259853145	2.2963576338237432	2.8582248042721794	3.4420669323406816	3.57844873405474	2.863892257538617	2.0303170786261178	1.5866740003774262	1.3942313686898007	1.3302083973520487	1.3281833215348708	1.363189304237872	1.3993119910733105	1.4379592634800045	1.4599681508321893	1.4723467073904046	1.492748894716383	1.5222940787436607	1.5862335687995264	1.6808419017406337	1.774161567883686	1.8276064252742925	1.7632302126618786	1.5628392518030003	1.328652631502245	1.13462102980111	1.0132494235368072	0.9425312209818761	0.9162296853991575	0.9173962639405091	0.9225807605711561	0.9282186505983168	0.9262703745650148	0.9173112660081444	0.9062263512839623	0.8973900596248982	0.897368958102411	0.8924948592973162	0.8659006027508535	0.8027503896536163	0.68634079199379	0.5440871095233035	0.397106362325256	0.27356830868849646	0.17791087023857352	0.10913559671497162	0.06530315346512791	0.03782487434906121	0.021563993738455328	0.012015005064356276	0.006709295552556899	0.003705900703218861	0.0020398112958534796	0.0010579823965772785	0.0005459707352880689	0.0002905436730054949	0.00017857299735134737	0.0001604055312110823	0.0002323107149241209	0.00048259808601005356	0.0010521385999713835	0.0021186923863683858	0.0035279029731912063	0.005430583206740499	0.006908079667136438	0.006208563936387089	0.004407033196957664
CC520055	p2	0.0015048964735645957	0.0034463643306737886	0.008035965372149567	0.018504720385072736	0.040732333522089985	0.08717277298960067	0.1726910161864864	0.31112032472879175	0.5073919299085317	0.7752205224858919	1.1309371066349367	1.5684255421912963	2.0607567765848667	2.519920567264472	2.8794226650219734	3.207810125190823	3.1548119540437423	2.811429553280203	2.486016372766884	2.201500293990661	1.9739465632296835	1.8148083278574785	1.667229790963249	1.5229472447512948	1.419526216493199	1.3657941029550287	1.3446267457474448	1.3360201634828692	1.346151686691155	1.3658414719501948	1.3795922079417946	1.3964055595138196	1.41437141721935	1.4387384153536265	1.454703149193743	1.4580707449461163	1.4481580555530813	1.425552507629166	1.379383887636378	1.3230426613475892	1.2156960778463342	1.124075267959722	1.0333549286961252	0.9480017171618257	0.8716660498152471	0.8010128653986013	0.7408074971274219	0.6761531515894925	0.5928448538244755	0.5115100973898353	0.4370878114169264	0.36570170266226365	0.28691031395107325	0.21718079112463856	0.15556458022764943	0.10214588689737734	0.06347004012176932	0.03745261526984321	0.02102716254489683	0.011480443549909286	0.005966029559585735	0.003026269610653781	0.0014757701208448215	0.0007074756736423659	0.00033236922582701166	0.000153524261370031	7.574624700268685e-05	5.3923526865888474e-05	9.200057944042957e-05	0.00023549750004071618	0.0005405112037024031	0.0011095342078782577	0.0020597808102654127	0.0035827560720158207	0.004863144710738826	0.004747508374977661	0.004007489393591774
CC520055	p5	0.0018734513462769274	0.004339285571682769	0.009403832709524372	0.020344113110344033	0.04306137650476298	0.086140445518523	0.16675593910693334	0.3061554958129027	0.5158265305067683	0.8175622196395947	1.215576636682414	1.698722304660637	2.1830307474339534	2.6816641255658458	3.1586765622697035	3.449187326462317	3.385749495242134	3.0540754499675122	2.694756696577283	2.424818091449025	2.213966729051046	2.0007779972329622	1.7724925434250913	1.5980558531360225	1.4816906977426807	1.4003876460075098	1.3596286181519996	1.3527555930830837	1.3636571035055207	1.3860043048295678	1.4150361994704452	1.4441288567135455	1.4595185009580727	1.4677584329668405	1.4566334646781265	1.4246727132337067	1.3837824091868478	1.3321412634748753	1.2885082430831294	1.2371024507753732	1.1432803286586137	1.0717973647113344	1.0050660860818097	0.9419930241548072	0.8799881308324052	0.8045108099920202	0.7333800166544003	0.6596253950890283	0.5802082522241626	0.5031935882399002	0.4239876139966274	0.34522589590532443	0.27398034450922476	0.20666896038946958	0.14696895031264834	0.09431244100571998	0.05831715568864342	0.03514911392347233	0.02062569569186449	0.011648673599558595	0.00630630342623376	0.0033537238692026533	0.0017486809006072284	0.0008849896837259089	0.0004464666675559997	0.00021967227007761042	0.00010782849729677135	5.845264402450069e-05	4.955725002833715e-05	9.156164658285751e-05	0.00020204953942923808	0.0004448141793350501	0.0007551852532476502	0.0011169570183742438	0.0014020195040097458	0.0014440031884051185	0.0012373968610744175
CC520065	p2	0.00033563834652496646	0.0008719626862712089	0.0033917021195620355	0.021813145878491626	0.08481431962922692	0.14271678891790682	0.17023094858204657	0.29122423247257606	0.4855375387981292	0.7231878656130828	0.9491473100611766	1.2006819938693718	1.4136236612735844	1.4569519397992963	1.2600970831688059	1.0694593295996713	1.0188245632647774	0.9725848826080675	0.9002296703184889	0.8830517390592625	0.922749039294779	0.9895183024191359	1.089488657118073	1.211396325207685	1.3387113397304973	1.4773234073465398	1.6042750570243758	1.7171362089895388	1.7854410007941612	1.8289489836059305	1.8719236415422	1.912904760826382	1.9364968632600859	1.9574211705776003	1.9770366868959173	1.9706293590725013	1.9428495973639455	1.9101698657982304	1.8781923563428065	1.8412991476588842	1.7563918052503946	1.688537050019647	1.6158315720457304	1.5355633239320392	1.4440586660828458	1.2975524598242216	1.1465662413144857	1.0012321502530606	0.8516084866404744	0.7079237143063061	0.5767068016840825	0.4597158386590086	0.3665650826545034	0.2736578929368415	0.1825530793171043	0.11455162615752892	0.06812215158110996	0.037666351290763025	0.020269129443542866	0.010856005998133633	0.0054927727850492625	0.0028220912832755364	0.0014678012760277785	0.0008549593308247343	0.0006896072008710282	0.001099161559904544	0.0022044920454657997	0.0038093164235229716	0.006697772081906089	0.0108675331382746	0.016681212582320734	0.023682376832245645	0.03342892582675527	0.04205729588812985	0.04186696088518571	0.039175294152242836	0.03632521815774639
CC520065	p5	0.00031756935177346113	0.0009152522715798201	0.0025781485605310267	0.007125061103434862	0.020370271209514876	0.05579526815235096	0.12669921191147512	0.24197366495444023	0.431607027550839	0.7051045416094002	1.047232155114467	1.3995934750927104	1.6750903456669066	1.7987946650436266	1.7107916242238783	1.592656045656901	1.4153150178683576	1.244048335079035	1.1363125305095139	1.1112951129505797	1.1713060738526515	1.2760303613210546	1.4004811461668056	1.53038990866054	1.6462337618958804	1.7546091728309239	1.8412769815140293	1.9046725343733917	1.9450950646831207	1.9873191465131106	2.0266673597479734	2.0599904263491275	2.0843534112953725	2.0830551160921407	2.049223479817984	2.0269327403846082	1.9789621745341417	1.934251909349617	1.8687335881091405	1.774280504106868	1.6634181399747987	1.560217797559283	1.460336752839936	1.3608200408102564	1.2577961427409479	1.140856456631943	1.0273605938151558	0.9125411160644291	0.7986023912356068	0.6832684209715535	0.5756057648401827	0.4760071451275137	0.3815832590831731	0.2971736382815621	0.2231773365916322	0.15753836970186041	0.10185089237481901	0.05969027864246957	0.033568535108731104	0.018700388344616122	0.010398236991670194	0.005599186245765517	0.002978958837516779	0.0015525609913559272	0.0007986068583858908	0.00040709293454739396	0.00023387578439752957	0.0001896356305987638	0.00028539050681378463	0.0005807588971087166	0.001174754183082301	0.0023341898060454153	0.004240408637719554	0.006976246711224599	0.009022063786759451	0.008835141621866795	0.007632387063411808
CC520076	p2	0.0006041533603312686	0.0013647049328309692	0.0030718884011206467	0.006826305653859884	0.014968802897928775	0.03206162249805046	0.06924959735972105	0.14128159034860743	0.27446494915883135	0.5056552384887113	0.8709099953349921	1.4572926236606871	2.1927156990546774	2.478735942389388	2.3559763380195347	2.157897943843114	1.9923730676187605	1.8695068331195441	1.7251851645661067	1.5735651718880368	1.4782687710474203	1.4270621362229037	1.391638332480198	1.3522225715411307	1.3224643879013724	1.3078805467315888	1.2965627893811913	1.2978916693706342	1.2833198047897383	1.2672049210713368	1.2304502987366819	1.1885580140586434	1.1322475628425002	1.1001207092321956	1.0621163969288785	1.0247101333258548	0.9912392753578075	0.9532516013302803	0.9241380017310664	0.8877479479528368	0.8187014367037513	0.7655345411851212	0.7136269572637679	0.6643028377342522	0.6182755605957422	0.5753183836514668	0.5139862289563187	0.4607860360741856	0.4012556311840375	0.3315153903943094	0.26458834818581883	0.20302437094874048	0.14785520658188436	0.10318058371608885	0.06523361248608528	0.03784476926937102	0.021261720651186467	0.011550986342340417	0.006196545375253252	0.0032826357322001177	0.0017013183302523182	0.000884432867113236	0.000444594627439911	0.0002647754774076865	0.0006591430094065122	0.0035209665337552236	0.00892948243439903	0.006838325041171946	0.003033207588776783	0.0026464896984316664	0.004313749801996253	0.007230995346736287	0.010515464566321917	0.014153370646475046	0.014635350293321804	0.01315129326742957	0.011361302678559367
CC520076	p5	0.0007987453144225607	0.0017384846815805142	0.003666765284250983	0.008025564907922604	0.017953237841615215	0.03529520368950358	0.06609935316193362	0.12623864379072508	0.24601303719391504	0.4747109304458824	0.8809829714434554	1.5099575713831395	2.2132945649350915	2.3642959715863205	2.076115222612387	1.8204562980707415	1.6499692079141657	1.4679170322636854	1.3442339937000658	1.2716741552233237	1.2168297620273796	1.171147453254321	1.1339907297623344	1.1020316816888565	1.0760032425646824	1.0687340443216096	1.0773922936760378	1.0961333691408532	1.1142730463470267	1.1102508154144455	1.0821068044139208	1.0495675698756806	1.012669434073692	0.9676719922182736	0.9314011734733926	0.8873643142336904	0.8506373924987728	0.8141609766618463	0.7759311791431828	0.7303102586671927	0.671479026336207	0.6228247550091142	0.5754393227725898	0.5289700030596927	0.4831440381142784	0.4344929629045738	0.3879525601875398	0.33898880544502796	0.29297718967061076	0.24205618084543434	0.19149413982079055	0.1450415218596948	0.10530598250960752	0.07432216744221641	0.04721354979148578	0.02758246135755095	0.015320865077714168	0.008501860556544012	0.004724104370075041	0.0026087363655611694	0.0013930452791953878	0.0007428916537102061	0.00038959581924285976	0.0002078601615997824	0.0001492019473915004	0.00021360229497264277	0.0004946321327228374	0.0012403717281660102	0.0028269298011221896	0.0052577951009052165	0.009875490158653591	0.016224844389795646	0.024079776005006867	0.031542134488934524	0.034009326815507765	0.030492857701229056	0.024178089939564773
CC520134	p2	0.001633680605892705	0.003794876186000442	0.008612744390769738	0.019119615256876797	0.04303266021447264	0.09126392144509868	0.17630486355100655	0.32211006586299445	0.5525309247518634	0.877057928926117	1.261067891142328	1.5848368057269846	1.7791179079790544	1.8990054876447688	1.9274344963753292	1.9023893775467076	1.9041169991209377	1.8993526434327666	1.8841075686789492	1.8470892942636798	1.812334351747865	1.7649000238091765	1.7140930160155807	1.667640178689423	1.614781507143154	1.5575315449169973	1.517103657614292	1.4749540016951868	1.4370594876264737	1.4044551278146944	1.3578912476432135	1.3221707139479004	1.2908074018399973	1.2612368352044585	1.2386490314939345	1.2211646983441717	1.200137243051289	1.1881158653101875	1.1771060005279175	1.1584535032485834	1.1192223280165465	1.0865215395422754	1.0519196646895066	1.0158768114191457	0.9775937562534086	0.9273212777354898	0.8773835525845427	0.8348824152629749	0.7474746788239529	0.6484324594984122	0.552100591429148	0.46680101738525204	0.37481803971176997	0.29501342174346046	0.21777499819509666	0.15334243587259894	0.10292853332396457	0.06360980907955333	0.03781048966858245	0.023274482096887712	0.014190652257581699	0.007013448047865857	0.003160128305617806	0.0015371518475870791	0.0007846222101703233	0.0004110776468215729	0.00030404367822758644	0.00044125007485348335	0.0009387327608940134	0.002175673721094535	0.004555284523911196	0.008526085024011377	0.014127549810244666	0.020232156801864024	0.02112077825690564	0.02025122612245606	0.017280402587276436
CC520134	p5	0.0020774583499517294	0.004741498994645671	0.010398181610432405	0.021848457521778164	0.044033604619003554	0.08533813350484236	0.15948899235273328	0.28587478463178456	0.4901072274714603	0.7668330479055717	1.0739932673326262	1.3497828317019192	1.5785340252303715	1.7668456799608623	1.9024529860108041	1.975419866821241	2.0237692396614357	2.040444660423627	2.028185954542546	1.9946189194366748	1.9412348044114844	1.888666769591475	1.8294240982798073	1.7633774388647268	1.7024887862899472	1.641901824420227	1.577340920686154	1.5148932505582624	1.4636153949222181	1.4143473108595663	1.36683864934671	1.32590809392554	1.3024913830540654	1.286618839358321	1.2789020210660282	1.2609423876207788	1.236695304775423	1.225218478213787	1.2216958261712565	1.2101429763499931	1.1860596397469312	1.165888108294578	1.1415087864183917	1.1109076552922554	1.0728740621573483	1.0178893554512949	0.945091400092758	0.8774072431295643	0.8076893676610717	0.7306513173084982	0.6567082395442753	0.573663497496008	0.48413856912319664	0.4011576432264134	0.3197587964236812	0.2378986994112079	0.1652284454193248	0.1045880369821916	0.06390529731645211	0.0361823375741715	0.01949881328896566	0.010223662169285724	0.0054055953255952634	0.0026613157486857332	0.0013114498535943173	0.0006526266008801061	0.0003319897774703549	0.00018107530182398873	0.00018353862752066988	0.00041211886548819777	0.001043562071751555	0.0020555415649270736	0.003043905167264041	0.003865473425205509	0.0043872794529574485	0.0034745848951745362	0.0024752637626485846
CC520136	p2	0.00032082416491719984	0.0009184923323695441	0.0024531353817848016	0.0067492625558358615	0.01822976231069478	0.049535072618067506	0.12058506772783473	0.21822083809921453	0.35706625478628273	0.5652688500891765	0.8732440528195899	1.2877101969674483	1.7576490042191206	2.1842439787491656	2.63161791794457	2.9653194299987935	2.8988839192624787	2.376254880061519	1.8318275679070533	1.4491881270868245	1.2140359137831123	1.0874051903330375	1.0074734597562647	0.9610789873579915	0.9199807535119834	0.8883907625322134	0.8628245799599847	0.8439178075365752	0.8349772056645318	0.8332005365745386	0.8472799644816247	0.8672221675899107	0.8993466569186247	0.92477988726399	0.9326290532207153	0.9204632705963016	0.9065816432614248	0.8801807791433716	0.8510653774900635	0.8234003582450075	0.7938682245131647	0.7699955457643933	0.7487498448630603	0.7286231312356808	0.7104426560551963	0.6715620857419986	0.6316257762626885	0.5886820097997285	0.5160947454062338	0.443628230079349	0.3768610830779434	0.3104925357945386	0.2510052653437296	0.19350444995006694	0.13477005924595828	0.08630036905755058	0.05323841074919999	0.03153006492167457	0.018034521806012827	0.009942845283996044	0.005336543485038378	0.002788569797061786	0.0014809632140868247	0.0008274621876120144	0.0005292713931166085	0.000509108585013904	0.0007355537782207945	0.0012603253228507874	0.002063794084955496	0.0031439132770650267	0.004984784372493781	0.006712058237900674	0.007270218467151694	0.008789800378154586	0.009482568183957806	0.008515888123979822	0.007266655737015324
CC520136	p5	0.007297367783062881	0.030867105322239713	0.1660068723652834	0.4060237469514191	0.3326250540790706	0.5203028821892445	1.1014596285313223	1.1200430524706035	0.9878307962908076	1.0927459948442633	1.3967246559050737	1.7417313152560627	2.0204647671954032	2.156324434282046	2.164542783723583	2.099099747660372	1.9774120993061	1.7780318806831008	1.5100892732677769	1.3178357671099736	1.171512615084441	1.0591063098860463	0.9592899833956877	0.8735923271619647	0.8110686474646083	0.767439152339873	0.7451026616594006	0.7399107809237722	0.7350800040136497	0.7313702641741197	0.7255609564087057	0.7298747836188628	0.7377960005634155	0.7425144120568322	0.7405169144722155	0.734171699310911	0.7284610957921375	0.7134041678388665	0.6906874528158178	0.6671256596105161	0.6253103261556902	0.5911150543099342	0.5579177508391974	0.5255606925050451	0.4957457591735354	0.4571607300959644	0.4230805833376287	0.3788419515073763	0.3335583224014524	0.2891586434753573	0.25393474640429636	0.21603189889053398	0.16574776339281508	0.11951181979283265	0.07955419222710461	0.048378047290659996	0.02771489863879459	0.015586379201229973	0.009140148456889825	0.005720880403846478	0.004003395284571017	0.0020286228892600375	0.0009013378862992934	0.0004454899484007781	0.00026867468739471927	0.00021879876204877158	0.00029253701140584724	0.0005167324415547927	0.0010647174422019044	0.0021887090388412827	0.004249719269517164	0.007368004202998731	0.011480694737402302	0.01575262975311894	0.01676307907381499	0.015351206359076287	0.012238466069902388
CC520175	p2	0.002262837392834176	0.02216856162459864	0.12135420784349653	0.24396221630474774	0.19362261551568682	0.15239109569790704	0.23712806611487092	0.5034339124858385	0.7537581244357824	0.7768954219817954	0.8900378190920739	1.1561914751534217	1.2781667535725014	1.1187336007912827	0.9120258433064392	0.7612573310427929	0.664563754914914	0.6078732984659313	0.5980431832383757	0.6116677822980934	0.64409462876513	0.6831187821048156	0.7211618542296206	0.7564831293264138	0.8039528376101174	0.8415219663344882	0.9008440699333943	0.9736460193662693	1.0185265041230445	1.041950234458977	1.0795966997341377	1.117110953427889	1.1533724824391487	1.1838290810687364	1.2107100903015735	1.220771408901262	1.2069688368310043	1.1724124523583368	1.1244962706704986	1.084332864316781	1.0243077552528175	0.9750476926103828	0.9331094162290602	0.9014160188252882	0.8812760486467678	0.8746729399194708	0.8720252759803565	0.8435833775684027	0.7457203840266777	0.6514195726837032	0.5647111946195632	0.4741589913097658	0.3892746394267075	0.31108961173809463	0.23323650463008533	0.1665077381958163	0.11382022806146024	0.07514110030096754	0.04667400169529312	0.02738048074690009	0.015481778236929429	0.008518144267557206	0.004668789667392626	0.0025611291296942073	0.001472246638082659	0.0010579668319723012	0.0011401288213773637	0.0017764193860967603	0.0030225222916338093	0.004878554676925487	0.007683965472942529	0.010966018734014898	0.013790258161547714	0.015346762895447218	0.016142479902369906	0.01618873935723573	0.01457938504293681
CC520175	p5	0.022682707601258772	0.17411350325215932	0.5462558712294959	0.46019796604573066	0.1924271788121752	0.2010150919216968	0.3305015917053992	0.6199346419429882	0.8005569756683422	0.8460679222137002	1.096754012710442	1.564827245752552	1.8598195958147608	1.67272035612483	1.313327709597278	1.0707114725313882	0.8867082103035258	0.7853050784180691	0.7532628191084402	0.7592702905989803	0.7856391767992568	0.8128976838168257	0.8467492931621098	0.8898003479815183	0.9401731618373471	1.0002033353527147	1.045036246179604	1.0995979896373154	1.147377032273572	1.1778532514307651	1.1967640925875833	1.2022607096330769	1.205639068696961	1.2007783200696043	1.1776183029044023	1.1297162192203511	1.0909042128320479	1.04143882178381	0.9844853238533467	0.9270716143548061	0.8916402366110494	0.8574388330056977	0.8277658079274195	0.7993609045742386	0.7687207784536194	0.7332375582635107	0.6919086843600044	0.6457322819431243	0.5836848677631522	0.5183208246269094	0.44697125834589513	0.36965341450456257	0.30138351744357045	0.23605789817794123	0.1753986832909737	0.1242396340131355	0.08511105845993386	0.054919606866285116	0.034695217683599976	0.02157645580725292	0.01298963952418509	0.007505595518983423	0.004299161045395265	0.0024276864655168027	0.0014192090326386965	0.0009467385702628157	0.0008724167251908287	0.0011967255037719216	0.001887342617107896	0.0027241158277317825	0.004008815223338652	0.005469032078125749	0.00598070574918246	0.007058025039449154	0.007520760219042132	0.00706134486078568	0.006615947806210737
CC520209	p2	0.005467659336179504	0.005192659338992757	0.0054499298530308665	0.007909242448211062	0.011512212283177302	0.014806812366164603	0.01002403998387207	0.013006806050608536	0.02402247080676849	0.046164599599058526	0.08676675254380253	0.1494728479085682	0.23876255819040162	0.35229824585404	0.4741352580789215	0.5929238851911232	0.6971048054464151	0.7413963837500739	0.7426611143739871	0.7268477027303407	0.7160150523853825	0.7004214526176565	0.694807308911916	0.6959316232336149	0.6935370647939334	0.7259927135170522	0.774826822135021	0.8273777709280485	0.8697940949822816	0.9082386018460911	0.9392236393294404	0.9428056926429406	0.918703760480379	0.9243768977181841	0.9331990899756618	0.9531155620656298	0.9536254261215763	0.983940023837511	1.0030962342429859	1.0154080481935308	1.0214774704694622	1.0273245346746391	1.0344643217902056	1.0449870803620267	1.0630487796534651	1.064591484189594	1.0832992601305935	1.0866588245039108	1.0249963552418766	0.9308431603419768	0.8359505187765436	0.7141985404443866	0.5859805812718916	0.47014760358213786	0.3573226346509617	0.25568061272591214	0.16740223868098567	0.1040538783300687	0.062409518970768	0.0356260555794703	0.020348439477187473	0.011155102167878593	0.005815377445107494	0.003073355940957258	0.0016310754359610859	0.0009780354071383677	0.000880995400974869	0.001208843719972922	0.0021066357815985	0.003972562070479776	0.007160435503609943	0.012704387674337632	0.0199216348268947	0.024523136052459364	0.023186885243508013	0.0183958127284488	0.013665396102219994
CC520209	p5	0.06412097076219918	0.19249108182475264	0.35147578702038196	0.39599231555613945	0.2934837537984975	0.22746815372114743	0.3476190073024003	0.5333904884824809	0.5151753521727274	0.328291787678217	0.22269568116929478	0.27630856214441785	0.37250198531645035	0.41494038083078133	0.462295445699886	0.5129173643350586	0.4999787590264475	0.4795964889814306	0.48062550011377064	0.49335995665780435	0.5053967405824664	0.5211641688833439	0.5613584602144855	0.602672866716744	0.6116388751337091	0.6125007724704142	0.626219772112874	0.6395603041016237	0.6374075603723229	0.6323088384528622	0.6042416756727276	0.5929048236528336	0.6125555662259932	0.6207225940185646	0.6027484229600291	0.591120329848937	0.5996676574814082	0.6042448962619883	0.6038137664739516	0.6098196032859694	0.5926401773232708	0.5932429440618087	0.5954354718714644	0.5923706721311207	0.5784785128463057	0.5726867465761869	0.542822683905769	0.5126537023205376	0.4612737380541097	0.40543873746079595	0.352248265354528	0.2915244419938325	0.22915572654493946	0.16992107068492598	0.11971155970006754	0.07879313788651576	0.048668434894004034	0.02721365295766665	0.014298638238648879	0.007496416450576427	0.0038849928703234998	0.002074590207143009	0.0012465777536696423	0.001018646138243893	0.0011108629615007015	0.001866323893270895	0.0031118698879759803	0.005101353818125524	0.00816003713612794	0.010940032296911484	0.016792190899909278	0.02535284402475095	0.033725006473693676	0.03867049828737953	0.04092614707393388	0.03810241112103095	0.033107004891267194
CC520254	p2	5.196519085817202e-05	0.00011575644023181753	0.0002524800399032219	0.0005507993135291093	0.0011937341214728655	0.0025691638344638194	0.005546051748647146	0.012362298500618134	0.02725867191012598	0.056733234522292154	0.11585715765347002	0.2284228892753761	0.3901336661718334	0.5290639775963679	0.619783541172945	0.6809386757919867	0.7334100124510964	0.795015806604286	0.8486619400200144	0.888692116205053	0.9152819101547248	0.892428113074564	0.8708865402369698	0.8643309362516612	0.8642451834669724	0.8897401493355128	0.9209537230467412	0.9318092496688891	0.9367822251906746	0.9375561450834364	0.9660715426215613	1.0031089805241604	1.0715475444856222	1.1615175157951083	1.2438965057661011	1.3284712721992518	1.3856417313224176	1.4154078047435381	1.4110176267924186	1.3822678929928933	1.3185863659872277	1.2574822704321358	1.1976679628743703	1.143343380064208	1.095695254010814	1.0396625898098308	0.9904490515811177	0.9454818463471435	0.8713606124499328	0.7794651768095083	0.7024592338271405	0.6232930782489653	0.5297417262538824	0.44408520676584873	0.3543323133442169	0.2664462318785249	0.1914288557858743	0.12795312398196335	0.08238858419520415	0.05287393309809675	0.03247740086449084	0.018044259389079564	0.009761025801695553	0.005033930705425205	0.0025809709485556383	0.0013501787086255728	0.000769724087705283	0.0006645266699537259	0.0010908355999792341	0.0021792374761095737	0.004266929799630866	0.007935027736364111	0.012923505655974448	0.017664568797888563	0.01928415332725278	0.016870740775647833	0.012772462080029896
CC520254	p5	0.0003381452005009374	0.00070437082673585	0.001419330155078168	0.00296983016699104	0.005919493826573529	0.01189651614106876	0.02438870019486178	0.05120328558476727	0.10875345631487673	0.22583592571569325	0.4379097056309394	0.7232852039129857	0.9505451448887295	1.07923139037521	1.1859566601339877	1.2891998485696068	1.2983611155301702	1.2468875798535897	1.1921298286149344	1.1286541166945978	1.0641742101512706	1.0238899611043357	0.9834091004959903	0.9385976742152552	0.9089891217324237	0.8956684786325637	0.8977014705526292	0.9022319017469881	0.9190472562022423	0.9440711418327666	0.9825224911142053	1.0481985506164295	1.116393621821933	1.1884199730078533	1.2739482931877517	1.3132492212913827	1.3089768382816318	1.2815642644477794	1.237486536240965	1.168373766662586	1.0734771709602475	0.9897927868347088	0.9103524840719013	0.8385717945021977	0.7790955264116077	0.7183033033476036	0.6588993678340457	0.5961731127274195	0.5234281839013669	0.44254112477779534	0.3613420211605445	0.2830825091872923	0.22430104900642583	0.1738957841812283	0.1268815621787886	0.08637216803556666	0.0549633433408365	0.03260257663351752	0.018682561466984868	0.01048678787602037	0.0057133424104774885	0.0030590375236589904	0.0016433201887449712	0.0009795530269728584	0.0007214736800713359	0.000882659066556793	0.001501383848781239	0.0027573210379872983	0.004699027811217974	0.00773634063867509	0.010937931163400565	0.015842867804739466	0.02326290501522401	0.030849280037812732	0.03626820575046838	0.033185999625612604	0.024719667117181633
CC520390	p2	0.0007541514900606078	0.000874178118214324	0.001056475350365046	0.001210292968631034	0.0017414278570302797	0.002608234291158737	0.0033703804358239217	0.00532453415922553	0.009967300466928487	0.019900483134098246	0.03991811578760515	0.08191671151475427	0.1492995117850499	0.22918514862325495	0.36962692827291976	0.7008958906831426	1.2096407353957555	1.385441295120335	1.0682501187583493	0.685720952687775	0.5088832285597432	0.4593622370531904	0.4657395528184543	0.4895383342265919	0.5364725681465858	0.5977854862466904	0.6490750131918414	0.711551803128059	0.7856749376163383	0.859904566913472	0.9170553077023995	0.9562815465426866	0.978047667458133	0.9921095227183506	0.9972573789863621	0.9984682396492705	0.9771671164277375	0.9626209460187841	0.9482313416923819	0.9485150321012559	0.9558254170057531	0.9751902670634827	1.0009777056831395	1.028030503094805	1.0474588047221096	1.0569884260409599	1.046187915807682	1.0225591954644202	0.9368444873384758	0.8460983648600605	0.7518503722928007	0.653474822988208	0.5334511166949099	0.40094754594595866	0.2773773761248846	0.1809115482012772	0.10894895719017647	0.06117009424218573	0.034767680220808325	0.02401093118200337	0.01732547250612346	0.010047284519779156	0.004449531154541349	0.001765810094728497	0.0009241211317671212	0.0006467543417976217	0.0007614453664852572	0.001346045819975666	0.002631851109638273	0.005566225561258303	0.010336620159128519	0.01586928091112839	0.0236352415622748	0.031994663871410076	0.03494885788606441	0.03085930401663823	0.024991193356140154
CC520390	p5	9.450000856872402e-05	0.00017246937509648915	0.00034193102954796956	0.0007873590362146218	0.0016815589776769209	0.0027287474979740475	0.0031466328515445926	0.0047851097848552356	0.009032165621073224	0.019340165780679496	0.04423235820850562	0.07810163182191163	0.12251473643147591	0.2038929321998702	0.34354383909770764	0.534323712402213	0.6858430856443104	0.6674332191786287	0.5272654208201781	0.41472008469005245	0.38606853424857607	0.4022113785971228	0.437404032549282	0.4724148963747243	0.5041631627610865	0.5374665381568167	0.5520870099445103	0.5583929456654821	0.5690022200889966	0.560476384991959	0.5599638848225101	0.568486313517656	0.5843103343473539	0.5944862542296871	0.5955923982123237	0.6076364422343625	0.6069194441370468	0.6055395104150697	0.6175119623980676	0.6543837542973404	0.6347196322553261	0.6436691749718527	0.6501710239012637	0.6526710791146407	0.6500789765317639	0.6188149661737077	0.5826443355084917	0.5509976611446766	0.5034725087819113	0.4407206493650319	0.3557110360111284	0.2673482982804288	0.1965589476893218	0.1364472021988218	0.08737727656720035	0.05055359426620609	0.027345504494081692	0.014816560939358759	0.008201400503939906	0.0045910527602610034	0.002657162728327052	0.0017729075415115587	0.0017905324168677027	0.002328484120472203	0.003133420018968913	0.004630452715692011	0.006830508025655649	0.010528812904748601	0.01432394904043039	0.020240754338313575	0.02739988590239037	0.03336488662852672	0.04221933817460422	0.0496239238683607	0.048630850669309035	0.045009226831617316	0.03973123717201915
CC520477	p2	0.00020188402301382343	0.0005141426279238903	0.0013285749033058796	0.0034650489645200967	0.009404426784693366	0.0253479159758545	0.06804754226780547	0.16424770023313473	0.34242251760305903	0.6142114213529476	1.0092757492035234	1.5598752038893293	1.9242364010262427	1.955096441699225	2.115553693407003	2.6009065913548364	3.156423631448039	3.2276192665333574	2.3836097576619686	1.4392335115603203	1.0283746409272536	0.9464130584419922	0.9755785305990317	1.0425130392919897	1.1273159474444792	1.202868509120342	1.263634867555716	1.3047808922191906	1.303480452253415	1.2830092728373481	1.2583532227424326	1.242592854071558	1.2408368273938404	1.2609299859676797	1.2974751781969456	1.335672672906128	1.362679970687654	1.3778314744607094	1.3475542578345696	1.2874962904502503	1.220658238827208	1.146526608408766	1.0750427140268421	1.010413954459407	0.9544195226191412	0.9002994865227546	0.8421886093175339	0.7756508544320155	0.7084028607563368	0.6330847459550348	0.5543473851342156	0.47527336442440954	0.39926894215286574	0.32504854884452494	0.24764190890853727	0.17902398197418973	0.12267093778192645	0.08125656277816946	0.05155951490309265	0.030824701046200477	0.017590545487095956	0.009546067693937529	0.005099645402528519	0.0026387260642303993	0.001319804702412147	0.0006348020186612381	0.0003087339269927258	0.0001617767334997671	0.00013481871629815668	0.0002090189397529472	0.0004179579373063938	0.0007374555616080122	0.0015367335386951187	0.0026656593557247608	0.0047005724073230695	0.004445368523499738	0.0026033385054759365
CC520477	p5	6.287529048973228e-05	0.00012465624738252544	0.00023442997854515997	0.0004468157181196473	0.0008411575311689234	0.0017175868669779342	0.004570892465521255	0.01697391894964304	0.06556889767518213	0.23490265937749585	0.6638196162941205	1.2984000413875059	1.55143608439636	1.325737536650331	1.5618258700053462	2.4019776881311103	2.919723376219663	2.316315886206225	1.1644206952478584	0.5704892920771218	0.43996991508839517	0.4601548830614373	0.49985293065093434	0.5437511051934769	0.5948387087325697	0.6518109394177811	0.6966984250643287	0.7169643252933398	0.7107829511519176	0.690778658127076	0.6685623615505873	0.664350464800312	0.6940199420079624	0.7347199203905562	0.817707349769878	0.9426223374470967	1.0161169596982915	0.9335449698109649	0.7937014551079239	0.7110157658460422	0.6628583059857279	0.6329020857293355	0.604817418032914	0.5750705132587518	0.5453176413054717	0.5035522594554709	0.4587780217669812	0.40594724632002466	0.34743153977715063	0.2940244400063962	0.2409988567606708	0.18469389969567035	0.13848105510011877	0.09855806592008332	0.06718847886891001	0.04327054864685648	0.02644018857909715	0.016152400550574302	0.009224525423245441	0.00515651447206687	0.0028857509091377454	0.0015559331840593247	0.0007835541214389629	0.0003997849719696849	0.00021715190864130253	0.0001427033736327306	0.00019576476514143574	0.0005128142592976852	0.0014278182328514783	0.003629421342973386	0.007840776223258267	0.014881363171955079	0.022825985149366027	0.0265645535555315	0.02729947990997727	0.023462989828756005	0.01620348791678144
CC520480	p2	0.00020121998945575966	0.0004104352260958425	0.0008998420196357071	0.0019627486220836626	0.004806504480147161	0.014231761144294941	0.03887149388746324	0.07111887177108166	0.10985482566127241	0.18591583567572595	0.33155628271332377	0.5809640193163559	0.9464103680878249	1.3853691921329403	1.6727552762899347	1.8007505603765461	1.9628738284037237	2.1584438720249417	2.213802849355057	2.0562723366541134	1.785686692504341	1.533146273735203	1.3507628255298025	1.228347974637717	1.1624227266594378	1.1232164663385376	1.077738434754809	1.0485082613341123	1.039776468738523	1.0383737117777336	1.0383088074356484	1.043788924524307	1.0463221276167916	1.0508750746563436	1.0705631716460664	1.098534962689473	1.1343388257719722	1.1805032111139881	1.2188843083806886	1.2536895292447792	1.2870966156844306	1.316689961860006	1.3420200894617829	1.3606755631100222	1.3713379952315086	1.3589929607038913	1.3361390046330326	1.289598269228994	1.2207594748599109	1.1377955549001828	1.0498903280411722	0.9603063786225585	0.8613625130169541	0.7498602040383997	0.6336138906493717	0.5267023128021561	0.4253320705375598	0.33505945962710076	0.2717665475735149	0.2207810079962641	0.14969314199425415	0.08553277935309479	0.046585650191750025	0.024835722187519015	0.013246742465696664	0.006727556523176523	0.0033592390031813853	0.0017314489257017457	0.0008709811667591411	0.0004422076793535158	0.00025692020213646496	0.00034566311813432867	0.0010744750460751637	0.0024816766884613196	0.003256964524003404	0.0020465224085139885	0.0010232954635278368
CC520480	p5	0.00013010883690715833	0.00030978737798808035	0.0007662828278759102	0.002266907976212588	0.007803892393677686	0.02361609052306244	0.049491397938723695	0.09391637402743423	0.17809309799011216	0.33179667294634324	0.5879772714428353	0.9914313080561251	1.4750631959330145	1.9339570971847708	2.414732065807638	2.778554142089555	2.7787371635314226	2.423621356701891	1.8823592765072295	1.4102368691901197	1.1095889000228296	0.9690111547452727	0.9394818501795427	0.9575505858648888	0.9881127618611583	1.0272299443795814	1.0671909527142025	1.1015712075824373	1.128265604245372	1.1455353531140757	1.1696202898207098	1.1966841137001765	1.2268687719942315	1.2488983869114172	1.2836079497449755	1.310403006603019	1.3220874185754898	1.330485953814995	1.3357933020256636	1.334182092481981	1.3037539456473553	1.283569239639541	1.2643899952648074	1.246315067558049	1.2286449585327388	1.1921684295521615	1.151022192001947	1.0971438266405755	1.0198892597340805	0.9530885071428237	0.8772714567128646	0.7932890158691619	0.7049060576487584	0.6131866665640386	0.513777431341265	0.4170505096867559	0.31926945732275386	0.23054505134502418	0.16463838392002625	0.11184508172907112	0.07214390997173992	0.043750267618391514	0.025715790028863098	0.015047366780186998	0.00872686146401536	0.004628754317608591	0.0023595629965824467	0.0012466839505330283	0.0006569055739568545	0.00033585972126165504	0.00017559805279569832	0.00012130138869342556	0.00013449742847444402	0.0001903660678917193	0.00026419181291724154	0.00022622665186929018	0.00012673155651651748
CC520517	p2	0.0009724517733731111	0.002508034575561301	0.0037342648424314572	0.006424702692614634	0.01738982261876161	0.04231894320296424	0.08102383020011844	0.11412481349508265	0.13632277443286142	0.17515403839821989	0.2941236520525524	0.5035738106272756	0.9248858808388485	1.4987166107648044	1.8798995946766164	1.787472990797391	1.4737664788186824	1.1622459315968026	0.9433122037739016	0.787230982565878	0.6958081412462348	0.672746427063289	0.6383779643599018	0.6019377322710955	0.6095692431693769	0.6067598604317276	0.6120583566827035	0.6328376989206166	0.653976136319292	0.6897920501231481	0.7365721735451666	0.7807936672312136	0.796493672831269	0.7911773921933453	0.7795395669333905	0.7539297769054379	0.7168384852993575	0.6805268291696388	0.6470080285627321	0.623869159634264	0.605381061952654	0.598594275806394	0.5998166556337194	0.6052905400462567	0.6083718190517389	0.611160895936318	0.6064689691690804	0.5849310734270674	0.542657324626334	0.48617844769680624	0.42765611435793865	0.38719641700603924	0.33748647963007716	0.23952630298509822	0.1494127268878569	0.09026892233447764	0.05408271985747993	0.031152823579366114	0.017687268735879415	0.00988297265486701	0.005368759456411869	0.0027985288617920216	0.0014351473394161125	0.0007213256179973372	0.00035197481388194005	0.00019236655113634624	0.00016361362511222797	0.0002890610292227554	0.000781213552199585	0.0017863444355661008	0.0030491566408426735	0.005158809101187995	0.008461796782301058	0.013257346230176412	0.016744987399526057	0.015439034987358977	0.011887370176749401
CC520517	p5	0.0006083442482809488	0.0015340876722551148	0.004233991461517495	0.012862922619976454	0.029845284830744764	0.07036141128838984	0.09006894477908733	0.11710386941123928	0.19575643621870237	0.41297753217790967	0.9309114098368059	1.7932313118425982	2.4689067076651003	2.3855688324576283	1.8877171348691937	1.4149381377935377	1.088717450758259	0.8904861320355352	0.781327487483511	0.7033582004090531	0.641927871407649	0.5808784861160954	0.5335914040227981	0.5218761915139017	0.5362314231174716	0.5766322321339009	0.636134806684412	0.7037032443962203	0.7259562467162405	0.6674107025490413	0.5937958995867925	0.5313199746239067	0.4791898405921402	0.43532135596759913	0.4015356589358976	0.39546725625557	0.39108758695505114	0.38105991774036496	0.3884099883287101	0.4078556591921073	0.4361608350688047	0.46415195415348853	0.48796314922809836	0.503200281987783	0.5079176561096109	0.49341322386274467	0.4596271400038479	0.4198400827073087	0.36427986851686284	0.29689888936680997	0.23405458620222533	0.17701077575693136	0.12623860587475663	0.0879017164546835	0.05788632996028394	0.0360360658693755	0.021964709042866567	0.012843389187964432	0.007295707658642334	0.004030246720659795	0.0021757798271106166	0.001173400629823243	0.0007242939240754067	0.0006432752201135606	0.0009166879097248842	0.0018177217359767362	0.00338568419961403	0.006707730640349933	0.011427279515923002	0.017616934401904184	0.02574653133430396	0.038483056843353146	0.05391569204358551	0.06435875244410465	0.06520381022784623	0.05878635670140238	0.05012638321423668
CC520542	p2	0.001107131940956412	0.002089731396829723	0.00456220999551137	0.011523427457866563	0.02935172894968693	0.07565525184435838	0.15929507203013032	0.26676468300170353	0.3911362472090967	0.551083568552433	0.8052038489789112	1.139737836991623	1.5616799044705874	2.09467727664289	2.8720643918053654	3.596639823506838	3.386992449948037	2.2884293238386637	1.2868135083747387	0.8049970057162772	0.6205052335361881	0.5742161121582746	0.5901145848541153	0.6209278666638759	0.6610164545554171	0.6972123586514362	0.7242496271550988	0.7436693973043208	0.766598916087107	0.7944229833818419	0.8334273384044434	0.8917429614736215	0.9829264672336923	1.0924066041547262	1.190441780480555	1.1962316785551133	1.090885499750851	0.9857798306755479	0.9189181724740402	0.8693973334285287	0.8267278758466201	0.8059115286287483	0.7903236277702905	0.7733758888501929	0.7506421598058582	0.7165351007836032	0.6860287284133685	0.6775421957789199	0.6540357577356385	0.5155968502839673	0.40536450249852185	0.31827722729904645	0.24821731838412905	0.18472985207234	0.12911645372717312	0.08477042661010928	0.052566541476067166	0.031414331549934914	0.018693519441733898	0.011004251159053168	0.0064613736900544175	0.004411939525570444	0.004219742912355719	0.0032231555077420868	0.0012831873053053755	0.000528914624231966	0.0004672983859224064	0.0007273693076014535	0.001256356073313403	0.0021037420875041064	0.0033323492900014734	0.005086825848250713	0.007318430318681161	0.009474355358896416	0.00990249977925554	0.008879787430690806	0.006943854692976906
CC520542	p5	0.002132771230909905	0.0037066939639262193	0.006031319029616175	0.012054283160172876	0.03570292391766891	0.10823132026910565	0.2262910692970766	0.3080416258063597	0.3677025528806117	0.48300254060030434	0.6489227198185663	0.8837254076766808	1.232065292577203	1.7229199005178408	2.2636438400055514	2.6835797483312653	2.502994385908446	1.852139210534587	1.2234299479603405	0.8783436917203579	0.7560068428423661	0.743731595511013	0.7658185717870076	0.7952007991417253	0.8349039840323491	0.8725684359783537	0.9028336042225585	0.9336408462710208	0.9450706130448793	0.9536036297109434	0.9581247566676622	0.9724171633058771	0.992597400763304	1.0156063812382325	1.03784814663618	1.0455984457432084	1.0435738633007465	1.0378116506321933	1.0204184433757895	1.007680255397667	0.9846037161471355	0.9630943208116068	0.939863652935446	0.9119917135349004	0.8757999920531917	0.8244459126735504	0.7578042178735972	0.6886380614699138	0.6119310560584976	0.5288103246205069	0.4412080613557404	0.3540344253932178	0.2746972674183341	0.20283198375446437	0.14092206983605327	0.09276566367084618	0.05606003538066405	0.03199662212289005	0.017857090016501657	0.009844854824932928	0.005244436457317784	0.002772113979639654	0.001461581187322258	0.0007413232045011412	0.00037270286849322865	0.00020093616095924843	0.00014594839617130983	0.00018003591911909357	0.0004004504912953658	0.001071735866649	0.0025953363053874226	0.005690250669706709	0.010802901796576607	0.015205567528976777	0.016307835131451832	0.014058963167745357	0.009356435873781573
CC520562	p2	0.00034538033356960673	0.0008690281006804127	0.0022973839683785306	0.00630041933270137	0.016785773037562148	0.043571103886530876	0.0914388152435416	0.1627963438482699	0.2733642841434939	0.4375271576537654	0.6628207504664916	0.9872498563237008	1.5558132493366204	2.505279959528089	3.38643969111503	3.3229144485718143	2.2828543783117397	1.3509479996158467	0.9856561462809239	0.8863705011031044	0.8985144708736871	0.9438844927825362	0.9930128276212015	1.032011203992758	1.0646936856933455	1.0919864300417383	1.103413155898165	1.0976659450127768	1.0870922420032973	1.0732548152215602	1.074082310158086	1.0881099871180009	1.1127608663836148	1.0952788945758958	0.9992758217566184	0.8555894301394213	0.7199846133148492	0.623576148585779	0.552810151586762	0.5115977077305252	0.4962581387972634	0.4942962613078141	0.5017466527616615	0.5127874696054937	0.5243635633081699	0.5371577784984082	0.5715248821218382	0.6412508412726708	0.5945074747303203	0.509911256353	0.4671209057402176	0.4375653325046927	0.39194263311060745	0.30728242204678113	0.20863528654077793	0.13597469105206078	0.08739549849653784	0.05841481338723451	0.044867791498040814	0.04813063023362721	0.031720458465188936	0.011972644401520547	0.004890034102240318	0.0024199028267444067	0.0015537744279867291	0.0019342837387882573	0.0040557875289333085	0.0017971181582988765	0.0009331954849312918	0.001175105796536016	0.00199617967550613	0.0029767493846202813	0.004346961268751153	0.005689673038180174	0.005824183096421345	0.00547581059029838	0.004795694061020036
CC520562	p5	0.0009450800219235293	0.001931298114603321	0.003726186703067876	0.006777256864622874	0.012067444151102915	0.02199905039215574	0.03999785631047319	0.0762943954463128	0.14343500610220347	0.2559872803017755	0.42949126118533326	0.7113265581282014	1.210124182491321	1.9065527285260575	2.4425532147848714	2.425427915147265	1.839185189858268	1.262019690262871	0.9649095884028751	0.8673802153280236	0.85663553674717	0.8768546346545776	0.8893194036333691	0.9210536720329193	0.9387577360890865	0.9493274013986341	0.9358104053903934	0.9087975985370621	0.8720074247705705	0.8373593171120554	0.8157869908889408	0.8035503341209339	0.8060374172954993	0.8041972635798844	0.7522583360760979	0.6560888094347673	0.564603249256363	0.492462727255919	0.451890500143736	0.44233967100772786	0.45515805846026747	0.477032168283796	0.4942576999219606	0.5075304375615569	0.5002377061524106	0.4482189213560185	0.4105630987060387	0.37923901311649827	0.34887848701334284	0.3118809420084036	0.27256444531234003	0.22796488261108927	0.1796176030953985	0.1302391942544008	0.08949383570105639	0.05967973439752227	0.03860336283867242	0.02310099793967243	0.01309582711385365	0.007374104412643734	0.004159886232542871	0.0023303828955146847	0.0012828328656559014	0.0006866661648818768	0.0003835816842836068	0.0002855296433888859	0.00041187541779308406	0.0009812897881171252	0.002664769786499997	0.0066394686852728965	0.015254623875191435	0.029354720513850123	0.04871493747665982	0.07369935220229072	0.09527734806739213	0.09025225722952614	0.07264072773939323
CC520589	p2	0.004186915777096367	0.00659049366704126	0.013832461682418482	0.03275853540558289	0.06196423019837609	0.09175693670983133	0.10057379960091967	0.09430981468003702	0.0856215583236372	0.07639475408402054	0.07900181235360357	0.09999417653177133	0.15163232440994714	0.24719810710509335	0.35794148605600823	0.3837580090875622	0.37475299249455574	0.36634893289223136	0.35910608921744125	0.3515030295226081	0.3460397945816939	0.3569114449022874	0.36874271491993527	0.3771962085411048	0.3935981104882164	0.4147472190934881	0.43301977601983604	0.45431874793569504	0.47141677859074316	0.48044812566924344	0.4633121065917961	0.4534734927071807	0.46444475545332575	0.4813504588311669	0.5216412096872897	0.566444082116621	0.6129731766068374	0.6529779573276357	0.6925959459194072	0.7212576567771108	0.7538926658625432	0.7935710567518475	0.8329664432841385	0.865551949705242	0.8873386123129262	0.8879246236057987	0.8261208407232501	0.7601757901131421	0.6939575832035818	0.6115685800936694	0.5364436976468407	0.46496605509081884	0.40284994643530875	0.33952769823307044	0.2912815518697364	0.24353807002734967	0.18299401841290988	0.12494411646332437	0.07981294285472913	0.04760643330484699	0.02589048970902915	0.013230934583788462	0.006560498295856303	0.0031657219508807615	0.001718257459518547	0.0012241211036929267	0.0014379816941084591	0.002479802997594483	0.004433530345435762	0.007867604883286432	0.012997195761735969	0.020451781317888773	0.028776259993059095	0.03796286617062869	0.04360080215730351	0.03959081730372643	0.0312471608302613
CC520589	p5	0.02700708657219684	0.027566205474853084	0.028658246155952676	0.030226609662203655	0.0371752151447011	0.03894230702015087	0.03646980961975399	0.02963107063201787	0.025979764392933757	0.027341709035933075	0.03646850398144441	0.06435785655796891	0.12597279975308334	0.2299271801778762	0.33171515628015363	0.3603899586264475	0.3389421595174349	0.3331045258470365	0.3472276141709446	0.35647087686685097	0.3422257157134734	0.32941141958565895	0.3223470043286709	0.31359496052064134	0.3095121320565886	0.30207720257835907	0.2777898967578283	0.2576384913657516	0.2518647021933942	0.2560978583978409	0.2814601068657633	0.30964388592177816	0.3328847467871384	0.36795556866301793	0.42468510179082825	0.4800214455791008	0.5526140837059401	0.6161938207423993	0.6821437542234156	0.7600470818953194	0.8349117636073389	0.9162130542671059	0.9951291012985413	1.0649046829421978	1.1209086310812368	1.155373337908093	1.1434031200263124	1.1027889369194968	1.0463274844356751	0.9712610923189074	0.8880342046881594	0.784238679784536	0.6760778470779614	0.5756905565766299	0.48226306731235974	0.3951323436451858	0.3033196282970666	0.23041858543661609	0.17013216605093903	0.11640861270400567	0.07440027021659026	0.044945957648372545	0.02550779306822815	0.013763595279292674	0.007288733960639454	0.003943899117848656	0.0025239728115519847	0.0024030344326985815	0.0030264726974234425	0.0047158793220364575	0.006790107167205137	0.010457510533510763	0.017339466354470905	0.02427770687630267	0.026014701813155135	0.02147683245004116	0.01581936255629969
CC520669	p2	0.0020175704482892952	0.004378057667196196	0.00942951371817488	0.020235252099023788	0.03820208770283818	0.07719715205844783	0.15247857675288343	0.2750064683188831	0.4536217296927274	0.6765823011108936	0.874284729316577	1.0240449423023876	1.1491197516530098	1.3707365225515082	1.7390450434423792	2.286091378194436	2.6183771781662624	2.1422032141114373	1.3790891338235782	1.0942688792788426	1.039395723611221	1.0616812457707965	1.10880139149506	1.1573356999445583	1.1861456459122393	1.2017003086235178	1.1949611729481144	1.179610396603436	1.1468266308923818	1.1129155733713179	1.084378092635772	1.0600972960349981	1.0492244825454822	1.0375461743462373	1.0432128636827511	1.0487787679427374	1.0442955108649945	1.0042528053291677	0.927859202143382	0.8619432844195999	0.8120978018222369	0.7667323347850434	0.7271601650632294	0.6964439032474133	0.6753877075758905	0.6698364929505346	0.7049598889936969	0.8299674869169359	0.7541220064504335	0.5847219795425322	0.5158345484965728	0.47580916712690463	0.4227530037101304	0.34154460838904854	0.25369642158661	0.1788746615786838	0.12045604751401146	0.07819957392708622	0.04754237978456263	0.02899461236832414	0.016014807023384228	0.008920116908096453	0.00480222268715523	0.002521354216768222	0.001340813261086961	0.0006806684737961537	0.000398234319905435	0.0003977461127432052	0.0007139235339099715	0.0015198926956793942	0.0031816717804210954	0.0060596916509085205	0.010060126015857299	0.013604065479332838	0.013986631227684855	0.011827222974151355	0.009139444335930351
CC520669	p5	0.0008214061684849197	0.0023372541451076906	0.006693653825152323	0.016509934248278325	0.02733956131109611	0.04091826463782294	0.06866688788569209	0.1089450823089563	0.18597899763404657	0.304199288097035	0.4446643496126611	0.5765375592120171	0.7099811454412854	0.9089634954552241	1.3326959455048681	1.8551549792561906	2.0576401835005216	1.6718274643410453	1.2034654264571478	1.0029224717459202	0.9675179985882364	0.9934801497205556	1.0278717373030977	1.0416447146035817	1.0585208379840578	1.051399599332302	1.0277166828078437	0.9910462449913401	0.9457696449052388	0.8979963126941432	0.8673169943619797	0.8362202991477442	0.8200866134805556	0.8037055120934811	0.7661781091922709	0.7269522925215778	0.6914667441811957	0.647280598729451	0.5899392516216397	0.5551516209734171	0.5242263288627471	0.5011962811470126	0.4822349593029591	0.4618591895074215	0.4297885818507385	0.3882300002055428	0.35022871272531914	0.31457106557847814	0.27951454591624264	0.25062418287086946	0.22697612194091946	0.18642364727389163	0.13285147440968975	0.08853197253189772	0.05873217692385586	0.036619767163133664	0.021214081283160022	0.011293121571522437	0.0058978474522508595	0.0030884517454964917	0.0016234827464128685	0.0008263409408812942	0.0004331785367470824	0.00026362401444783096	0.00025024742518111296	0.0004644695542301385	0.0011307306030233736	0.00260292052689014	0.004682954773260106	0.008420838601409044	0.015819560360466126	0.022217331092829015	0.029503428700309534	0.034539596320361535	0.03543769660031131	0.03266455951734755	0.025321872703519415
CC520712	p2	0.0037788651178314128	0.009275722378885187	0.02214501668814373	0.05226723443623191	0.11860429095219864	0.23085268551919166	0.3891535351512195	0.6030246386589148	0.8762440520757095	1.2064530181317181	1.5623548076983584	1.8886480991829786	2.1412877728901556	2.2257030074437654	2.0545720024421628	1.7390087762574034	1.4792550286858888	1.2956167149518492	1.1725349709393786	1.1072032991366114	1.0695833610208392	1.0679092807287542	1.0845817593350964	1.1204411178157176	1.1538850633582431	1.1812173600652465	1.2103911832677818	1.2210622824123751	1.2128263456585513	1.1889719833700407	1.1450794506804682	1.092744278985262	1.0468295844606175	1.0053127627655731	0.9791938454098584	0.9771967272782053	0.9766214816976132	0.9636838520589435	0.9440233638649042	0.9127814622557283	0.8655050263516609	0.8176617001835943	0.7680528594905611	0.7268212447476193	0.704635983230219	0.6790615165350845	0.583369536348252	0.514595289354546	0.4358085678345289	0.34817805925783446	0.2712579092749905	0.2090836768458017	0.15585891920909964	0.1048637651849097	0.06285896058021458	0.03742304438491816	0.021373752721373235	0.012191999062213752	0.006935875261033757	0.003847332141892933	0.002105220950464039	0.0011441522485154795	0.0005855275138495144	0.00030447661978878456	0.00020335380699722474	0.0004098278335446015	0.0011794388475496903	0.0008034344159835135	0.0006535118871767809	0.0011019523519032728	0.0023819263687163104	0.004792040840336331	0.008628181103785524	0.013524510677058534	0.01613352323604544	0.014268145759914794	0.01111228240581004
CC520712	p5	0.00250499575752969	0.0065661551364839844	0.017877703690161607	0.050364066686438634	0.12314628475490837	0.2581795485232815	0.454270493713787	0.70371198758622	0.9891366904457839	1.3208458620316696	1.714434318097643	2.1727982574257454	2.637797481767537	2.8831100477437834	2.6790606091253832	2.125434455368611	1.6274474470650686	1.330781337230299	1.1866694051128113	1.136787235470839	1.1293173779608274	1.1397813669627355	1.142660591137293	1.1467919017554216	1.1533876665672802	1.168479254764027	1.2037859072142412	1.2546824466397324	1.3009696166478306	1.3395397174181058	1.3079008601091366	1.217345193084997	1.1094878690894256	1.014474335692173	0.9375853444759494	0.8799486851669928	0.8412790198384942	0.8115335919673667	0.7881052199109129	0.758133200567521	0.7240533647431006	0.6988994042607177	0.6749912786663317	0.6508513569377634	0.6250140279325487	0.5974956131521539	0.5576750981343753	0.5075350188681845	0.44145591088413894	0.36413847709324465	0.28414553339453646	0.21299541844383993	0.15224023805505518	0.10302023452597474	0.06502584608580189	0.038711101995459025	0.02293909845589334	0.013214649713280803	0.007383518163313775	0.004140425691411782	0.0022108411734772537	0.0011716502169661492	0.0006026594997987671	0.0002995525740889709	0.00014950236839380586	7.480390679851908e-05	4.420112984384223e-05	5.24458521121824e-05	0.00013023875055523805	0.0004040541919470672	0.0010733804889636934	0.002605400861962234	0.005424862942065606	0.009403543996563657	0.011283532744678589	0.009679469426628898	0.007510960278610621
CC520980	p2	0.0009661393859696866	0.0021642599432359585	0.0047189167712605815	0.00992477235998486	0.02043257020652307	0.04205100954961752	0.08503621441960002	0.16215334310235716	0.2780618052048302	0.4376477214432225	0.6326150964082983	0.8401765489873362	1.042215384386935	1.2578557372815597	1.5610531550869102	1.8120891235242462	1.8133762349631684	1.7508101369220856	1.7151264553783985	1.608553691832245	1.4704111542693692	1.3394733742301794	1.2697806418581659	1.261279840915618	1.2938698692039703	1.3356005819491479	1.3766902705230961	1.3646839695866972	1.3133146579698656	1.2473061740110487	1.1588222425475472	1.070685286760355	0.9978541989971951	0.9493399434408165	0.9266141822076494	0.9208658111008875	0.9271155946462815	0.9328631850935756	0.9357511724808769	0.9246816600626021	0.893480241665931	0.8614042808085363	0.8263531383882577	0.7894722984042051	0.7493716514150677	0.7024742195586597	0.6589254998735147	0.6257905047728933	0.5547080128627115	0.45986339307898605	0.39564484571330594	0.3513520068584653	0.29087608426684136	0.22109413497054717	0.15117049856782178	0.09584847646624207	0.05706703311859843	0.03129306963498871	0.018102326156110266	0.012804175976191226	0.007708853583781084	0.0034525724842832694	0.0015526484258526904	0.0008254081651668014	0.0005248202386202601	0.0004917646123777447	0.0007838058382746079	0.0014585483307253547	0.002775467237436448	0.004902422039139681	0.008675328634693351	0.014876371268273432	0.020758317886466413	0.026368141399651875	0.028281397122499625	0.025190805323678067	0.019859423486421522
CC520980	p5	0.0009046193567071103	0.0019513575952923446	0.004146207290657139	0.008649978117006555	0.01772052149181223	0.03709891719297471	0.07740480120098767	0.15708011704115268	0.2922596954621999	0.4914090308574642	0.7931545931890924	1.2820097393002927	2.084456388543452	2.5175806805735794	2.159814635002458	1.687789538239634	1.5971513835173403	1.5680560761384366	1.4324107245619457	1.2800476059268244	1.1723705609398765	1.1096818982661012	1.0541046816881146	1.0195497107264198	0.9987044568688488	0.9724974786331094	0.9583998613226572	0.9561960518088721	0.9607095760974866	0.9450688023404955	0.9121807794258444	0.8559502628236528	0.8192237655593166	0.8041857210125991	0.795977283034027	0.8027577797344854	0.7964806956493945	0.7976780811053448	0.7846965635872301	0.7543069603717119	0.6952743343337716	0.6446693959617953	0.5893650275410472	0.5268512452431295	0.44586630123277765	0.3615979300517109	0.28673280162709464	0.22354887916291596	0.16907073694123984	0.12970469936299855	0.09835708106200776	0.07499296728536022	0.05563043521555368	0.042866661873913255	0.034403120585504404	0.03146141776768032	0.03415299035106847	0.03791354939460412	0.040553463951729714	0.04572085285024128	0.05062144787542608	0.05120242041064563	0.04927698342647036	0.04294750833829701	0.03268530970847884	0.021726279284981356	0.012909286666676043	0.007062261462348404	0.0035941606955200802	0.0016880663884678182	0.0007510393700777644	0.00029944647869131654	0.00011557985232419355	4.2731352950708646e-05	1.4516284894296269e-05	5.076827719687481e-06	1.6615919162865991e-06
CC521040	p2	2.310418767462689e-05	4.425556226120308e-05	8.943416855059838e-05	0.00017798392013971339	0.00036530907078163324	0.0007991735657753978	0.0020444933768998855	0.005912099485890153	0.012580501307969737	0.023620106042823177	0.04852138318385617	0.10760325966847628	0.22617003323496981	0.4288593515103401	0.7136797335842225	1.1130950100936388	1.7291554494800885	2.4457075186750425	2.6989044188988007	2.4751887896538256	1.9159404654829384	1.2566754177695119	0.7839838748534727	0.5739544112674743	0.5277830571534288	0.5448496497734192	0.5494795595368783	0.5667860772844961	0.5898624321880157	0.5947476205909741	0.591842829620346	0.5757651287033845	0.5557772828440667	0.5425046226285448	0.5479356897714345	0.5626139477238107	0.6056347638908849	0.6773580289099659	0.7631987118606918	0.8069194440654657	0.727342481941732	0.6741636666873628	0.6316527734148059	0.5966215897967595	0.5653584827869942	0.5352939155692239	0.507948387598746	0.4706616831751959	0.4188600683224579	0.3787862543670347	0.37057962721575877	0.4595233270375138	0.482917708081298	0.2859705078838945	0.12902045804534729	0.061099087499831645	0.03164288854432334	0.017930566040402444	0.01188856391914874	0.011736497578733492	0.009371710866003071	0.006900044546206178	0.00819621732168075	0.012624719408841557	0.007933122829400377	0.0021953843148678526	0.001042655915445892	0.0019213852489780644	0.003566029026761042	0.005938245572760739	0.009153275484148647	0.01401682610634566	0.01974125459781967	0.023983510650191386	0.027302522521049845	0.025336674582484595	0.01957569408601781
CC521040	p5	0.00013073386146885842	0.00025905993723098267	0.0004958369956078031	0.0009548927472307614	0.0019764567759169155	0.00412537476815692	0.009687885513465166	0.02321203602563088	0.05375657541139599	0.12618403619668928	0.2648416871242125	0.4888126026849248	0.8601448243842029	1.384654778070968	2.0514807900045855	2.855424189957078	3.44271381217967	3.440597847488811	2.9202301723492656	2.1404144759745805	1.4394890367831146	1.0487443296365324	0.9044735754623743	0.8692823624123416	0.8797889137509686	0.8855834150045567	0.8733540939379393	0.8478978675890596	0.8121974675550331	0.789981769092594	0.7841440314667492	0.8090677572578634	0.8639213752534717	0.9394418444411614	1.0207639023213047	1.0949236790702275	1.1472737051916537	1.1563238969796363	1.1115688192571849	1.0117190198802146	0.9046100822759177	0.7927379408458869	0.6891819693325979	0.5990568997845634	0.5242398880691225	0.46260664978971666	0.406838583353472	0.3570119181845959	0.31244147919903836	0.2750654150527275	0.24409959912221335	0.21146345967056968	0.16574178597188005	0.12441210503727897	0.08947416083894001	0.06314456998991899	0.044478009992505355	0.030609961544889465	0.019209050094215127	0.011424906191174807	0.006073835593697989	0.0032358633811811776	0.0018079855797382785	0.0009200857657154273	0.00048184771950558725	0.0002703326063230988	0.00020324206353199823	0.00029991296162200175	0.0006577889026070273	0.001564945680669862	0.0038044414668721716	0.0077393353838275634	0.010801210290051235	0.016077557541917843	0.018762199600095356	0.016127065407833846	0.012517816981825115
CC521094	p2	0.00011432977455279198	0.00023243199457648203	0.0004674460477408001	0.0009213276798131485	0.0018280652917878875	0.0041772358917990865	0.009314010027117684	0.015555179250608241	0.028136894057242377	0.05801899741839569	0.1277516172584553	0.26876834128223237	0.5403420844046669	1.0191565559194304	1.7397162208586385	2.5795190016231753	2.9435755605482856	2.6063341788970873	1.954083786794251	1.4039806722739987	1.154087322089899	1.0908857334224804	1.1215239743290666	1.1785520568421377	1.2361956563623568	1.2885945334799316	1.3235814696946615	1.345237234899896	1.3584512692071342	1.3770026369299442	1.3943684682660211	1.4183793849992907	1.4593137491278345	1.5295236303526256	1.617815151922043	1.6978286006874994	1.7450707759169644	1.7474777995629753	1.719871950983471	1.672165271838983	1.568872464237122	1.470006036900379	1.3636728305860186	1.2537689769479863	1.1428263153013727	1.0061583840823622	0.8826727617538334	0.7652823563311449	0.6550569377966026	0.5531444682482507	0.4594452937796257	0.378901033835399	0.3118255006423375	0.26224367937794824	0.22301876514190305	0.18230219092197275	0.1295019540824556	0.07719117144398503	0.038629483377613016	0.01831303210927082	0.008933948028255052	0.004559486404508994	0.002376346528744007	0.001225226568790358	0.0006304639982936585	0.0003643437299186818	0.0003068767022370673	0.00047874223013407927	0.0010163655722751491	0.0021972576711434687	0.004131710912220937	0.007941630234193099	0.012973783641025041	0.017666299979642718	0.017983799547175158	0.01455280576406047	0.011086024964996407
CC521094	p5	0.0003752881137433171	0.0007164817786544735	0.0008756659659944387	0.0013753567075465145	0.002630228642027856	0.005787759845757503	0.0091175929018224	0.016549235816691873	0.03160823402811293	0.06055908542716944	0.12037389334481907	0.26204858012102566	0.5896870668540688	1.2777938233067685	2.269746498908683	2.989947513914261	2.845382097997315	2.097592847857651	1.3973612481076076	1.1025155132790276	1.0537193025712692	1.0767630346175396	1.1193046489000946	1.172102195870579	1.2285539329017932	1.2987106094431111	1.3467514767292763	1.3828937326459987	1.409088379315685	1.4338098614630568	1.4790093179941366	1.5356865090346896	1.6183234061240805	1.7143516364654805	1.8183486820556722	1.862230535270452	1.8414361679259417	1.7936400371914358	1.743829385276822	1.6845967110348539	1.5931359191123096	1.5115565530747932	1.4285643336013936	1.3427990635917115	1.249727595625472	1.1311474024856816	1.0090149339342658	0.8844948420690706	0.761813261544273	0.6542851948442092	0.5597392535792493	0.4688673652267388	0.38321003416223326	0.3024338328617021	0.22528447495358403	0.1583251661182322	0.10514939038529897	0.06257985822172073	0.03308660244393814	0.01704645526250899	0.008970952278572508	0.004784519366245245	0.0024165329873932196	0.00124161936124647	0.0006160489416500096	0.00031140508121735316	0.00019282827804638198	0.0001968170542662993	0.00035872909895044225	0.0008017708409150738	0.001626533605226228	0.0034351656061804184	0.006908344627920427	0.010890030599382993	0.011740567137837051	0.009420971751940552	0.006131045374016074
CC521167	p2	0.0002762681542814481	0.0005574964391308672	0.0013544797456529261	0.006297513433074203	0.03704964880127449	0.11593810112355105	0.1716474023329954	0.19862292288256878	0.24201080078434442	0.3672666254535985	0.6331150945153782	1.1268573302648197	1.8727977875601332	2.7824410598545417	3.4119011550423304	3.4351079593829734	2.994439024369441	2.3339104944343116	1.791278776501783	1.514236498966575	1.4323688864212785	1.4860736760578883	1.5957252938974837	1.6683950205730502	1.6703229767067567	1.6275647708588818	1.602324647621403	1.6216166816810587	1.6911568763632414	1.7965499435012677	1.9047103916051682	1.9904680750065256	2.0318548457629553	2.003846653312827	1.9256235117346143	1.8191400666277162	1.7058862092000782	1.587498314412808	1.481681071035785	1.3842569461246617	1.287768553252398	1.2173819138530309	1.16364647088048	1.122816162318149	1.0906006450611332	1.059170496769839	1.0156654562272123	0.9642030406598956	0.8937158511653845	0.808498572050219	0.7136822447589275	0.6049294777368714	0.48658144376619783	0.3693613818021839	0.26188937865436407	0.17364889879907033	0.10923496628653347	0.06635093652925268	0.038961585643065955	0.022203142065797918	0.012349774356605172	0.006802011883080176	0.0036768003346731686	0.0018714517782725984	0.0009468414582335666	0.0005076975310563133	0.0003349695606176574	0.000347508076345961	0.0005187918621852875	0.0009151096094376423	0.0017860819460565763	0.0037731335268736594	0.00542425764463309	0.005390161088687536	0.005308292785337883	0.004833756853102223	0.004212280189634011
CC521167	p5	0.0010907679151229805	0.0020624739004089453	0.0038716043784640074	0.008054719537511235	0.02061144507082235	0.05484071059730035	0.10571759233003368	0.17208776166789524	0.26917951740554663	0.42403190368827537	0.688399875502443	1.1397261570833233	1.8280237900297136	2.6869207655615153	3.414190405311968	3.455091299386384	2.8730907339902476	2.2275800957091967	1.8362405710203304	1.6778743894545283	1.6822608401022872	1.7313570163338141	1.7664497141524367	1.764834661088348	1.7266760272523463	1.6847823256739458	1.6605936535118553	1.6527851358416528	1.6838518485902054	1.758574089445098	1.8723823246157192	1.9901507803805467	2.072035181564163	2.0823011340156716	2.007597400373037	1.8690801413676803	1.7173930455443143	1.5830235366193268	1.4532723680330921	1.3583780725248114	1.2777511722600894	1.2183006461157349	1.165001187011949	1.1112455040721279	1.0548546335293354	0.995482546974643	0.9441717452845144	0.9081718508792758	0.8768675475611971	0.8414607340418675	0.7903542644427097	0.7086379859335136	0.5941003982534958	0.4615906623831593	0.3306917798968022	0.21849248759165052	0.1351969637135511	0.0782393964092103	0.04367771944275155	0.02369471062566764	0.012807982476428104	0.006815648459580328	0.0035377002779993284	0.0018663068194653425	0.0009602685054910318	0.0005054700141054385	0.0003148875341468775	0.00031293269539381873	0.0005206362220616399	0.0010055465417540782	0.0019013468924060043	0.0029338594114872796	0.003627042604505912	0.004264836725523494	0.004558504116732388	0.0038004759349462443	0.0029094058930928513
CC610051	p2	0.0004210072076089551	0.0009382587581282699	0.0021431915047729244	0.0051635116386218845	0.012476344807227417	0.02577537082866773	0.0509966925653066	0.1009577431421579	0.20176719361985546	0.3712649830891564	0.6167195630108907	0.9162592630561717	1.3311527316116105	2.2059845978101507	3.2490111533571966	3.1345365938912324	2.132769996643147	1.5774821759296123	1.3326257186099757	1.1308195607802978	1.0018512164260178	0.9315128108420913	0.9013213861292029	0.9009974916414462	0.8703615840979765	0.8194348411393579	0.783230497814499	0.7704165883435046	0.7517254144803087	0.7657456097050486	0.808390706485269	0.8964750856100602	1.042433179062772	1.0894701452371942	0.9209034716483419	0.7565478195756036	0.6338185253386653	0.5610648593737214	0.5030732898771675	0.463301118678656	0.43774394292254964	0.4166914436339131	0.4020837798967916	0.39208509821058285	0.38383840646814593	0.37974805694587777	0.3726922186889285	0.3548415805165881	0.3301558351748102	0.3061821774429077	0.26857857932462303	0.22395205103130816	0.18034468145898916	0.1337748260097251	0.09214573071060218	0.058887891329052026	0.035309265536586226	0.021171853391492704	0.012201086540484365	0.007037979719297861	0.003795173061841301	0.0020010222075145	0.001082755532856927	0.0006388527079610994	0.0005384120504156612	0.0008695131723887499	0.0017989201250563005	0.003572633275280716	0.007435277089341092	0.01442147795757515	0.021728984472151117	0.03321520665663952	0.0468267604621371	0.055087952813184224	0.055434648832340803	0.05164631223148065	0.0421752132658839
CC610051	p5	0.0009609377886394614	0.0021858319481070196	0.005548741406111012	0.016320525213246735	0.02899539909998288	0.061376936197425264	0.09057201226226462	0.17766066786242293	0.34601519021566884	0.611110357053209	0.948430972506332	1.4608723121467975	2.2902514698663583	3.0209383095690634	2.6155990367743995	1.77122097043289	1.3874097123453109	1.3113923135121306	1.3172593517332023	1.2876351729547706	1.2341857562234835	1.1516357416235483	1.0872769329147713	1.0203243929454051	0.9875709597029448	0.9428528789893608	0.9189076394373048	0.8988855062426724	0.8883278858583867	0.9479725635729498	1.0060891179031817	0.8922994273716405	0.6940124851332462	0.5699504194591908	0.4939055970044442	0.4574295849501877	0.44248109198321295	0.4175779568002944	0.41088419600359	0.4029764584123491	0.40306139459182583	0.4052484945161811	0.40848695752596814	0.4113724968313702	0.4140153793004216	0.41066445686330016	0.3973982622909947	0.37515822353582673	0.3334381413882082	0.2793769247847294	0.2166105988595837	0.16440725785827096	0.12259470021644324	0.08451675498360446	0.05264371489172974	0.031074794748009324	0.018220104840408414	0.010646518392115273	0.005881741598075124	0.0032185136814497765	0.0017472993088293238	0.0009168679614292113	0.0004899360942063186	0.0002600051742455445	0.0001694071222237451	0.00020775495468382433	0.000444626389262338	0.0010865700557180227	0.002417234060943706	0.004758052044986155	0.008610068554817411	0.013354385959512473	0.01915352870355538	0.026226724905446783	0.0302268260398426	0.02868849401100052	0.025915108464182234
CC610099	p2	0.00030805895750458245	0.0007310816646489334	0.0014392317692229692	0.0026061798987535943	0.00529452866215413	0.010837636458165103	0.021632169693495906	0.044885832435205684	0.09494500974474851	0.2004688581015949	0.3981900831665303	0.6903690361568332	0.9489248906135177	1.1319143623745294	1.2571826282657752	1.3375425324107406	1.3897900061226938	1.4481988370555083	1.5249033952405397	1.586141642724239	1.5931592591003763	1.5388153838142669	1.4357031142682815	1.3510997246292151	1.301498356004845	1.272313364765359	1.2639716267680274	1.2630777659326073	1.258052443944591	1.241043541864139	1.218933950655607	1.1954182163247609	1.162966508553181	1.138758986888531	1.106563462461777	1.0882198915903802	1.0698731851108232	1.0500367779271342	1.033275307307995	1.0163791666689834	1.0057969966017026	0.9977013672644974	0.9901754071189156	0.9805169083014181	0.9661463347732578	0.9434082526636843	0.9107393351426104	0.8728837598449514	0.8204699470956117	0.7629672018263097	0.6971357846068729	0.6297018410712361	0.5621230776953038	0.5092446301559816	0.42354651905560803	0.3209002249439592	0.23782949956710137	0.17140948293065572	0.11625392681148221	0.07550114951751258	0.04616929256966005	0.025657858981231508	0.013716404715251799	0.007305071588294651	0.0038439933720797684	0.0020385186820486585	0.0011402151903142776	0.0008276860493203153	0.0010848633987100723	0.0019611078169105185	0.003957904634786761	0.007537299378400762	0.013368847463060015	0.020400192379680982	0.02184826412187857	0.020017821433408294	0.015586413065071011
CC610099	p5	0.0015555481557289438	0.00469231029829943	0.014079481430420732	0.051902520405747936	0.15543544673169937	0.2265477718093472	0.18643780743848465	0.17803849760604432	0.28770385828611306	0.5315557824857706	0.8633090448335646	1.1956013531045315	1.3869171862053797	1.4486905961337748	1.4705884022407045	1.4922222106865124	1.5248123310551231	1.5899243695914385	1.6365527904617996	1.590077188861827	1.4198278627118874	1.288591374376586	1.198642914205409	1.1434579415410004	1.0998264700156228	1.0621759329177076	1.01795630958215	0.9756520877671103	0.9409068223758589	0.8950050614129721	0.8496481118047338	0.8196748346399927	0.7905210691785518	0.7686923797519224	0.7489685569427584	0.7341061972227176	0.7255963574192887	0.7168323058326093	0.7081844252691359	0.7004133074868845	0.6908747675638425	0.6820349210331996	0.6714917200768143	0.657702343990039	0.6369272861283127	0.6167639554947201	0.5850942571004134	0.5433243374579263	0.49059160782815736	0.4260417581280505	0.3668385049242039	0.31410942473370623	0.2616554399665748	0.21254023255508844	0.1662992130213011	0.12237419134946331	0.08091187877524735	0.05072762545690593	0.030074590638138804	0.016962870642534156	0.00962781045152923	0.005280801196961681	0.002885709086634832	0.0015587989144640864	0.0009021981097353741	0.0006074356757687886	0.0005822413986020702	0.0008534530318151931	0.0016370079418278711	0.0035155899231455344	0.006379025856789963	0.008177294402681303	0.01117482830961796	0.01479812001979506	0.016747848133554788	0.015464972622204002	0.012546070151835594
CC610308	p2	0.03381644253214269	0.03164000689883036	0.032933050257973814	0.039830913282700664	0.05619499366016183	0.06943824286237048	0.08156089267550777	0.10425764563359452	0.1531917573241247	0.2311833278938817	0.31527519528578185	0.4105678325562116	0.5450679073766551	0.7241686824109838	0.8822060793753703	0.978668294483795	1.0120633860905248	0.9924854628967795	0.9543774731468291	0.9228851052317332	0.8805992105960813	0.8504860479367942	0.8235605605572347	0.7915611461480174	0.7399994560167472	0.7012563808871634	0.6464029044761466	0.6028966138370031	0.5625799125800811	0.5361697659373071	0.518946612871116	0.5014750225358814	0.48925543496670176	0.49096276472776745	0.49610545448169446	0.4990655763386167	0.5193837658183645	0.5527559773571699	0.58680266155661	0.6011764002575227	0.5943099402455949	0.5883708235045176	0.5817938787613387	0.5813025973772569	0.595888593454382	0.6298120873442475	0.6899500281881534	0.8011916680042082	0.7698139621501284	0.5512696489403218	0.4427377081312262	0.6165263848661003	0.9532707265026975	0.628700455945588	0.21546916195224283	0.07318272743552691	0.03301146902301026	0.016161795494902514	0.008456533329821216	0.004580758887650195	0.0023965052068836935	0.0012094078927625132	0.0006270593362522051	0.000329096381805119	0.00019846283126445988	0.00018294446858696048	0.0002780739316862786	0.0005815090834656505	0.0012519673125045874	0.0026089238112017936	0.004962095690841778	0.008315006771211622	0.013149783683324806	0.01707164461400176	0.017890840339858053	0.01489691566321615	0.011301408443342457
CC610308	p5	0.016647612383309904	0.03688721039278453	0.0709247392234985	0.10830106993508992	0.1704441886842558	0.22713414977646196	0.26200941828216134	0.3036842347854044	0.35724782015958934	0.42064804572647463	0.47958773096080565	0.5391130384198046	0.6074322193349458	0.6575958180837693	0.6831895697622519	0.6649926006942829	0.6237168530114104	0.5622853976314902	0.5043733874048124	0.4482310742694511	0.40626025184267706	0.38599682877960023	0.36701557747707875	0.334515730778968	0.28421994748887885	0.2273540699328209	0.18140742115159209	0.147047166145448	0.11511287124111859	0.09399614095856748	0.0803823934014121	0.0717213578837435	0.06279915369344813	0.05716940695172215	0.05428248390486465	0.05443594638565489	0.054037534033893095	0.05794953927117959	0.0642971301905037	0.07452706560790487	0.08564080580916132	0.10505304263654927	0.13050836126755144	0.15831320737096075	0.18232351767458876	0.19876968135464082	0.2024659348582987	0.19915730947827265	0.19339092979620226	0.17552646881361514	0.15036146438679637	0.14053027780674457	0.15251534588662133	0.14673776189374413	0.09658425803581933	0.0438253606978858	0.018723453470214188	0.011644885953301435	0.009580120157054473	0.008983375306756608	0.009515423350200123	0.00761464389109897	0.007616273467087906	0.0097493828316471	0.011861643120699828	0.013836767681745412	0.01777073330074864	0.022434619237427973	0.024733467237799404	0.02759944228508725	0.03093266434401705	0.033634083402861066	0.03743936449830562	0.03799175612306754	0.03421832339864142	0.03131614472264268	0.02803053184070349
CC610392	p2	0.0021117297605286653	0.005651827033332418	0.018683319507906932	0.05099037544426119	0.11099205966897471	0.19243844683233016	0.3839485846442551	0.6928199120444585	1.085890955756081	1.567877903094692	2.2121151208888272	2.751089017336958	2.655879432073698	2.5877901319860546	2.5979585009105826	2.2663548076740843	1.8817521403485147	1.707754731256721	1.6446808378620912	1.658822036744482	1.6879521516805223	1.7379893846890981	1.776421838689955	1.7971453261516268	1.7943051416614264	1.7841130243609828	1.754062001534331	1.7097145718898776	1.6671570476273936	1.6250024747852292	1.5951803722155347	1.5742988585241593	1.5655772723011672	1.5529018834959807	1.5231999794638946	1.504547234936387	1.495137720724134	1.4859698603624878	1.4577319993133528	1.4039768801358883	1.3090548568430334	1.2269589041711435	1.142733949270311	1.059425071908854	0.9809386674592858	0.893587842288074	0.8133264569554808	0.733466228421659	0.6558784023081938	0.5730344307344856	0.4854136620603888	0.3985831207820387	0.31212282408329556	0.23279087521600395	0.16452040591275624	0.10989872130983384	0.07035294391670201	0.04332645895339699	0.02581966007313041	0.014847265602873042	0.0083096631298619	0.004531551887643797	0.0024190622574664458	0.0012802713222873274	0.0006624481515722035	0.00037298960072002765	0.0002694835480114067	0.0003059919034861749	0.0005052574420922902	0.0009726789124523634	0.0015537774023105695	0.0022965921385338425	0.0028968146936951085	0.003359339854253134	0.0040663893742038945	0.003701706998162969	0.0031447420008641007
CC610392	p5	0.0006730523949745392	0.0019892010028623257	0.006701067607762765	0.016422093939589683	0.03181501458253265	0.08757361732663001	0.20465537525579502	0.38206620604502706	0.7021983755872968	1.3313952543579328	2.116078802024188	2.218550265889686	1.7306952921500462	1.341915696503997	1.0422657746611446	0.8820609810780999	0.8120576605468958	0.7921980101488993	0.794706192719096	0.792424037363092	0.7954884464082551	0.8076359826224134	0.8334248706681998	0.8696549108350777	0.8999838226238118	0.8995146032520388	0.8399880211095241	0.7743051412827413	0.7180486603151969	0.6631494344357124	0.6248358948566782	0.5960600841716646	0.5958911729029953	0.5936653959879558	0.5933926220824218	0.579608979850441	0.574121475672119	0.5300680056363476	0.4800691729342428	0.4437505955795387	0.3802723937970148	0.3373915147170409	0.3010813149466513	0.27056498544543983	0.24941757594632455	0.23423304855127314	0.218331519003294	0.19091629875789318	0.1597689307512151	0.12135777804786373	0.09173277970653347	0.06413452612964435	0.043844697919150716	0.02923783728159356	0.018412480463786265	0.010626545516442341	0.005666707647534868	0.0029544946439902142	0.001456177617936181	0.0007402125344812558	0.00039960616100062705	0.0002771262690514718	0.0003556229564415479	0.0007525397189571558	0.001546550916165876	0.003320133935286097	0.006612828489915924	0.01226981434023091	0.021201646719137966	0.03661272945403985	0.0548489830209643	0.06497790139228317	0.07227126120002164	0.07623021263935228	0.07911169968530146	0.07327006767926114	0.05852813876390118
CC610405	p2	0.05393896272084596	0.05526383336826658	0.0565727771638032	0.055139245222331754	0.05029911978674166	0.06054842144385271	0.038725887323094246	0.037615453157513065	0.05669308470374453	0.1416356065039731	0.17814436875582512	0.12452501150372648	0.1777573324625247	0.32520201355357153	0.52199264273167	0.8144803425205829	1.1268808942606703	1.3704244321735752	1.5336035868646174	1.587151705434801	1.5076841846996725	1.314992239120248	1.173842701896867	1.034033799446919	0.918012299890973	0.8720014614115298	0.8319841507241246	0.8274511543619313	0.8089519923615811	0.7825564980240348	0.7709690853336058	0.7519909862949933	0.761175571604448	0.7982719679035665	0.8714184337605184	0.9506445291598961	1.0444117968320583	1.1346786635862396	1.1782422166455	1.1940737891756068	1.1339490619315133	1.0833137723919943	1.029422499041218	0.9770825133638646	0.9291127113929176	0.8789187317883228	0.8249504213561186	0.7530391641236078	0.6675935178232039	0.56593781541126	0.4574320787661709	0.3537628157176463	0.2629726583202616	0.17975367274361004	0.10821428956764623	0.06432617020574505	0.034494731053543184	0.017062593547011954	0.008439239848230343	0.004240346280735827	0.0022377370063199798	0.0013340404411275619	0.0010703828492490061	0.0011458723123418894	0.0015548295744436998	0.002502149542394021	0.0038311506621685866	0.0054638320665769975	0.007593381875128415	0.009504851246045632	0.011637588029722734	0.014104522082723506	0.017448668422475153	0.01964859219471264	0.021588585834046718	0.021031601446338546	0.01829150524321471
CC610405	p5	0.20174694586029765	0.2021698022356734	0.1988480934152577	0.15187530578628564	0.13510843430994385	0.12028984713067303	0.1154892976890044	0.07430610899276448	0.06147041404990439	0.07922904167550747	0.13362814948434903	0.23137115999182134	0.38481163811444224	0.618882240119538	0.867540310146414	1.1241170025251133	1.3313267689959551	1.5143579399684	1.6240031442161924	1.5725785696802705	1.3874853650632106	1.2142188638213414	1.0411475286248888	0.9040400639565732	0.8227330302497737	0.7839490464618252	0.7540470300857877	0.7194972587751393	0.6825383704056665	0.6388307433235461	0.6210147664285175	0.6330890627959939	0.666543970445534	0.7053689779873452	0.7547831928348592	0.8108468118088118	0.8762427593823988	0.9248848728602375	0.9604603736363339	0.9679929179774537	0.910836341081481	0.8620399721799616	0.8061159677051735	0.7467934879949677	0.688586664122796	0.626815417736164	0.5601539242446081	0.4990911761081407	0.43780716748880516	0.3748372896533873	0.3057568279739074	0.23104390628671756	0.16937509403795878	0.11725931485722804	0.07564166275490149	0.04644363015935912	0.02669846591176262	0.015189350034924918	0.00886628234130499	0.005210304863039966	0.0031022115883707012	0.002037423354999759	0.0012657587662300118	0.000882254838485888	0.0007348655053004585	0.0008590857662572846	0.0012271823680630348	0.001998627440478122	0.0034766701938150034	0.0059742146660269006	0.01015277114875285	0.01725989790938356	0.026106784656001282	0.0344810541335119	0.03435947505709677	0.029614521418330094	0.022807696741196624
CC620017	p2	0.0002847813326313654	0.0006973145831449702	0.0016182618954183154	0.003773759143051621	0.00877411981053968	0.020518604706381616	0.0544531537472961	0.1480743353403732	0.4270544575559838	1.1214092323171037	2.0778179226331828	2.1379842536136984	1.494205739821221	1.1802177768278406	1.2031305946019057	1.1225168473477842	0.9714064086300717	0.8623925391532693	0.772843323475682	0.6811269210468907	0.5627301623095651	0.4931472132539477	0.48391056520540354	0.5273645806456786	0.5906012665632672	0.6040572359415232	0.5348290879061378	0.4279423059874952	0.3340219009016718	0.2755888086613786	0.2447066074514017	0.23299852457784384	0.23668878040395985	0.2514254698743502	0.27632434398675665	0.2994056457979462	0.32121349958037365	0.33577292423230254	0.34327604569987574	0.3384878948802637	0.32626068070596825	0.31587907614502936	0.3047009598348312	0.29381165544042215	0.28393052346851344	0.2719953154536927	0.25433560044796655	0.25196416336148375	0.23036842830695112	0.19862981244019978	0.16434239189014102	0.13693137932367674	0.10801262837202714	0.08029937412403595	0.05497585926804467	0.035327056853515434	0.021402409892204256	0.012211942112106787	0.00672319372923458	0.0034833272736324423	0.0018636169713972678	0.0011466356401045538	0.0010189758495441985	0.001335140222933621	0.002282757995798898	0.00437690177096185	0.007408510596892845	0.01175949943250863	0.017524578292813946	0.0254062321023818	0.035031570485992376	0.04267720041508051	0.04902726918469644	0.06172783745461407	0.070734585324145	0.07176064943814073	0.06799489411836061
CC620017	p5	0.014474149458533307	0.02550850912633084	0.05723062920666279	0.16781307666225387	0.25569595556361324	0.3190759889506613	0.45441467857952256	0.7770294355580064	0.9814736274029511	1.4016910392006532	1.863108800112849	1.5791415392896133	1.108222777816882	0.962194781218757	0.8269684215312822	0.6404746369477833	0.509566578793274	0.43696287800470734	0.38311439215809423	0.3400193291370636	0.30103314030658296	0.29696315583671	0.30182343215040375	0.32385491282708595	0.33807394684736003	0.29563178090538594	0.24214624629970352	0.19740483540626522	0.16922706810338592	0.1406571039861689	0.12201102688772987	0.1152923151551419	0.1144504062050565	0.1181352482251742	0.13608233791930704	0.16479029208723428	0.19401539247237332	0.21758755905604935	0.2324266035926831	0.24610802376885846	0.2402018611155857	0.24082634801950487	0.24103862461947745	0.24115833575292542	0.24134250076771982	0.24266285716264055	0.2353088131723748	0.22165647461353005	0.2056733433756871	0.1880111223983837	0.16055475057279348	0.13684610271959333	0.11432785042693355	0.08973402159173306	0.06474305379284544	0.04509513465942079	0.03106058231961893	0.021033657706981842	0.014027109228033663	0.009343150689803629	0.0062047909138541624	0.004252737351133276	0.002977456652686256	0.0020931147360190583	0.0016013883156860479	0.0015630067684365195	0.0019431200307782675	0.00307778959884529	0.004719443599936269	0.007065886631037032	0.010120848265609146	0.013754252986737558	0.01751476037913192	0.021272079784567733	0.021553500740584392	0.020483015661892427	0.018439244310891834
CC620164	p2	0.0029739941929354257	0.006087339728985942	0.009563568601677733	0.017508385145712305	0.025786373940046785	0.060811326352859844	0.11425600137204613	0.1999855202660029	0.24692919086418239	0.26614048501591825	0.2936620924055667	0.34962755327422546	0.43413373211631784	0.5331200381505548	0.6375398443303838	0.7515239013874639	0.8466994446539902	0.9087059669108303	0.950757610658452	0.9840038994258089	1.0159549100100644	1.0551273506114054	1.0969867549920025	1.1294126655499315	1.1663468174130511	1.1923896854528833	1.225438121345591	1.2436022677262943	1.247634879232719	1.2474811470990737	1.2457805991034936	1.2437453852284266	1.2517856365159046	1.2666944253485146	1.2714167917927754	1.2934574055295145	1.326109364650075	1.3500758435291753	1.3641569655968666	1.344041299504529	1.268128844235198	1.197695092551002	1.1198902552683243	1.0406971613586862	0.9599301654733499	0.8760741500754725	0.8218951024657551	0.7713833654691701	0.6339509531023872	0.5386852496574547	0.46417881432132746	0.38256698404638145	0.30287568678224774	0.2215740154078292	0.148137079454333	0.0948761532526566	0.058039485350646916	0.03317634763971617	0.0208837716572076	0.01858612036008649	0.010694343403077632	0.003643934451924657	0.0013252339896338103	0.0006522790147381465	0.00035125143496047087	0.0002475425573105433	0.00034374373478057924	0.0008344000553145762	0.0020883015502393748	0.004784946592563545	0.00935014355086334	0.016726763481823538	0.0272715589308858	0.03941040251192218	0.04068775549440077	0.03162331385524209	0.023277057180638622
CC620164	p5	0.0011758024696935773	0.002480357693837044	0.006105021882383507	0.015241450341082482	0.03482582878992095	0.06603438289652137	0.13417423688139937	0.27471588539496966	0.5003590002162555	0.7024721890583092	0.7524895596932717	0.7376456036931949	0.7489970655031417	0.7961003475109137	0.8641601795336691	0.9379963034881652	0.9867876135369424	1.0043775108036148	0.999070861084488	0.9820518604127026	0.9739078686567593	0.9723627973858826	0.9747262801204047	0.9907409500637449	1.0005987913272636	0.9991778715426454	0.9900036665851709	0.9722433486915563	0.938282063527283	0.9232909743490558	0.9155571976963567	0.9243221591880861	0.9264931191396637	0.9349569360009619	0.9719773537097179	0.979262536653808	0.9568199480679432	0.9110169891909177	0.8468782324711447	0.7731810400627017	0.6962476953753579	0.6188440056528515	0.5471246891690241	0.48556766413555136	0.4357796208300503	0.39833667125592254	0.3681446663724675	0.3358717660402085	0.30264389120951035	0.27344618396652903	0.24324559999560147	0.21106667850908759	0.17044730366229593	0.12374728337032134	0.08278909005703863	0.050934107658367866	0.028327909183673068	0.015214416940498257	0.008139010024427476	0.004298883148406077	0.0022322171514118972	0.001118832183636089	0.0005717225190779271	0.0002954655124617674	0.000161883454963031	0.0001310671044828415	0.0002156130066102125	0.0005386258805045905	0.0014592974435709758	0.003899024666202737	0.009260647487385148	0.017286872197136923	0.024091181763860013	0.027131243730338366	0.025970454924272194	0.022037395979683672	0.017386418251992313
CC620193	p2	0.0007575398761976617	0.0017932292597588983	0.004477169719525268	0.01122547510600619	0.025642106364743813	0.05382430206786659	0.10697201158630981	0.19022165039447372	0.316865421356903	0.5017789085201431	0.7567959569297358	1.0816419266763613	1.4882797883191874	2.0934101916213836	2.6540357330107405	2.332367527767636	1.5962487992182126	1.2840337582105124	1.2072635615463345	1.226607228529482	1.2661514940446015	1.3037222612847565	1.3384447488362337	1.3711415313424666	1.4088368331118548	1.4354115274338948	1.4713424769870427	1.519823621202308	1.5820562619712344	1.6533814839383731	1.7284447411886845	1.7761833381400283	1.7750394983205207	1.7256542436596514	1.6485061528477136	1.5601899444178768	1.47227694965329	1.4055247348006294	1.3380975289836246	1.2701581810744014	1.2013632413259259	1.1427542084858977	1.0896611212895426	1.04112573847757	0.9944283236886358	0.9524619652259522	0.9134161421485402	0.8646400765180148	0.8056508362591777	0.7396954960925023	0.6550859035378701	0.5613084279926801	0.4619217653134046	0.3666520257242238	0.2768535232731201	0.19810007809952584	0.1363811268552496	0.08871727758779026	0.05675612990585296	0.0350592132394784	0.021277636288752084	0.01254229979318069	0.0071966737941289195	0.004088834827009389	0.0022909066473403568	0.001274530431322716	0.0007499540315368178	0.000573950737130336	0.0006537366769741124	0.0010192486325148664	0.0017135793437045004	0.0022496272089224316	0.003173908328192405	0.004553287491862242	0.00573297708740891	0.005089493842465989	0.0038609648092833306
CC620193	p5	0.003122568794938055	0.009288058046040382	0.022697244240563953	0.05090682816066074	0.08528885635157789	0.12234714871263468	0.1977802611633934	0.2934913613062705	0.4072127772493417	0.5227528516069226	0.6067064807851222	0.7634126171924123	1.146644649696661	1.5765234819384426	1.3635357008626183	0.9684033326527149	0.8277002858036924	0.8348175080131812	0.8938129467552779	0.9488131199338695	0.9855323243804075	1.02003452757329	1.0315446057498794	1.0333477727459022	1.0304947993481093	1.026869334559334	1.0325996415374732	1.0503394205075267	1.0704129816896235	1.0911496122021833	1.0879900344585451	1.0507952896452648	0.9954696880507394	0.9370018915014853	0.8840313011515196	0.8499802022332336	0.8468861615782705	0.8259798711589305	0.7810222642808592	0.7509360054884396	0.7362840654317093	0.7251846796619155	0.7156400303379175	0.706599778161436	0.6968164669582051	0.6864135529400155	0.6694576929501125	0.6427892000764603	0.6010300983262274	0.5458685899921798	0.4783950811706455	0.4018861673742019	0.3227513955207289	0.2450966451535668	0.17512334114431577	0.12184274377081401	0.07999108372110718	0.05148171531954581	0.032096354094379075	0.019656964322613005	0.011653324420417489	0.006886143605608379	0.003858115921545154	0.0021860353268506063	0.0012372644599461858	0.0007664084664298508	0.0005995165986952075	0.0006560937184772073	0.0008411802863825107	0.001650643021484137	0.002510561647788921	0.002934774709149754	0.004654145498373658	0.007852601486320915	0.009303012813021228	0.00824736469805697	0.014488084641430542
CC620321	p2	0.007389378225069374	0.010462286851961614	0.03095955218532047	0.15131187946805386	0.46863138097509865	0.6320499949880122	0.5511073254261133	0.5608098159862758	0.3663255400784241	0.3874552382195601	0.5178583083639271	0.7613291784489918	1.0902182367397757	1.2505800271512817	1.3419068422705944	1.2843916390588506	1.2487809406073789	1.116763949040173	0.9820520895385536	0.8163607339621697	0.6695243419055844	0.5740525888464515	0.4904830480157632	0.47274081415231145	0.4574990018347657	0.46684705697130835	0.46253239762489723	0.48281804542963813	0.4804561277379781	0.4909398815762808	0.47927185856905796	0.47861619249729936	0.4725999267084244	0.47289055109544964	0.4853090275259407	0.4990357530898185	0.528740870607101	0.5591424077526803	0.5934824640843419	0.6462383461905363	0.6708290467218695	0.7157715950895476	0.7632749121228426	0.8098939899744457	0.8507301530470679	0.8542764785220592	0.8516162588591752	0.7839202834621164	0.6917827363158747	0.5738989117395595	0.45959198815790336	0.3564431724060061	0.26335963838374754	0.19151832831161333	0.12591421415160817	0.08103897212253892	0.05232893997336724	0.0363337496404672	0.027031493288119077	0.018768579754433544	0.009304059059716785	0.003969659773288127	0.0019348975658200793	0.0009987421182580925	0.0005426635700189215	0.00028172272865599365	0.00016699441101535785	0.00013094224430229302	0.00021203566201227417	0.0006314745240952482	0.0015167353012052436	0.0024406750539833124	0.004236904817373148	0.007056414310702909	0.009067839456613793	0.007809663845014881	0.0051786125019268716
CC620321	p5	0.005076864558295985	0.012953393604801097	0.038079067695946094	0.13188833705344472	0.39464831887575197	0.8116496564443574	0.8950883634233141	0.7775587663305087	0.7337774145229353	0.8385028131109238	1.1020300282196003	1.358218182934073	1.5660464754878902	1.6720580902040614	1.6935419872226536	1.6414192027647152	1.535858639371122	1.4036214231475161	1.264076176485812	1.1276632844763879	0.9902079804971502	0.8928954902938235	0.8252723732380778	0.7933285815033971	0.7740252623130914	0.768596886885183	0.7409120072941885	0.7216959426003494	0.7080797776179918	0.6931937594081988	0.6646955503490058	0.6636848884797715	0.6675477873252279	0.6786231028469543	0.6943591796482893	0.7076184162504635	0.7431575406680017	0.7954638886421328	0.8263929089012205	0.8799140372851316	0.9171663945426647	0.9620156674683049	0.9987844915909981	1.0194197657892041	1.0181616855053055	0.9860077894023859	0.9248567947335713	0.8257623025375697	0.7251056548258427	0.6256765260395131	0.5200718363300827	0.41820120214524875	0.32852368511290186	0.24932024885327914	0.18176645332804367	0.12185763667784115	0.08033823519421517	0.050947652499149024	0.03031941169581904	0.018158374953460246	0.010556238477864032	0.005965982487138348	0.003409440905544086	0.0018423932690945397	0.0010215785480355243	0.0005748394504955505	0.000407866354408556	0.0004979764502703738	0.0010143127002070756	0.0018710958922453036	0.002562389305529062	0.002912582570327137	0.0033234091000188285	0.0045861883354323734	0.005121053199629697	0.00485183594481174	0.004233831000442967
CC620485	p2	0.0007228126615040253	0.0009750679418307302	0.0011769291600868907	0.0008083321769498038	0.0006821656114815157	0.0008972311088349373	0.0015689272494393673	0.004467865054231108	0.021307819110814072	0.07803334412846097	0.15836996175846169	0.13019683420290917	0.20949188702821495	0.5072388198094053	1.028541875520313	1.3517103895763605	1.189819574193771	0.7798615428468209	0.4690841598658594	0.322691444942741	0.25694542053180264	0.2239690585242182	0.2215735489131021	0.2501870340596972	0.2634931049141771	0.2590873806221784	0.25922229867821917	0.27628622545042303	0.30200059656963835	0.3236446034408772	0.3512508596848562	0.39324534806032047	0.44243329567823414	0.4881868070848817	0.5279102943792927	0.5679449584305323	0.5895762977802672	0.595360953395702	0.5989429888840159	0.6331479622946868	0.6970409271442397	0.7736959845151655	0.8652459015148195	0.9649078130372789	1.06409742729504	1.1462973488170716	1.1761261854436391	1.1665925131950086	1.1031635443340457	0.9967099841459988	0.8702797929304641	0.7175346087659115	0.578720308854742	0.450905800666809	0.3349386209710624	0.23439388053624743	0.15456785928979364	0.09659578715981827	0.05945995675671696	0.034597082089622845	0.019159374711414393	0.010494769926424313	0.005764741118128726	0.003180515411014663	0.0018440249491648041	0.0013839918685835245	0.0016830901908829413	0.002663418599909129	0.004842424899895469	0.008092970338787203	0.011512794283963297	0.0168468812251392	0.02378595092737222	0.031278573610511555	0.03388960104800913	0.0306066754767976	0.025094771669787512
CC620485	p5	0.0021873183170989714	0.0025511892487567215	0.0032023102812671457	0.004159816727314252	0.003313979217630792	0.0032233687847740018	0.002813593090781546	0.002852086245458772	0.004664270163100377	0.00896925598456459	0.020091890207782372	0.0494493360237935	0.13230317797388166	0.32518524848972186	0.6368753254144148	0.8203356754723422	0.7169139712356175	0.46901051985446723	0.31717281084902654	0.2535466377442908	0.2439224360350534	0.2516077028268175	0.24204189104294982	0.24418799634119898	0.26865750969723967	0.3086352962236195	0.30556117445479014	0.27147834637680557	0.23912402454031706	0.2374872088449474	0.25313103715583607	0.2779658763360339	0.320028593849742	0.3671419958903801	0.4171639496170676	0.43796339544994056	0.4287897477305635	0.42829898136766775	0.45561105859185913	0.5234605028366894	0.6259794063620516	0.741789109945979	0.8554641810953133	0.9592439027917977	1.0344388400652746	1.0983274689303264	1.102398611146082	1.060030580877776	0.9736885780282356	0.8645513837952047	0.7317721219941832	0.6034724787374081	0.4868782993566033	0.37064653080126053	0.26881849545588066	0.17995018500986346	0.10902466271562544	0.06373614967701763	0.03606377191481269	0.020046776529262775	0.011041233140331433	0.005931169027611411	0.003137045919253242	0.0017102764512468822	0.001203887216030152	0.0013522732269408775	0.0021068114982307168	0.0035868285119049588	0.006167029175000914	0.009930301060622	0.015472828604533839	0.022657625433531257	0.032534820545140244	0.04228401149671816	0.04390228741527173	0.03954100258860594	0.03243308913412474
CC620496	p2	0.0016824860921524217	0.005271124722261689	0.01178589389028616	0.0221749429187724	0.05170728674686519	0.05763740952043951	0.09421161816263317	0.19481743959901807	0.38387887229663537	0.7014587722906448	1.1548881749488409	1.7002016944033558	2.1449649357967275	2.5004395699517086	2.791085605395558	2.719443379978671	2.3448963322673206	1.9964048134790886	1.7286336909048485	1.557467310295905	1.4698306154100558	1.422817605487038	1.406387496913361	1.4090102999235146	1.3992241423129606	1.3878658074224028	1.375375682025939	1.3549834830642533	1.3223651446860238	1.2958061707977162	1.2686757633851073	1.2653579345416652	1.2615604840816215	1.2303125695751167	1.1496958824504704	1.063717221549639	0.9779970563663153	0.9203168579869812	0.8673077887001802	0.8263029277499341	0.8288236812998369	0.8343676365552349	0.8469388197246535	0.8667940334301626	0.8894266142926379	0.9215994438382353	0.9208606630032382	0.887261563282208	0.8127973143484855	0.7186961317006361	0.6138977540346398	0.5119751483207472	0.4029861286496733	0.29896009002960616	0.20218104373755522	0.12900695736131443	0.07820905941863505	0.04633825315525309	0.028796578660158882	0.028157381056236684	0.022010149445488812	0.009829414145462194	0.0029800876034655303	0.001144849319346727	0.0005889412859959297	0.0004309252359661241	0.0005271145778597838	0.0009560582559875704	0.0017903924636028753	0.003257104469389214	0.006119680608429674	0.009407823324761958	0.013907540099220711	0.01759071273198459	0.019215764951520945	0.018607291416899402	0.01601909223633069
CC620496	p5	0.009316231752922531	0.012282642162116317	0.00957465920148727	0.011068616832976556	0.010002877773960396	0.01790852967668457	0.04178957509235762	0.1026545372318093	0.223499740743702	0.48017102914387766	0.9089436164349118	1.47753774366757	1.8013136740979077	2.159439764737401	2.769310280263948	2.928001502056852	2.510784756906021	1.8705120465747973	1.5224527479209047	1.3132558566619936	1.198624748675341	1.163378713213146	1.118217501836837	1.1075807712020507	1.0871112200639224	1.0979382930052834	1.1005283796576444	1.088227790184987	1.0665798793182675	1.037001111156677	1.011830448630853	0.9963101098446433	1.0074072695540832	1.0033925687757113	0.9489380145659622	0.848324051686999	0.7586908504266329	0.6937313639207231	0.6539860780171928	0.6365864401164673	0.6423518810136486	0.6630684248858499	0.6939964111954637	0.727502202154843	0.756492316415243	0.7701653584313856	0.7592338103205831	0.7288746618368886	0.6699103533665689	0.5951512540198663	0.5021339537799533	0.4041918165182901	0.3090980761810412	0.21774313120698613	0.14117569611397066	0.0857405486705244	0.048964249998281986	0.02708435152981845	0.014868380290718334	0.007979588301230044	0.0042442955173836155	0.0022050508405270985	0.0011465571242592876	0.0006039332127396949	0.00037921287203809535	0.0003841751445281961	0.0007208137387163545	0.0016270132239124648	0.003541695925065626	0.006747477882344059	0.012262811592782419	0.01990341367354818	0.02826053280656664	0.03422979080536948	0.03531476442638472	0.03314352336085497	0.026347823280507835
CC620619	p2	0.0003870003900637405	0.0010542972336615836	0.002886435858472491	0.0075515725274367855	0.01932523516992124	0.04727084231401696	0.109092342503019	0.23030203058330437	0.44053866660363833	0.7533791383703741	1.1713213473039097	1.6629216576800094	2.22303984947769	2.7478831431998545	3.106528885333971	3.2403997209569324	3.1149100688188565	2.7124937689878634	2.216572525447612	1.913061784518364	1.7762408542028612	1.741124882981415	1.7402127485026584	1.7213036366116028	1.6812581734386312	1.632410039885392	1.5975980148019533	1.5792525949224065	1.5690749251493912	1.5746321068615574	1.5899057987190612	1.5972106861554551	1.5789558746482506	1.545271281752018	1.4991806001253933	1.4567767475338937	1.4076096391721082	1.3305961177575847	1.220642658992458	1.121290473291929	1.042198939620151	0.9656768950560057	0.8994522343184258	0.8456593189001079	0.8048661481145827	0.7677145841172244	0.7452536309985667	0.7201625876760629	0.6876171183203795	0.6381270035321709	0.5781302169942539	0.5118931057254427	0.4349957282988957	0.34557822530025967	0.2611228893018972	0.1902097839054572	0.13485058952069426	0.09036966630440874	0.055804710253865124	0.03283725692052543	0.019625715069393552	0.011361972053758305	0.005907528990080166	0.002997203807212582	0.0015311746181415745	0.0008064561644284618	0.0004632429901748838	0.0003798554411778741	0.0004745102530040172	0.0007019674543171595	0.0013466490505851915	0.002322435313911005	0.003388090145201886	0.004537158199154595	0.0053731007804039155	0.00510402626194661	0.004302838661492105
CC620619	p5	0.00024341523501494167	0.0006070332327551138	0.0015691327459732825	0.004114438410576679	0.011190156040257462	0.030034604526671713	0.07232534271721823	0.1575423448223435	0.3189852172429132	0.5810987980372219	0.9768996062473536	1.467354682230126	1.9311243292205122	2.2772631877579497	2.393042570285002	2.1698909288411627	1.8460291992947604	1.577830753996809	1.4550465671767552	1.3893309521389217	1.3630441601931491	1.3290727204933497	1.278266469315047	1.2168273299136083	1.1412569029252941	1.0845326033645626	1.0432503977990997	1.0237712889292034	1.0126570942500737	1.0155437347078131	0.9906765296881104	0.9528419564423835	0.8829767126635655	0.7769593571928194	0.6666773448821475	0.5779184361565581	0.5089480586725272	0.47276943204904176	0.45779509269298013	0.4539400482953975	0.45700730924442295	0.4654962105288572	0.47128142022899316	0.47282955272107285	0.4603794525710843	0.4342300725862176	0.40715259923431074	0.3762338848587804	0.3527489542066029	0.32042236947153513	0.2708641513778705	0.2106851127992579	0.15136656287066363	0.10183110503384979	0.06632800947330059	0.040211859909614955	0.023203681763232398	0.01331182348021891	0.007541204752587021	0.004123391765892159	0.002240456715485209	0.0011857470796977731	0.0006426008489900347	0.0004113812273765618	0.00040461852412356273	0.0006762689848639725	0.001414611919238508	0.002859693062440391	0.00548306542101103	0.00928320566250923	0.014862153188788009	0.021855146709222048	0.029282514285591272	0.032371378749460285	0.033733491596333626	0.030824646065194382	0.025544968675136052
CC620659	p2	0.00335696155154954	0.004999278813858879	0.01003327261713671	0.01818115650825697	0.023484593913919004	0.01863597835480602	0.030282088099942647	0.07545268875576767	0.18285220710592612	0.37503406388626825	0.5582289544772748	0.6633792227676392	0.6314151449546688	0.5303720126786297	0.4871402240789582	0.5322367832702614	0.6129075131787212	0.6763652557388481	0.7102794965066616	0.7222146826416597	0.7478851407227379	0.786191415711917	0.8415979634902261	0.9078734536513369	0.9873824830041417	1.0746109066456435	1.1673903152447018	1.2343393063775336	1.2840903979790825	1.3048955696901414	1.3033780414071612	1.2810293689888117	1.2577754402871835	1.21472511201285	1.1776524785550389	1.1410233048698615	1.1080778967154097	1.0858414628542492	1.0557153198143026	1.0306077615138074	0.9965361118980648	0.9668369556467811	0.93723404066408	0.9073762011052275	0.8776801237947167	0.8432026785478514	0.8048667164227422	0.7620003634082322	0.7085781116947093	0.650252079400022	0.5840193413895854	0.5035279648187221	0.41128713202717715	0.31696827180813925	0.22448183347927383	0.14899948569561222	0.09305325546872734	0.05549355663573556	0.031028230907267626	0.016461296913107274	0.008670676806656166	0.004310870392064427	0.0020883752374033296	0.0010281961148580002	0.0005069396019104919	0.000273147500543191	0.00023993239139951915	0.0004328593843379015	0.0010349462914477174	0.002271253787059913	0.004822229474159466	0.008841882818994028	0.014207179087986327	0.020258187194974398	0.023049508454055376	0.01922206648639627	0.013703552135149889
CC620659	p5	0.0014410095049381996	0.0029606075341185203	0.006285981705257581	0.014599347611192545	0.029342213690373774	0.05696174051186363	0.09496436202443469	0.18994585751709067	0.37941206811980477	0.6004942152360965	0.7476334835783947	0.7790745111078063	0.7656097745844366	0.803215068225049	0.8808923595971656	0.966315319780572	1.0292694610670443	1.0888308705583893	1.1364213098617686	1.176597585139228	1.2260460022190285	1.2746883953192172	1.3075644211853488	1.3264639371216178	1.3378086449311963	1.3526121499791963	1.3672954297461135	1.3747284841006084	1.3728580832833337	1.3653069468680716	1.3571840067772654	1.3323361351042746	1.2997749854325953	1.2786999056780157	1.2557510582414848	1.2331317543330595	1.2049408094353555	1.1790637659268897	1.1575426940182971	1.131791612120071	1.0990252943385743	1.0673787373566355	1.0342847518797333	0.9999736920635345	0.9644395818334759	0.9170009189303043	0.8639860302685477	0.7981393998873868	0.7188966125663697	0.6318059329893152	0.5393858801555733	0.44791205590557137	0.3696455954754184	0.2848202983164062	0.19879842944743334	0.1217188714043235	0.07111343651959631	0.04157450711946084	0.023821284731661316	0.013333923129307219	0.007573074911525798	0.0042091974065940965	0.0023100214597421755	0.0012133720261328547	0.0006301692836856619	0.00035213116271368676	0.0002610223706586709	0.0003622613121932086	0.0007250170964099988	0.0015439180096854625	0.003087564505976004	0.005678145435998861	0.008899426559876144	0.011784888462923887	0.012216158262972438	0.011177648955598132	0.008982177723757895
CC620785	p2	0.0014128267772092647	0.002896666148920809	0.005789381612418172	0.011459492604805685	0.022005120349207083	0.04092331532338213	0.07408610662469717	0.12859010834676493	0.21343820839380614	0.32284878524083144	0.4654399573586162	0.6607722185980478	0.8792435391022932	1.082912841787462	1.240803127108611	1.3581110148473803	1.459501189608967	1.535311808328063	1.570528951685255	1.5615725057384813	1.5211558528666211	1.4716646126487494	1.396126750480346	1.3088383690759098	1.2275426888139458	1.156815637805176	1.1030142756981771	1.0636906438410434	1.0370928235336985	1.0036515054424482	0.9744384469646429	0.9484711800485354	0.9082090733060351	0.8629154468933273	0.8202887160454879	0.7802491123407873	0.7553273544115733	0.7395560457839442	0.7279624788503244	0.7209463156048119	0.7156888569785943	0.7113632001319753	0.7077883127926795	0.7054906853631793	0.7063868829931463	0.7054139555463829	0.72215350298128	0.7440637294177321	0.6812439768459374	0.5954499068540107	0.5259948003056576	0.45081965426454307	0.36984565480993237	0.2878010733703035	0.21450351292326983	0.15147273056626903	0.09991351858667312	0.06366428256095315	0.04472951706022712	0.035775832025281305	0.015689876871694552	0.006350267288562676	0.0030810589375354	0.0016550546908217765	0.0008699238456499276	0.00048204467096722925	0.00033627680741237675	0.0003652582961021167	0.0006317174218691167	0.0012264329051777845	0.002361120052807639	0.004049287994952078	0.0068281409233545125	0.010336707238116463	0.013244897872199957	0.011442062781421448	0.007408039246291856
CC620785	p5	0.0017916712276054713	0.0037172676318081225	0.007752162316660969	0.015325489838035845	0.02833384522730212	0.05274505625053408	0.09526264132071183	0.16898381821428549	0.2754920709541707	0.41081570773718273	0.5878096667773323	0.8196492273359863	1.091538561514555	1.3500006739305395	1.5116208653410526	1.572552159005407	1.5602152550718715	1.5237125980098685	1.4570676854209625	1.3829827375250565	1.304883565111896	1.2372244806207204	1.1713067208254138	1.1072281018604728	1.0578019701618406	1.0082996054730524	0.958247535922134	0.9072019636704671	0.85582142473517	0.8012522553107445	0.7602327559675665	0.7161027014649607	0.6681601566630065	0.6243753867212848	0.5809020333131729	0.5363923226334724	0.5118785940309517	0.49826126029710266	0.48263290881641635	0.48113183740813836	0.48360851349378803	0.48715920671704566	0.4897928080629955	0.48911393181509627	0.4850165653333896	0.466526794100143	0.4387304485552199	0.40931174059457365	0.38070561302367517	0.3391287600665692	0.2856547206224765	0.23139841821097396	0.17655948981499786	0.1256275363802271	0.08221757380614476	0.048932580705277624	0.028206424672870874	0.016222456067309564	0.009168740377895966	0.005118995916648301	0.002835797416396775	0.0015586747357131294	0.0008395138142533154	0.00048267492491873724	0.0003629979240690501	0.00046291438308993627	0.0008398828345156404	0.0018478148245346278	0.00418550985717711	0.008342400925062934	0.013655325324591554	0.021273898658028027	0.03029842534030664	0.04034486557330607	0.042799143105767753	0.03645954382118546	0.02849969901067427
CC620918	p2	0.14045120936921132	0.12663899004125193	0.08682847890225	0.10089340035127192	0.07494118149748655	0.04491291801621516	0.03772242210585738	0.024998460076980093	0.02562141900337484	0.05101659977037154	0.04730023642000219	0.01860856744294585	0.01055999733154418	0.014887755149400914	0.036421451170373084	0.07566995176252025	0.1149790409752449	0.18214323929322473	0.29137051494518046	0.4185298927652948	0.49132437587725064	0.45972628634544976	0.404576853172792	0.36437029256926723	0.3504195263274919	0.3435602764479306	0.34107119352135623	0.36432232551189225	0.3999106881390304	0.428649444496513	0.45624497450394036	0.4843837375737197	0.5202462601872927	0.55645803571682	0.5808937948668011	0.6155830683745422	0.6541156450577964	0.7087217031926427	0.7641524811913045	0.7794920309160035	0.772775610701384	0.7827897370925574	0.7927622038762131	0.7974879819011698	0.7978065736772043	0.7878735708898377	0.7747118935437505	0.7543975306217394	0.7194150400174867	0.6720795488057867	0.6254351056012931	0.5656414360519524	0.505638917028772	0.4410984728733117	0.3710904081677344	0.28848898250850663	0.2141480596591898	0.14359589156879507	0.08881735551739788	0.05393296445056729	0.03252265846265264	0.021704626993962868	0.027246520086345902	0.0663256828564927	0.04586642213585803	0.012456155410378783	0.0050470088529438895	0.005775006808249886	0.009136422919396802	0.014774008292775392	0.019259294333361064	0.02329042119016165	0.027457185488865693	0.028565057571644126	0.027392876481619578	0.02476020056740995	0.02161724595798108
CC620918	p5	0.16170406787800579	0.30844132274144426	0.3398488604986111	0.1297483800214183	0.07776022722208027	0.057493452298799576	0.05872137882503596	0.0803402513800901	0.04240725350243147	0.023465714606151263	0.0339573829652764	0.02182811042999034	0.020064514571859433	0.034775278004397565	0.06663259409500426	0.11777808657028103	0.18428788271386617	0.26047648717897615	0.33499598796890573	0.38236668506631233	0.40201556868111354	0.41897166717199946	0.4428045658084387	0.4571043774215816	0.4751698884372992	0.511148773353164	0.5426193666546073	0.5772017645759611	0.6202556480835717	0.6678588215999338	0.705023315280951	0.7552647711344693	0.7872642015781341	0.8121026578355303	0.8310740273757341	0.8565823921350105	0.8834783889371738	0.9088395182933343	0.9001704999015704	0.917002967180575	0.908044686222651	0.9075799322378911	0.9062074246838491	0.9013764197259965	0.8949842739828774	0.8779393647394322	0.8456877811389643	0.8054791579776894	0.7621766906760455	0.7214453766346979	0.6655818646712567	0.595149086276478	0.5211729571362088	0.4358680091537254	0.35272251333062193	0.27761441653811747	0.20781751160203643	0.14992811061102293	0.0988328594502271	0.060177377747320626	0.0362103449852045	0.021744050051922318	0.012828132533083979	0.008030944518298062	0.005872748606214721	0.005329572259864712	0.006214694361589956	0.007884925664579316	0.010133733446030302	0.013484300565084999	0.01689150767491377	0.022489805567886954	0.03129208898108697	0.03837962089822381	0.040189998513886244	0.03477496337136379	0.02765306923874744
CC620967	p2	0.003767341102535076	0.004059123227377419	0.005160527033149431	0.016667693957590712	0.07900351226023768	0.17405832449863518	0.0965252845989206	0.03883350303322824	0.04448449411148755	0.09848359434588569	0.21871343369803392	0.47527042189739144	1.0551842943986378	2.064577270672534	2.619919539987545	2.0698813934427984	1.2815036318533406	0.8010825597176512	0.592381679033092	0.5056667196817136	0.4910221607068743	0.5161671268917624	0.5627161079203338	0.5964219073697262	0.5932106605766558	0.6028144685577896	0.618648261062618	0.6244471234916664	0.6409520140803883	0.6913627587742812	0.7932130669859385	0.9287959885438528	0.9843243483356023	0.9654430414053232	0.9642948684730518	1.0015909663980895	1.038574737950274	1.0615981815216284	1.052993007887197	1.0024255300853457	0.9099209870878651	0.827023293211282	0.7446892165019985	0.6688082279944011	0.6040816000027515	0.5490448798104334	0.4785194509685109	0.42417499082453813	0.3773565442263964	0.31410812963280377	0.2458728712456022	0.17067141583030715	0.11334592428377538	0.07244738869801935	0.04413512723861617	0.02339036643044134	0.012145183758047318	0.006565064537958052	0.0035796675239382087	0.001967854551867296	0.0010866348710546374	0.0005843718151197316	0.00033989418683187406	0.0005129809166551254	0.00370026762792379	0.021251958395104978	0.05910793513275376	0.019720798678704212	0.006740675442443954	0.006192355315806497	0.009423044750932065	0.014021667643522105	0.019041603435443543	0.02211615339027075	0.022561227100392156	0.02119384278676256	0.01765894076792985
CC620967	p5	0.015112001198322567	0.013874084450818546	0.012596849367340436	0.02043475850194041	0.09282832419312882	0.2496686172134068	0.20672677089815086	0.1432297358400635	0.15973805806866864	0.2507109205030659	0.4033052993957358	0.7484418722608078	1.4245459818672623	2.3539606558058805	2.891333045837724	2.620727993625731	1.84147416375121	1.088856995222629	0.6965571008062856	0.5316975586972545	0.49312873180833494	0.5070378714241255	0.5271182492937696	0.5408638714138829	0.5477600804200587	0.5766430652878588	0.6138609704399006	0.6931297331769711	0.7824139988358991	0.8860751770755418	1.0017049938411486	1.1195884743961577	1.1727012835828867	1.1779626458859414	1.1364850179653745	1.1012083822489338	1.0640458702847577	1.0108901558807502	0.9544236182289454	0.8702660546144392	0.7949033966456852	0.719759327958817	0.6493096201099064	0.583889623786322	0.5241733136544855	0.4634525279138256	0.3982802079148963	0.3434677143465681	0.2871223244769444	0.23746252983308153	0.18236049300843954	0.12714229491531426	0.08247065615581617	0.05025366220654301	0.028506861276804487	0.01578318442268198	0.00883209673625252	0.005050514254418932	0.0032373769535699965	0.0025811534151071354	0.0026175598313673385	0.0035025500200244336	0.005306879931162265	0.008473110963344976	0.011491111473471607	0.018557047048657335	0.026653275519751163	0.03232189563502222	0.03925756296822703	0.04304771287819035	0.04317359864998019	0.05036122026082138	0.05990912779820285	0.06529226179277323	0.06328021487844102	0.053060099692287054	0.042697375869377996
CC621020	p2	0.0010614037574327604	0.0028421803481605144	0.008483458817083924	0.02602218305589749	0.07087650231869319	0.14474351605298857	0.2796094290969723	0.4969863890245024	0.8132988611294699	1.2354570846952613	1.7993832629611508	2.4018835187089476	2.7944592805403734	2.789478299271892	2.457044373658676	2.02273451067792	1.697092956265242	1.4923059912354149	1.3755300308282576	1.3154303008571662	1.279842630309372	1.2430388284077813	1.2375446830734205	1.2536962384802193	1.2996441300145078	1.3752918614926017	1.4529417194025052	1.5186126588868372	1.559011735539211	1.562643458112983	1.5152119569544127	1.427764064329968	1.330433133793371	1.2422383497889398	1.1573935772203363	1.075458263786471	1.0042397749174639	0.9436680405648212	0.8917124182907942	0.8504470197707499	0.8151351513792799	0.7851606956591873	0.7581184516353696	0.7339690700045476	0.7166568750584823	0.7063714727816811	0.7602423497370424	0.8991629851771226	0.8569648783669975	0.5908785581274039	0.44921545060542206	0.35169164945481207	0.2511037414100434	0.16391324937781754	0.10165411326853739	0.061615409116468976	0.037519459420178564	0.02218557029353477	0.012734394950276963	0.007156394891637693	0.004050045350806802	0.0022499820890346123	0.0011631223352211765	0.0006165281110888668	0.00034244849985689467	0.00024154313330274443	0.00025620906383408653	0.00039667535824408677	0.0007747229132516501	0.0014692941680669535	0.0024958153777807053	0.003970270540020276	0.005530752070865718	0.006585981219085947	0.006576675066421125	0.006755318051732981	0.005639644749726093
CC621020	p5	0.002408317460405396	0.005986658990818261	0.014590879386377197	0.03416129942392235	0.0758292121481035	0.15373538528988	0.2884519991548679	0.4987679665134051	0.7947797817253336	1.16548826520336	1.57194690899469	1.9215514113838188	2.1284721472770434	2.1241696984583003	1.9672935556066558	1.7559608045984156	1.5503057756901812	1.3980689931861852	1.283345400110966	1.215697119178608	1.1724422337551084	1.128483454223016	1.0960079444380322	1.083339002639775	1.078055867036718	1.0789627314901744	1.077787725502467	1.0647566648934292	1.0344613527931363	0.9908097566487023	0.932443363031935	0.8617158840471804	0.7832261428105745	0.7134061736564176	0.6494102368426266	0.589352689706856	0.5360480120017114	0.5003169900820291	0.46667245285005965	0.4491887942468693	0.4334355636606395	0.4242709761482811	0.4149285347563157	0.4034673692270756	0.389870475549663	0.3735314410116335	0.35357890002522485	0.33433085324792344	0.2965833166471903	0.23419921693142232	0.17236997842386473	0.12019309481837025	0.08111017699286352	0.05189494468488684	0.03172055920909865	0.018608341332642817	0.010458501982909606	0.005799574180301001	0.003164523462886671	0.0017306653985101532	0.0009552278495507234	0.0005181650819754331	0.00030148173031293267	0.00022266427964110166	0.0002622508295403	0.0004617913761328281	0.0009296584707867368	0.00197811073217234	0.0037427123306160706	0.006742231259357636	0.011354691496932306	0.01760101701639662	0.02736915013952203	0.03399407912497745	0.03481239580144722	0.031362924547803636	0.02686660919732924
CC621199	p2	0.0008635083132951414	0.006747262985655789	0.05855980004602081	0.30375307993392064	0.4857575067065412	0.23703494945899217	0.15716059331142676	0.2506309275899144	0.45442929250267045	0.7746523928564801	1.1962445862279816	1.6609950882677387	2.073691830487161	2.321353025716954	2.3626850439669127	2.2302883578324777	2.014969042429376	1.8182404387238122	1.6313112324420598	1.4949323690978775	1.4138991385257265	1.3649417247339333	1.3256345095407251	1.3068483098495747	1.313308993042195	1.3361797125883406	1.3651930925489342	1.3915037353598185	1.4245607798617264	1.4558830654122508	1.4907145130008084	1.5140634398479942	1.515463554312184	1.5020108514193624	1.4492670471047493	1.359774017259565	1.2725742628502512	1.1829765969139394	1.105053470214596	1.0382914480820327	0.9937365342038325	0.9541568457308914	0.922033196120591	0.8939646061973777	0.866175153955702	0.8388083514248947	0.8001834851894661	0.767942047741707	0.7203450315033905	0.674237953457235	0.6120576959884992	0.5574017627288141	0.48566728484490124	0.3923725514125773	0.29726127782395445	0.21360810925834894	0.1416292764944113	0.0878567942402535	0.05211678728106127	0.02911711870053666	0.015907685109274133	0.008378914271008033	0.004366652068947681	0.0023154027240201054	0.0011975789035221158	0.0006346148546917852	0.0003706117283672357	0.000348430450881202	0.000566337233663273	0.0012065682315927312	0.002290764436937219	0.004149616233464137	0.006866151336052664	0.00933779599510025	0.010723158609484508	0.010096255486030294	0.007934334360450268
CC621199	p5	0.0010392325415313666	0.004493077892824931	0.02681677699075524	0.12142568071520608	0.18600993178194253	0.16864283029212176	0.2522430223242942	0.42028217603914275	0.6722087311795227	1.0207942346811567	1.4386950756545225	1.8624304583168874	2.1677010812988056	2.245637489439568	2.160948412614382	1.9787759833083678	1.693650763582021	1.4311198119258914	1.2787662044960413	1.2136502273088738	1.1887623216152348	1.1798528519767817	1.1713832374919992	1.1722968822527846	1.1992155268695417	1.2371351024025072	1.2727115058992013	1.3028001288951134	1.3091943155124457	1.303512769951957	1.2776409348760491	1.2398743474014613	1.182375721132114	1.1004422778694491	1.0207358283675014	0.9425325305654589	0.8725368168272456	0.8293650119664221	0.793418584368477	0.775717345230212	0.7672348063750946	0.7682597337354637	0.7685619151582082	0.7607765591169028	0.7385269830885308	0.7109922614913053	0.6646404865955766	0.6160850552976298	0.5559775727208621	0.49346868147049616	0.42467541320128666	0.3434984286941536	0.26433061705404953	0.19456592798675662	0.13651856863647677	0.0930907795437491	0.0610941324409149	0.03848891502913977	0.023492074342449425	0.014037706858798814	0.008123025804675874	0.00455833525198175	0.002565516083405079	0.0014115119198207225	0.0007463402767357639	0.00040340911129082933	0.00023753075016767948	0.00020647786173589027	0.0003172133681737526	0.0006246052780853514	0.001186710409091676	0.0020826055181811616	0.0034540555086826786	0.004736662705272825	0.005759688600167363	0.00551432222651786	0.0048247993935254885
CC621283	p2	5.909947228413196e-05	0.00012384249717975362	0.00024390565586011146	0.00048520224122962255	0.0009445067456494475	0.0017925257396719508	0.00367643586000873	0.008362710276753475	0.02110656730044161	0.057724522801459434	0.15319903493974987	0.3685956279107239	0.7261815362792269	1.0574031241403852	1.1462742217702055	0.9837416599627561	0.7802842068437519	0.7126222698895153	0.7483905853541482	0.8409838099129275	0.9635814544284114	1.0841996118861104	1.2037823073742204	1.2558015026444316	1.2796737659456683	1.2864567476503415	1.2627666548151992	1.2551470127015123	1.2347511744254254	1.2213838985991146	1.20246947831347	1.1886933374885407	1.190377539220687	1.1881490247174975	1.1856010224792475	1.188449702748076	1.1922165499774096	1.2011501585054352	1.2163106077656878	1.1902780287477002	1.1681139871417567	1.1760850516684416	1.1895851816770937	1.20019554258023	1.2080025530189895	1.1971586042054245	1.170302771322129	1.121865415050544	1.0707336993744216	1.0115339072629554	0.9512971954156353	0.8741811612982673	0.7650934633831158	0.6544524789637288	0.5348894453870652	0.4131625621103076	0.30905627431577143	0.21037266251390305	0.12547436592490585	0.07105136321672494	0.03805264455900803	0.01923170914239665	0.009506701136592228	0.0046924746756529245	0.0023651400341086048	0.001595490794384687	0.0025652963530142956	0.001250804254358327	0.0006999087922720042	0.0009213156908032502	0.001736665026653189	0.003618210323142291	0.007169214124675992	0.012179384149335422	0.01568994213678899	0.013651279670939688	0.00969398078712962
CC621283	p5	0.0008180776714591364	0.0021654155460046833	0.00740140587752984	0.01643490641784561	0.02041721716783076	0.01069514563664312	0.008989965590237932	0.01878563861740982	0.04519429113961169	0.11331875170217927	0.2850571706489141	0.6407453642576738	1.1235910798565443	1.379945908364272	1.397034001515192	1.2781371373283437	1.0400263472784352	0.8896686493227918	0.8727454469116669	0.936504899266517	1.0214828625247223	1.0757134084720026	1.1205952989009735	1.1915454939022123	1.2498966657690007	1.2787422488300613	1.2948402568680422	1.2986312523510397	1.2969334622603474	1.2884665757953144	1.2757880176203389	1.2495321079193253	1.211510269395302	1.1903013659249189	1.1622369872750464	1.141096696218874	1.1328036499881509	1.1185078081411448	1.1194180631589608	1.1165463649742922	1.0989389648159273	1.0902692598406472	1.0804195475134097	1.0657529712268847	1.0445641300152526	1.014658233842851	0.961407606180844	0.9150688687188884	0.8487400706466326	0.7791494260242686	0.7128396311664092	0.6354909272844254	0.54400897610932	0.45271674600488243	0.35822380174628604	0.2623838321028489	0.17807583273531952	0.1145921706847286	0.06921015873798282	0.03920094885219419	0.02101192959667198	0.011190776113722514	0.005671091540211837	0.0028653517553149837	0.001426594092618867	0.0007385008599527132	0.0004485305028771936	0.0004281546915455714	0.0006924331027418487	0.0017106585726304002	0.003881016642584344	0.006375835844263118	0.008746485549724112	0.011073026380127504	0.012551136792259715	0.011073506287588067	0.00842640185358044
CC710088	p2	0.0006640240716751202	0.0013951390738160246	0.00298355472195732	0.006296853954957376	0.013272762595314841	0.02673929653956761	0.05388875292103362	0.10796041459411143	0.20282881063048783	0.3342498441089975	0.5097720846102534	0.7192733454114821	0.9526442952388304	1.2133374994045345	1.5128047340166124	1.86263856252199	2.2166053323875103	2.4095975582304714	2.3953023831117646	2.2515710896248717	2.0977827008669	1.996569909161422	1.9563078027357248	1.9762614687815971	2.0017826504313634	2.001630069924914	1.972396836229601	1.9157061907702946	1.8592719889680138	1.8128560033124759	1.7741709487264987	1.7403524493843945	1.6973663277641848	1.647713923580333	1.5979677691768923	1.5490526643190188	1.5039108417488087	1.4531915010724956	1.3911936778249026	1.3223477479669463	1.245032324527103	1.1653410364751666	1.0885692049376638	1.0192960675358422	0.9607640478427723	0.9214119653686565	0.9019058478920746	0.8810428794310815	0.7994916550000495	0.6958814459135343	0.6098945041336022	0.5400190083850591	0.4846601174928783	0.4052058879963631	0.2808805686298742	0.18674072509504402	0.1203483198123507	0.07458496599794594	0.04344090276073505	0.024773781574477276	0.014165895743199543	0.007804959367036257	0.0042553784312778205	0.002297160918913062	0.0011833214673405282	0.00059644279766187	0.00030345707672159417	0.00014720992502736745	8.320361074896621e-05	0.00019829722361476885	0.0009523181998761372	0.0017744577853377843	0.001204337862970251	0.0012202788550878573	0.0027113514601680264	0.0026333537388481226	0.0009444920451189676
CC710088	p5	0.0006534797922438346	0.0014010302128184796	0.0029997572788078236	0.006452999427767859	0.013493850236030629	0.028096330983280928	0.05471937628525829	0.10218659695195786	0.17731533820998818	0.2891177271579756	0.4540109015416934	0.6725903845750438	0.9479581911436422	1.2579597715614135	1.5881505150214636	1.8855069581513575	2.098641711927264	2.175941501928144	2.1292284781639106	2.024750565783292	1.9202305690856465	1.8459666046192433	1.7884364648519713	1.7299960818961124	1.6681395658756202	1.5961618523239118	1.5287790019087568	1.470286931337487	1.4113972902962566	1.3479821399342382	1.2882040567852584	1.2409506285369694	1.1951746684838487	1.1453234316225647	1.10910871593823	1.070797818031039	1.0319335230618374	0.9859851856019919	0.946008110289976	0.9010697076769798	0.8538419216148377	0.8104083278000282	0.7708722612123325	0.7330279937734692	0.6941485640874865	0.6524962289994641	0.6081671487887147	0.562604080622153	0.5160037306344137	0.46149100164007034	0.4050744248829407	0.3359009549061294	0.26237346880661605	0.18819211612934145	0.12238394137452936	0.07518889888817436	0.04378053934984476	0.024505329873014604	0.013928823803413494	0.007737074221026538	0.004156811499497746	0.002209557616098697	0.0011427945579754709	0.0005852851604861663	0.000304269414486072	0.00016935085079341515	0.0001331333387940984	0.00021245482953692363	0.00047901621976738216	0.0011998314243965244	0.00277210978112545	0.006445177160281536	0.013487662941075604	0.023674283204776683	0.026494918248128975	0.020213616580890506	0.01289327283088924
CC720103	p2	0.0010301224419126875	0.002980582767979367	0.008903057943598275	0.02752915249904836	0.08324432436409704	0.20441800543070512	0.37852744926609266	0.5633484296778142	0.806212734803481	1.189252078660948	1.834485326911293	2.574244772329185	2.8398721679354932	2.734052654696996	2.7081486865574025	2.83395234215704	2.7197582291119033	2.2131583429451043	1.6503430713918787	1.29799940198369	1.0982578253173958	1.0015572547386833	0.9694287564395467	0.9712895407986727	0.9924172035619653	1.038690396300888	1.087527745855445	1.1060438554371372	1.103249634876661	1.0844437232924928	1.0451699385969004	0.9951513554677254	0.9481515990599673	0.9105419575686499	0.8884693218835105	0.8471042766130621	0.7886449438094293	0.719491930221881	0.6642438034260041	0.631608041471918	0.6131566597998674	0.6028934575254263	0.5961904908869263	0.5885171365754069	0.5768506362374937	0.5599352076123956	0.5258495656286882	0.4891274890106898	0.44205739395335036	0.38469362585983585	0.332337500179903	0.28181394553329703	0.23207768237067355	0.17799064644436818	0.12571077896790064	0.08556818845979126	0.05700138163225065	0.037149474986442825	0.023489213297602344	0.014267989588361011	0.008592113887781376	0.005024628949420973	0.0028834518883185194	0.0016070387300880081	0.0008893866133856736	0.0005641022281634611	0.0005046900912171217	0.0007540504544113246	0.001455407583063131	0.0030697484870694093	0.006071106547425277	0.009685439739523363	0.014099505545968552	0.019556846633266844	0.022770057553872472	0.021682074447453095	0.01998962785999731
CC720103	p5	0.00453596701137539	0.005758039523609227	0.012541611497334234	0.03730412928227247	0.10250457952164237	0.20758945272430326	0.3760663485782943	0.6246960631837193	0.9757921426227352	1.4501068027642117	2.0680195034854463	2.509509984017194	2.5753630276690895	2.4479800607520508	2.1440893871080946	1.7206703420768532	1.3475562697029912	1.0983358811993522	0.9450693630729843	0.8561775601382882	0.7962872697347376	0.7636586108613393	0.7505226837102479	0.7496353203109203	0.7646154262435256	0.7746830054866125	0.7745632989569582	0.7561126406648842	0.7154476271516119	0.6663307358956179	0.6084545514005892	0.5431224780416366	0.47212608366009734	0.40786007292086984	0.3556710797395593	0.31551168088598697	0.2893050413389026	0.27551730976628497	0.26799676171248277	0.25972567954793796	0.25971706543800305	0.25821682008512736	0.25522865456323773	0.24931753490827416	0.2413890298778477	0.2255720164522996	0.20555391122898903	0.18280210716208617	0.15230953552662999	0.11939638414385768	0.08858513190124213	0.06165814737135644	0.04068918936160464	0.026487695591058055	0.017270133399050466	0.010096866835234631	0.005503967912225475	0.003009318475373043	0.001738970801707508	0.001146280399990399	0.000983278492500833	0.00112531153008694	0.0014815568482437304	0.0020361685361415765	0.0030200787285718385	0.0038355499906971924	0.004733923164629727	0.006464559089990323	0.008492909464736482	0.01022665605055488	0.013195884621254969	0.01788990806337971	0.025765648339872653	0.03352912227928406	0.03644415997100787	0.03225544366730753	0.025877316118190396
CC720718	p2	0.000409908905913024	0.001022025210005926	0.0037118680319919387	0.014528914885819276	0.040733944106657705	0.0631432191293796	0.16770762025911312	0.29302322513432494	0.4533467996958481	0.7307783708826453	1.1722932548662817	1.8235043701119553	2.5221742754374663	3.0003398267308716	2.915135632350467	2.3480438577494125	1.6963381109018545	1.3028809580524796	1.1639086680910968	1.1466517618017864	1.169469829581555	1.2119156386741003	1.2109473350440294	1.2241339271874254	1.2512563452670118	1.273954888623533	1.3377847272073358	1.4130622399640733	1.4768969426442065	1.5702266883455356	1.6353984898497347	1.691885417422087	1.705290810078097	1.664686936112614	1.6312879443917438	1.5586181870970233	1.486838238709223	1.4339940769525013	1.3626048727724203	1.3143506291422111	1.2614205999130184	1.2224786259666744	1.1871231524254193	1.1510248548366313	1.1087957752185549	1.0584427414009139	0.9974320318109924	0.9306565516041224	0.8522322662298623	0.7801748782916813	0.6990554808110361	0.6139916942166419	0.5239619751235084	0.4393778086910272	0.36368002565381574	0.3027153889502475	0.23898623945992445	0.18562942736886842	0.13500739618628588	0.09442831712201262	0.05968403667608895	0.03442150196812291	0.018717897481715595	0.009716451205318824	0.004874886964443345	0.002461928731538357	0.001383600288734476	0.0013099060038725685	0.001935577724475116	0.0033554232836804612	0.006016430419287606	0.009651768965957175	0.013946233287444598	0.01684578110386467	0.016353050517057547	0.014456505488377448	0.01177506293804266
CC720718	p5	0.0006061357110237016	0.0012506543065911883	0.0025812928950502273	0.005502135976724079	0.011705720349939407	0.025038568655318425	0.05706180861607598	0.12191561741510935	0.24850107076619757	0.48952123349955057	0.933964129779114	1.59980796625616	2.1290018072942924	2.469902903641482	2.47872741525035	2.1287359352601163	1.7252993977466247	1.4252775259108896	1.2685020373120566	1.2206798397216545	1.2409138303320062	1.2480871996825122	1.2650270125974252	1.2883920416409187	1.325174629970849	1.3611217468457342	1.399808253397778	1.4418812812017274	1.4819003103656918	1.5049782298066225	1.5385830819376747	1.560444519023966	1.5550110891874673	1.5393517861518995	1.5242758163787171	1.4819869263057006	1.4399478168131947	1.385492786978616	1.3260937171768918	1.2490402325892995	1.172861498369613	1.1016654610801349	1.034730711550499	0.9695686121035233	0.9025748945311447	0.8183261506272415	0.7420089373783099	0.6615006871412316	0.5893847896056965	0.5140206084815657	0.43780498177359717	0.36552703197042574	0.2977387309742809	0.23301333588735063	0.1688263691605449	0.11559551062238681	0.07540164345566437	0.04689342368468805	0.02977487374772915	0.01761593577240939	0.009803683152324548	0.0050910825868099325	0.0026549570646378865	0.0013614851640667935	0.0006932624354694496	0.00035285393602105605	0.00021465126622570197	0.00024299131308315979	0.0004954618759030012	0.0011639052256963442	0.002622672466473491	0.005840653193258587	0.011416224537893566	0.0170825057213009	0.018677710114565666	0.013382100185291318	0.008759635162759493
